ESTADO;CÓDIGO;CONCATENADO2;DESC. COMPONENTE;CLASSE;GRUPO;QUANTIDADE;FORNECEDOR;CUSTO TOTAL (ATUAL);MÊS;ANO;MÊS/ANO;;
PR;2701070006;PR2701070006;ACESSULFAME DE POTASSIO;EDULCORANTE;XAROPARIA;200;DAXIA;5706;MAR;2024;03/2024;;
PR;2701070006;PR2701070006;ACESSULFAME DE POTASSIO;EDULCORANTE;XAROPARIA;225;GERAL;6419,25;ABR;2024;04/2024;;
MS;2701070006;MS2701070006;ACESSULFAME DE POTASSIO;EDULCORANTE;XAROPARIA;175;GERAL;4992,75;ABR;2024;04/2024;;
MS;2701090002;MS2701090002;ACIDO CITRICO;ACID.E CONSERV.;REF/ENER/ROM/DEL;30000;GERAL;268500;ABR;2024;04/2024;;
MS;2701090003;MS2701090003;ACIDO LACTICO - IBC;CERVEJARIA;OUTROS;0;GERAL;0;MAR;2024;03/2024;;
MS;2701090003;MS2701090003;ACIDO LACTICO - IBC;CERVEJARIA;OUTROS;500;GERAL;5205;MAI;2024;05/2024;;
PA;12038514;PA12038514;ACIDO PERACETICO DIVOSAN FORT;NÃO PRODUTIVO;CIP;0;GERAL;0;ABR;2024;04/2024;;
MS;2701090004;MS2701090004;ACIDO TARTARICO ;ACID.E CONSERV.;NOCH/TON/BEL;100;MCASSAB;3550;MAR;2024;03/2024;;
PR;2801090003;PR2801090003;ACIDO TARTARICO;ACID.E CONSERV.;NOCH/TON/BEL;100;MCASSAB;3550;MAR;2024;03/2024;;
MS;2701080001;MS2701080001;ACUCAR CRISTAL;AÇUCAR;XAROPARIA;0;GERAL;0;MAR;2024;03/2024;;
PR;2701080001;PR2701080001;ACUCAR CRISTAL;AÇUCAR;XAROPARIA;0;GERAL;0;MAR;2024;03/2024;;
MS;2701080001;MS2701080001;ACUCAR CRISTAL;AÇUCAR;XAROPARIA;201600;GERAL;370944;ABR;2024;04/2024;;
PR;2701080001;PR2701080001;ACUCAR CRISTAL;AÇUCAR;XAROPARIA;280800;GERAL;516672;ABR;2024;04/2024;;
PA;10010001;PA10010001;ACUCAR CRISTAL;AÇUCAR;XAROPARIA;200000;GERAL;455584;MAI;2024;05/2024;;
MS;DAT3;MSDAT3;ADITIVO PARA LIMPEZA LINX 1512;NÃO PRODUTIVO;DATADORA;2;GERAL;0;ABR;2024;04/2024;;
MS;DAT3;MSDAT3;ADITIVO PARA LIMPEZA LINX 1512;NÃO PRODUTIVO;DATADORA;2;GERAL;0;MAI;2024;05/2024;;
MS;DAT6;MSDAT6;ADITIVO PARA LIMPEZA VIDEO JET V901Q;NÃO PRODUTIVO;DATADORA;1;GERAL;0;MAI;2024;05/2024;;
MS;DAT6;MSDAT6;ADITIVO PARA LIMPEZA VIDEO JET V901Q;NÃO PRODUTIVO;DATADORA;1;GERAL;0;ABR;2024;04/2024;;
PR;2801170001;PR2801170001;AGUARDENTE DE CANA CACHACA LT;CACHAÇA;TANQUE;0;GERAL;0;JAN;2024;01/2024;;
PR;2801170001;PR2801170001;AGUARDENTE DE CANA CACHACA LT;CACHAÇA;TANQUE;0;GERAL;0;JAN;2024;01/2024;;
PR;2801170001;PR2801170001;AGUARDENTE DE CANA CACHACA LT;CACHAÇA;TANQUE;0;GERAL;0;JAN;2024;01/2024;;
PR;2801170001;PR2801170001;AGUARDENTE DE CANA CACHACA LT;CACHAÇA;TANQUE;15000;GERAL;33900;ABR;2024;04/2024;;
PR;2801170001;PR2801170001;AGUARDENTE DE CANA CACHACA LT;CACHAÇA;TANQUE;15000;GERAL;33900;ABR;2024;04/2024;;
MS;2701210005;MS2701210005;ALGINATO DE PROPILENO GLICOL;CERVEJARIA;OUTROS;200;GERAL;56758,000000000007;MAI;2024;05/2024;;
PR;2801120003;PR2801120003;PREMIX ENERG EMULVIT 8959 - BOMBADÃO SAPORITI -IND;CONCENT./KITs;C.ENERGETICO;153;GERAL;27540;ABR;2024;04/2024;;
PR;2801120003;PR2801120003;PREMIX ENERG EMULVIT 8959 - BOMBADÃO SAPORITI -IND;CONCENT./KITs;C.ENERGETICO;0;GERAL;0;MAR;2024;03/2024;;
PR;2701050037;PR2701050037;AROMA IDENTICO AO NATURAL FRAMBOESA 77587 SAPORITI;AROMA;REFRIGERANTE;0;GERAL;0;FEV;2024;02/2024;;
PR;2701050037;PR2701050037;AROMA IDENTICO AO NATURAL FRAMBOESA 77587 SAPORITI;AROMA;REFRIGERANTE;40;GERAL;2480;ABR;2024;04/2024;;
PR;2701050037;PR2701050037;AROMA IDENTICO AO NATURAL FRAMBOESA 77587 SAPORITI;AROMA;REFRIGERANTE;20;GERAL;1240;JUN;2024;06/2024;;
PR;2801050021;PR2801050021;AROMA IDENTICO AO NATURAL MELANCIA;AROMA;ENERGÉTICO;0;GERAL;0;MAR;2024;03/2024;;
PR;2801050025;PR2801050025;AROMA IDENTICO AO NATURAL MORANGO;AROMA;ENERGÉTICO;0;GERAL;0;FEV;2024;02/2024;;
MS;2701050010;MS2701050010;AROMA DE LARANJA IDENTICO AO NATURAL;AROMA;REFRIGERANTE;15;DUAS RODAS;1128,3;MAI;2024;05/2024;;
PA;10010001;PA10010001;ACUCAR CRISTAL;AÇUCAR;XAROPARIA;300000;GERAL;683376;MAI;2024;05/2024;;
MS;2701050002;MS2701050002;DESTILADO DE ERVAS AROMÁT PARA GIN;AROMA;JAMES COOK;200;GERAL;3840;JUN;2024;06/2024;;
MS;2701050008;MS2701050008;AROMA FRUTAS TROPICAIS;AROMA;ENERGÉTICO;200;GERAL;29914;ABR;2024;04/2024;;
PR;2701050010;PR2701050010;AROMA DE LARANJA IDENTICO AO NATURAL;AROMA;REFRIGERANTE;0;DUAS RODAS;0;MAR;2024;03/2024;;
PR;2701130007;PR2701130007;AROMA EXTRATO GUARANA REFRIKO 28;AROMA;REFRIGERANTE;800;GERAL;26239,999999999996;JUL;2024;07/2024;;
PR;2801050006;PR2801050006;AROMA FRUTAS TROPICAIS;AROMA;ENERGÉTICO;100;GERAL;14957;ABR;2024;04/2024;;
MS;2701050015;MS2701050015;AROMA IDENTICO AO NATURAL MARACUJA;AROMA;NOCH DEMAIS;0;GERAL;0;FEV;2024;02/2024;;
MS;2701050017;MS2701050017;AROMA IDENTICO AO NATURAL MELANCIA;AROMA;ENERGÉTICO;400;DUAS RODAS;14868;MAR;2024;03/2024;;
MS;2701050021;MS2701050021;AROMA IDENTICO AO NATURAL MORANGO;AROMA;ENERGÉTICO;350;DUAS RODAS;26558;MAR;2024;03/2024;;
PR;2801050019;PR2801050019;AROMA IDENTICO AO NATURAL MARACUJA;AROMA;NOCH DEMAIS;50;GERAL;2710,5;ABR;2024;04/2024;;
MS;2701050011;MS2701050011;AROMA LIMAO REFRIKO 41;AROMA;REFRIGERANTE;0;GERAL;0;MAR;2024;03/2024;;
PR;2801050019;PR2801050019;AROMA IDENTICO AO NATURAL MARACUJA;AROMA;NOCH DEMAIS;100;GERAL;5421;MAI;2024;05/2024;;
PR;2801050021;PR2801050021;AROMA IDENTICO AO NATURAL MELANCIA;AROMA;ENERGÉTICO;150;GERAL;5575,5;JUN;2024;06/2024;;
PR;2801050013;PR2801050013;AROMA IN LIMAO SICILIANO;AROMA;ENERGÉTICO;0;GERAL;0;MAR;2024;03/2024;;
PR;2701050011;PR2701050011;AROMA LIMAO REFRIKO 41;AROMA;REFRIGERANTE;0;GERAL;0;MAR;2024;03/2024;;
MS;2701050013;MS2701050013;AROMA MAÇA VERDE COD;AROMA;ENERGÉTICO;204;GERAL;9475,8000000000011;ABR;2024;04/2024;;
MS;2701050013;MS2701050013;AROMA MAÇA VERDE COD;AROMA;ENERGÉTICO;0;GERAL;0;FEV;2024;02/2024;;
MS;2701050019;MS2701050019;AROMA MELAO ;AROMA;ENERGÉTICO;0;GERAL;0;FEV;2024;02/2024;;
PR;2701050011;PR2701050011;AROMA LIMAO REFRIKO 41;AROMA;REFRIGERANTE;300;GERAL;14400;MAI;2024;05/2024;;
PR;2701050011;PR2701050011;AROMA LIMAO REFRIKO 41;AROMA;REFRIGERANTE;200;GERAL;9600;JUN;2024;06/2024;;
MS;2701050019;MS2701050019;AROMA MELAO ;AROMA;ENERGÉTICO;306;GERAL;18044,82;ABR;2024;04/2024;;
MS;2701050019;MS2701050019;AROMA MELAO ;AROMA;ENERGÉTICO;300;GERAL;17691;MAI;2024;05/2024;;
PR;2801050015;PR2801050015;AROMA MAÇA VERDE COD;AROMA;ENERGÉTICO;0;GERAL;0;FEV;2024;02/2024;;
MS;2701050012;MS2701050012;AROMA NATURAL DE LIMAO VERDE;AROMA;DELIRIO;0;GERAL;0;MAR;2024;03/2024;;
MS;2701050001;MS2701050001;AROMA NATURAL MOUTHFEEL FASV259 ADM;AROMA;REFRIGERANTE;0;GERAL;0;FEV;2024;02/2024;;
MS;2701050028;MS2701050028;AROMA NATURAL PARA VODKA ;AROMA;VODKA;200;DUAS RODAS;5176;MAR;2024;03/2024;;
MS;2701050028;MS2701050028;AROMA NATURAL PARA VODKA ;AROMA;VODKA;400;GERAL;10352;MAI;2024;05/2024;;
MS;2701050027;MS2701050027;AROMA UVA REFRIKO 84;AROMA;REFRIGERANTE;0;GERAL;0;MAR;2024;03/2024;;
PR;2801050015;PR2801050015;AROMA MAÇA VERDE COD;AROMA;ENERGÉTICO;102;GERAL;4737,9000000000005;ABR;2024;04/2024;;
PR;2801050023;PR2801050023;AROMA MELAO;AROMA;ENERGÉTICO;102;GERAL;6014,94;ABR;2024;04/2024;;
PR;2801050023;PR2801050023;AROMA MELAO;AROMA;ENERGÉTICO;100;GERAL;5897;MAI;2024;05/2024;;
MS;2701070005;MS2701070005;ASPARTAME;EDULCORANTE;XAROPARIA;0;GERAL;0;FEV;2024;02/2024;;
PR;2801050004;PR2801050004;AROMA NATURA DE CITRUS RB 25395;AROMA;ENERGÉTICO;0;GERAL;0;MAR;2024;03/2024;;
PA;10020001;PA10020001;AROMA DE LARANJA IDENTICO AO NATURAL;AROMA;REFRIGERANTE;15;GERAL;1164,8999999999999;MAI;2024;05/2024;;
MS;CIP3;MSCIP3;B - 160 (CIP ENCHEDORA PET);NÃO PRODUTIVO;CIP;50;GERAL;0;MAI;2024;05/2024;;
PA;10010001;PA10010001;ACUCAR CRISTAL;AÇUCAR;XAROPARIA;200000;GERAL;455584;JUN;2024;06/2024;;
MS;2701100002;MS2701100002;BENZOATO DE SODIO;ACID.E CONSERV.;REF/ENER/NOCH/TON;1000;DAXIA;12100;MAR;2024;03/2024;;
PR;2801130003;PR2801130003;AROMA QUININO;AROMA;MALDIVES;10;GERAL;15960;JUN;2024;06/2024;;
PR;2701050027;PR2701050027;AROMA UVA REFRIKO 84;AROMA;REFRIGERANTE;0;GERAL;0;MAR;2024;03/2024;;
MS;2701240002;MS2701240002;CANTONEIRA DE PAPELAO 110x110x1580;CANTONEIRA;CANTONEIRA;2000;RM BUENO;3240;MAR;2024;03/2024;;
MS;2701240004;MS2701240004;CHAPA SEM IMPRESSAO 1000X1200 (NOVA);SEPARADOR DE CAMADAS;CHAPA;0;GERAL;0;MAR;2024;03/2024;;
PR;2701050027;PR2701050027;AROMA UVA REFRIKO 84;AROMA;REFRIGERANTE;500;GERAL;14000;ABR;2024;04/2024;;
PR;2701050027;PR2701050027;AROMA UVA REFRIKO 84;AROMA;REFRIGERANTE;300;GERAL;8400;MAI;2024;05/2024;;
PR;2701050027;PR2701050027;AROMA UVA REFRIKO 84;AROMA;REFRIGERANTE;250;GERAL;7000;JUN;2024;06/2024;;
PR;2701070005;PR2701070005;ASPARTAME;EDULCORANTE;XAROPARIA;0;GERAL;0;MAR;2024;03/2024;;
MS;2701070004;MS2701070004;CICLAMATO DE SÓDIO ;EDULCORANTE;XAROPARIA;100;GERAL;1418;MAI;2024;05/2024;;
PA;10090100;PA10090100;ASPARTAME;EDULCORANTE;XAROPARIA;600;GERAL;42234;MAI;2024;05/2024;;
MS;2701090006;MS2701090006;CITRATO DE SODIO;ACID.E CONSERV.;ENERG/DELIRIO;0;GERAL;0;ABR;2024;04/2024;;
PR;2701070005;PR2701070005;ASPARTAME;EDULCORANTE;XAROPARIA;75;GERAL;4594,5;JUL;2024;07/2024;;
PR;2701100002;PR2701100002;BENZOATO DE SODIO;ACID.E CONSERV.;REF/ENER/NOCH/TON;0;GERAL;0;FEV;2024;02/2024;;
PR;2701100002;PR2701100002;BENZOATO DE SODIO;ACID.E CONSERV.;REF/ENER/NOCH/TON;1500;BBCA;18150;MAR;2024;03/2024;;
MS;2701210003;MS2701210003;CLEAR MAX PVPP;CERVEJARIA;OUTROS;0;GERAL;0;MAR;2024;03/2024;;
MS;2701210003;MS2701210003;CLEAR MAX PVPP;CERVEJARIA;OUTROS;1000;GERAL;138350;MAI;2024;05/2024;;
MS;2701250001;MS2701250001;CLORETO DE CALCIO - IBC;CERVEJARIA;OUTROS;0;GERAL;0;MAR;2024;03/2024;;
MS;2701250001;MS2701250001;CLORETO DE CALCIO - IBC;CERVEJARIA;OUTROS;400;GERAL;1628;MAI;2024;05/2024;;
SP;CIP2;SPCIP2;CLORO GRANULADO;NÃO PRODUTIVO;CIP;0;GERAL;0;ABR;2024;04/2024;;
PR;2701100002;PR2701100002;BENZOATO DE SODIO;ACID.E CONSERV.;REF/ENER/NOCH/TON;1500;GERAL;18150;JUN;2024;06/2024;;
PR;2701070004;PR2701070004;CICLAMATO DE SÓDIO ;EDULCORANTE;XAROPARIA;0;GERAL;0;FEV;2024;02/2024;;
PR;2701070004;PR2701070004;CICLAMATO DE SÓDIO ;EDULCORANTE;XAROPARIA;0;GERAL;0;MAR;2024;03/2024;;
PR;2701070004;PR2701070004;CICLAMATO DE SÓDIO ;EDULCORANTE;XAROPARIA;200;GERAL;2836;ABR;2024;04/2024;;
PR;2701070004;PR2701070004;CICLAMATO DE SÓDIO ;EDULCORANTE;XAROPARIA;200;GERAL;2836;MAI;2024;05/2024;;
PR;2701070004;PR2701070004;CICLAMATO DE SÓDIO ;EDULCORANTE;XAROPARIA;150;GERAL;2127;JUN;2024;06/2024;;
MS;2701050040;MS2701050040;CONCENTRADO BEBIDAS ENERGETICA;AROMA;KIT ENERGÉTICO;69,63788301;ADM;144629,94428969361;ABR;2024;04/2024;;
MS;2701050040;MS2701050040;CONCENTRADO BEBIDAS ENERGETICA;AROMA;KIT ENERGÉTICO;104,4568245;GERAL;216944,91643454038;JUN;2024;06/2024;;
PR;2801090005;PR2801090005;CITRATO DE SODIO;ACID.E CONSERV.;ENERG/DELIRIO;300;DAXIA;2484;MAR;2024;03/2024;;
PR;2801090005;PR2801090005;CITRATO DE SODIO;ACID.E CONSERV.;ENERG/DELIRIO;0;GERAL;0;FEV;2024;02/2024;;
MS;2701050022;MS2701050022;CONCENTRADO DE GUARANA IAB 7205;AROMA;REFRIGERANTE;0;GERAL;0;MAR;2024;03/2024;;
MS;2701050022;MS2701050022;CONCENTRADO DE GUARANA IAB 7205;AROMA;REFRIGERANTE;1000;GERAL;25870;MAI;2024;05/2024;;
PR;2801090005;PR2801090005;CITRATO DE SODIO;ACID.E CONSERV.;ENERG/DELIRIO;3000;GERAL;24839,999999999996;ABR;2024;04/2024;;
PR;2801050014;PR2801050014;AROMA CLOUDING LEMON IN;AROMA;NOCH LEMON;0;GERAL;0;FEV;2024;02/2024;;
PR;2801050014;PR2801050014;AROMA CLOUDING LEMON IN;AROMA;NOCH LEMON;200;SYMRISE;20628,399999999998;ABR;2024;04/2024;;
PR;2801050014;PR2801050014;AROMA CLOUDING LEMON IN;AROMA;NOCH LEMON;200;GERAL;20628,399999999998;MAI;2024;05/2024;;
PA;10100012;PA10100012;BENZOATO DE SODIO;ACID.E CONSERV.;REF/ENER/NOCH/TON;1500;GERAL;15528;MAI;2024;05/2024;;
MS;2701010052;MS2701010052;CONTRA ROTULO BAMBOA 330ML (ARTE NOVA);ROTULO;ADESIVO;300;GERAL;16,832999999999998;ABR;2024;04/2024;;
MS;2701060007;MS2701060007;CORANTE CARAMELO CLASE IV DPC;CORANTE;REFRIGERANTE;0;GERAL;0;MAR;2024;03/2024;;
MS;2701060007;MS2701060007;CORANTE CARAMELO CLASE IV DPC;CORANTE;REFRIGERANTE;0;GERAL;0;FEV;2024;02/2024;;
MS;2701060007;MS2701060007;CORANTE CARAMELO CLASE IV DPC;CORANTE;REFRIGERANTE;200;GERAL;1500;MAI;2024;05/2024;;
PR;2801050014;PR2801050014;AROMA CLOUDING LEMON IN;AROMA;NOCH LEMON;200;GERAL;20628,399999999998;AGO;2024;08/2024;;
PR;2801050007;PR2801050007;CONCENTRADO B. ENERGETICA AÇAI;AROMA;KIT ENERGÉTICO;9,931856899;GERAL;22226,293986371376;MAR;2024;03/2024;;
MS;2701060003;MS2701060003;CORANTE TARTRAZINA;CORANTE;ENERGÉTICO;0;GERAL;0;MAR;2024;03/2024;;
MS;2701060003;MS2701060003;CORANTE TARTRAZINA;CORANTE;ENERGÉTICO;5;GERAL;245;MAI;2024;05/2024;;
PR;2801050007;PR2801050007;CONCENTRADO B. ENERGETICA AÇAI;AROMA;KIT ENERGÉTICO;9,982964225;GERAL;22340,665996592845;MAI;2024;05/2024;;
PR;2801050003;PR2801050003;CONCENTRADO BEBIDAS ENERGETICA;AROMA;KIT ENERGÉTICO;174,0947075;GERAL;355983,00835654599;MAR;2024;03/2024;;
MS;2701060002;MS2701060002;CORANTE VERMELHO 3167;CORANTE;REFRIGERANTE;0;GERAL;0;MAR;2024;03/2024;;
PR;2801050003;PR2801050003;CONCENTRADO BEBIDAS ENERGETICA;AROMA;KIT ENERGÉTICO;174,0947075;GERAL;355983,00835654599;ABR;2024;04/2024;;
PR;2701050022;PR2701050022;CONCENTRADO DE GUARANA IAB 7205;AROMA;REFRIGERANTE;0;GERAL;0;ABR;2024;04/2024;;
MS;2701160012;MS2701160012;CX 12X300ML - TUBAINA;CAIXA;TUBAINA;10000;JAUENSE;16900;ABR;2024;04/2024;;
MS;2701160012;MS2701160012;CX 12X300ML - TUBAINA;CAIXA;TUBAINA;0;GERAL;0;FEV;2024;02/2024;;
MS;2701160012;MS2701160012;CX 12X300ML - TUBAINA;CAIXA;TUBAINA;10000;GERAL;16900;MAI;2024;05/2024;;
MS;2701160011;MS2701160011;CX ONE WAY BAMBOA 12X330ML;CAIXA;CERVEJA;0;GERAL;0;MAR;2024;03/2024;;
MS;2701160005;MS2701160005;CX ONE WAY MOEMA 6X600ML (MUDAR P/FILME);CAIXA;CERVEJA;0;GERAL;0;FEV;2024;02/2024;;
PR;2701050022;PR2701050022;CONCENTRADO DE GUARANA IAB 7205;AROMA;REFRIGERANTE;5000;GERAL;135850;JUN;2024;06/2024;;
PA;10100024;PA10100024;CICLAMATO DE SÓDIO ;EDULCORANTE;XAROPARIA;300;GERAL;5961;MAI;2024;05/2024;;
PA;10090295;PA10090295;CONCENTRADO COLA IAB 7729 (NOVO);CONCENT./KITs;KIT COLA;2500;GERAL;55975;MAI;2024;05/2024;;
PA;10090295;PA10090295;CONCENTRADO COLA IAB 7729 (NOVO);CONCENT./KITs;KIT COLA;6000;GERAL;134340;MAI;2024;05/2024;;
PA;12038501;PA12038501;DETERGENTE ALCALINO CLORADO DIVOSANT TC 86 DIVERSEY;NÃO PRODUTIVO;CIP;0;GERAL;0;ABR;2024;04/2024;;
MS;2701050020;MS2701050020;EMULSÃO COLA E-0388 ADM (NOVO);EMULSAO;XAROPARIA;300;ADM;115353;MAR;2024;03/2024;;
MS;2701050020;MS2701050020;EMULSÃO COLA E-0388 ADM (NOVO);EMULSAO;XAROPARIA;150;ADM;57676,5;MAI;2024;05/2024;;
PR;2701050022;PR2701050022;CONCENTRADO DE GUARANA IAB 7205;AROMA;REFRIGERANTE;0;GERAL;0;FEV;2024;02/2024;;
PR;2701050022;PR2701050022;CONCENTRADO DE GUARANA IAB 7205;AROMA;REFRIGERANTE;0;GERAL;0;MAR;2024;03/2024;;
MS;2701050018;MS2701050018;EMULSAO LARANJA REFRIKO 98;EMULSAO;XAROPARIA;0;GERAL;0;MAR;2024;03/2024;;
MS;2701050018;MS2701050018;EMULSAO LARANJA REFRIKO 98;EMULSAO;XAROPARIA;350;GERAL;11479,999999999998;MAI;2024;05/2024;;
PR;2701050022;PR2701050022;CONCENTRADO DE GUARANA IAB 7205;AROMA;REFRIGERANTE;5000;GERAL;135850;MAI;2024;05/2024;;
PR;2701060007;PR2701060007;CORANTE CARAMELO CLASE IV DPC;CORANTE;REFRIGERANTE;0;GERAL;0;MAR;2024;03/2024;;
PA;12038500;PA12038500;DETERGENTE DIVERFOAM DG;NÃO PRODUTIVO;CIP;0;GERAL;0;MAI;2024;05/2024;;
PR;2701060007;PR2701060007;CORANTE CARAMELO CLASE IV DPC;CORANTE;REFRIGERANTE;300;GERAL;2250;MAI;2024;05/2024;;
PR;2701060003;PR2701060003;CORANTE TARTRAZINA;CORANTE;ENERGÉTICO;0;GERAL;0;MAR;2024;03/2024;;
PR;2701060003;PR2701060003;CORANTE TARTRAZINA;CORANTE;ENERGÉTICO;5;GERAL;245;MAI;2024;05/2024;;
MS;2701050016;MS2701050016;EMULSAO NEUTRA PARA SUCO;EMULSAO;XAROPARIA;0;GERAL;0;MAR;2024;03/2024;;
MS;2701050016;MS2701050016;EMULSAO NEUTRA PARA SUCO;EMULSAO;XAROPARIA;100;GERAL;5600;MAI;2024;05/2024;;
PR;2701060002;PR2701060002;CORANTE VERMELHO 3167;CORANTE;REFRIGERANTE;0;GERAL;0;FEV;2024;02/2024;;
MS;2701170002;MS2701170002;ETANOL NEUTRO ALCOOL ETILICO POT 96º-IND;ETANOL;TANQUE;0;GERAL;0;MAR;2024;03/2024;;
MS;2701170002;MS2701170002;ETANOL NEUTRO ALCOOL ETILICO POT 96º-IND;ETANOL;TANQUE;0;GERAL;0;JAN;2024;01/2024;;
MS;2701170002;MS2701170002;ETANOL NEUTRO ALCOOL ETILICO POT 96º-IND;ETANOL;TANQUE;45000;GERAL;201330;ABR;2024;04/2024;;
PR;2701060002;PR2701060002;CORANTE VERMELHO 3167;CORANTE;REFRIGERANTE;300;GERAL;5670;MAI;2024;05/2024;;
MS;2701130006;MS2701130006;EXTRATO DE GUARANA 200% DUAS RODAS;AROMA;ENERG./DELÍR.;100;DUAS RODAS;4993;MAR;2024;03/2024;;
PR;CIP5;PRCIP5;D LIMONENO;NÃO PRODUTIVO;CIP;0;GERAL;0;MAR;2024;03/2024;;
MS;2701130007;MS2701130007;AROMA EXTRATO GUARANA REFRIKO 28;AROMA;REFRIGERANTE;0;GERAL;0;MAR;2024;03/2024;;
MS;2701130007;MS2701130007;AROMA EXTRATO GUARANA REFRIKO 28;AROMA;REFRIGERANTE;300;GERAL;9840;JUL;2024;07/2024;;
PR;2701050020;PR2701050020;EMULSÃO COLA E-0388 ADM (NOVO) (usar no 500 ml);EMULSAO;XAROPARIA;160;ADM;61521,599999999999;JUN;2024;06/2024;;
PR;2701050020;PR2701050020;EMULSÃO COLA E-0388 ADM (NOVO) (usar no 500 ml);EMULSAO;XAROPARIA;0;ADM;0;MAR;2024;03/2024;;
PR;2701050020;PR2701050020;EMULSÃO COLA E-0388 ADM (NOVO) (usar no 500 ml);EMULSAO;XAROPARIA;350;ADM;134578,5;MAI;2024;05/2024;;
MS;2701040015;MS2701040015;FILME TERMOENCOLHIVEL LISO 380X0,06MM;FILME;VIDRO;500;GERAL;10500;MAR;2024;03/2024;;
MS;2701040009;MS2701040009;FILME STRETCH POLIETILENO 500X0023;FILME;STRETCH;1500;LORD;34275;MAR;2024;03/2024;;
MS;2701040009;MS2701040009;FILME STRETCH POLIETILENO 500X0023;FILME;STRETCH;0;GERAL;0;MAR;2024;03/2024;;
MS;2701040009;MS2701040009;FILME STRETCH POLIETILENO 500X0023;FILME;STRETCH;1500;GERAL;34275;MAR;2024;03/2024;;
MS;2701040009;MS2701040009;FILME STRETCH POLIETILENO 500X0023;FILME;STRETCH;1500;GERAL;34275;ABR;2024;04/2024;;
MS;2701040009;MS2701040009;FILME STRETCH POLIETILENO 500X0023;FILME;STRETCH;1500;GERAL;34275;ABR;2024;04/2024;;
MS;2701040009;MS2701040009;FILME STRETCH POLIETILENO 500X0023;FILME;STRETCH;0;GERAL;0;FEV;2024;02/2024;;
PR;2701050018;PR2701050018;EMULSAO LARANJA REFRIKO 98;EMULSAO;XAROPARIA;0;GERAL;0;MAR;2024;03/2024;;
PR;2701050018;PR2701050018;EMULSAO LARANJA REFRIKO 98;EMULSAO;XAROPARIA;350;GERAL;11479,999999999998;MAI;2024;05/2024;;
PR;2701050016;PR2701050016;EMULSAO NEUTRA PARA SUCO;EMULSAO;XAROPARIA;0;GERAL;0;FEV;2024;02/2024;;
SP;2801040014;SP2801040014;FILME STRETCH POLIETILENO 500X0023;FILME;STRETCH;0;GERAL;0;FEV;2024;02/2024;;
SP;2801040014;SP2801040014;FILME STRETCH POLIETILENO 500X0023;FILME;STRETCH;0;GERAL;0;MAR;2024;03/2024;;
SP;2801040014;SP2801040014;FILME STRETCH POLIETILENO 500X0023;FILME;STRETCH;1000;GERAL;22850;ABR;2024;04/2024;;
PR;2701050016;PR2701050016;EMULSAO NEUTRA PARA SUCO;EMULSAO;XAROPARIA;0;GERAL;0;MAR;2024;03/2024;;
PR;2701050016;PR2701050016;EMULSAO NEUTRA PARA SUCO;EMULSAO;XAROPARIA;150;GERAL;8400;MAI;2024;05/2024;;
PR;2801050038;PR2801050038;EMULSAO SABOR CITRUS;EMULSAO;XAROPARIA;0;GERAL;0;MAR;2024;03/2024;;
PR;2701170002;PR2701170002;ETANOL NEUTRO ALCOOL ETILICO POT 96º-IND;ETANOL;TANQUE;0;GERAL;0;FEV;2024;02/2024;;
PR;2701130006;PR2701130006;EXTRATO DE GUARANA 200% DUAS RODAS;AROMA;ENERG./DELÍR.;0;DUAS RODAS;0;MAR;2024;03/2024;;
PR;2701130007;PR2701130007;AROMA EXTRATO GUARANA REFRIKO 28;AROMA;REFRIGERANTE;0;GERAL;0;FEV;2024;02/2024;;
PR;2701130007;PR2701130007;AROMA EXTRATO GUARANA REFRIKO 28;AROMA;REFRIGERANTE;0;GERAL;0;MAR;2024;03/2024;;
PR;2701130007;PR2701130007;AROMA EXTRATO GUARANA REFRIKO 28;AROMA;REFRIGERANTE;700;GERAL;22959,999999999996;JUN;2024;06/2024;;
PR;2701040009;PR2701040009;FILME STRETCH POLIETILENO 500X0023;FILME;STRETCH;0;GERAL;0;FEV;2024;02/2024;;
PR;2701040009;PR2701040009;FILME STRETCH POLIETILENO 500X0023;FILME;STRETCH;0;GERAL;0;FEV;2024;02/2024;;
PR;2701040009;PR2701040009;FILME STRETCH POLIETILENO 500X0023;FILME;STRETCH;8000;GERAL;160000;MAR;2024;03/2024;;
PR;2701040004;PR2701040004;FILME TERMO ENCOLHIVEL 600 MM X 0,04 ;FILME;REFRI;582;GERAL;8206,1999999999989;MAR;2024;03/2024;;
PA;10090017;PA10090017;EMULSAO LARANJA REFRIKO 98;EMULSAO;XAROPARIA;616;SAPORITI;22176;MAI;2024;05/2024;;
SP;2801040018;SP2801040018;FILME TERMOENCOLHIVEL LISO 390X0,05MM                    ;FILME;ÁGUA 500;0;GERAL;0;FEV;2024;02/2024;;
SP;2801040018;SP2801040018;FILME TERMOENCOLHIVEL LISO 390X0,05MM                    ;FILME;ÁGUA 500;6000;GERAL;141450;MAR;2024;03/2024;;
PR;2701040004;PR2701040004;FILME TERMO ENCOLHIVEL 600 MM X 0,04 ;FILME;REFRI;0;GERAL;0;JAN;2024;01/2024;;
PR;2701040004;PR2701040004;FILME TERMO ENCOLHIVEL 600 MM X 0,04 ;FILME;REFRI;0;GERAL;0;JAN;2024;01/2024;;
PR;2701040004;PR2701040004;FILME TERMO ENCOLHIVEL 600 MM X 0,04 ;FILME;REFRI;0;GERAL;0;FEV;2024;02/2024;;
PR;2701040004;PR2701040004;FILME TERMO ENCOLHIVEL 600 MM X 0,04 ;FILME;REFRI;1500;GERAL;21150;ABR;2024;04/2024;;
PR;2701040006;PR2701040006;FILME TERMO ENCOLHIVEL 860/5 MM;FILME;JUJ/TERN;0;GERAL;0;MAR;2024;03/2024;;
PR;2701040005;PR2701040005;FILME TERMO ENCOLHIVEL 660 MM X 0,04;FILME;ENERGÉTICO;0;GERAL;0;FEV;2024;02/2024;;
MS;FILT1;MSFILT1;FILTRO 1MIC. (LATA E VIDRO);NÃO PRODUTIVO;FILTRAGEM;60;GERAL;0;ABR;2024;04/2024;;
MS;FILT1;MSFILT1;FILTRO 1MIC. (LATA E VIDRO);NÃO PRODUTIVO;FILTRAGEM;0;GERAL;0;ABR;2024;04/2024;;
MS;FILT1;MSFILT1;FILTRO 1MIC. (LATA E VIDRO);NÃO PRODUTIVO;FILTRAGEM;60;GERAL;0;MAI;2024;05/2024;;
MS;2701150006;MS2701150006;VASILHAME AMBAR 300ML - LITRINHO;VASILHAME;NORMAL;101640;GERAL;75213,600000000006;ABR;2024;04/2024;;
MS;2701150006;MS2701150006;VASILHAME AMBAR 300ML - LITRINHO;VASILHAME;NORMAL;101640;GERAL;75213,600000000006;MAR;2024;03/2024;;
MS;2701150003;MS2701150003;VASILHAME NOVO 330ML;VASILHAME;LONGNECK;0;GERAL;0;MAR;2024;03/2024;;
MS;2701150003;MS2701150003;VASILHAME NOVO 330ML;VASILHAME;LONGNECK;0;GERAL;0;MAR;2024;03/2024;;
MS;2701150003;MS2701150003;VASILHAME NOVO 330ML;VASILHAME;LONGNECK;95480;VIDROPORTO;84022,399999999994;MAR;2024;03/2024;;
MS;2701150003;MS2701150003;VASILHAME NOVO 330ML;VASILHAME;LONGNECK;95480;GERAL;84022,399999999994;ABR;2024;04/2024;;
MS;2701150003;MS2701150003;VASILHAME NOVO 330ML;VASILHAME;LONGNECK;95480;GERAL;84022,399999999994;ABR;2024;04/2024;;
MS;2701150003;MS2701150003;VASILHAME NOVO 330ML;VASILHAME;LONGNECK;95480;GERAL;84022,399999999994;MAI;2024;05/2024;;
MS;2701150003;MS2701150003;VASILHAME NOVO 330ML;VASILHAME;LONGNECK;95480;GERAL;84022,399999999994;JUN;2024;06/2024;;
MS;2701150001;MS2701150001;VASILHAME GINGUALA 970ML;VASILHAME;NORMAL;0;GERAL;0;MAR;2024;03/2024;;
MS;2701150001;MS2701150001;VASILHAME GINGUALA 970ML;VASILHAME;NORMAL;0;GERAL;0;FEV;2024;02/2024;;
MS;2701150001;MS2701150001;VASILHAME GINGUALA 970ML;VASILHAME;NORMAL;118920;GERAL;186704,4;MAI;2024;05/2024;;
PR;2701040006;PR2701040006;FILME TERMO ENCOLHIVEL 860/5 MM;FILME;JUJ/TERN;0;GERAL;0;FEV;2024;02/2024;;
PR;2701040005;PR2701040005;FILME TERMO ENCOLHIVEL 660 MM X 0,04;FILME;ENERGÉTICO;1000;GERAL;23500;MAR;2024;03/2024;;
PA;10090289;PA10090289;AROMA EMULSAO NEUTRA PARA SUCO (citrus);AROMA;ENERGÉTICO;100;GERAL;5350;MAI;2024;05/2024;;
MS;CIP5;MSCIP5;Kurita (TRATAMENTO CALDEIRA);NÃO PRODUTIVO;CIP;200;kurita;0;MAR;2024;03/2024;;
MS;CIP5;MSCIP5;Kurita (TRATAMENTO CALDEIRA);NÃO PRODUTIVO;CIP;100;GERAL;0;MAI;2024;05/2024;;
MS;2701260001;MS2701260001;LACRE BARRIL BAMBOA;LACRE;CHOPP;2000;GERAL;730;MAR;2024;03/2024;;
MS;2701260003;MS2701260003;LACRE BARRIL MOEMA;LACRE;CHOPP;2000;GERAL;730;MAR;2024;03/2024;;
MS;2701260003;MS2701260003;LACRE BARRIL MOEMA;LACRE;CHOPP;0;GERAL;0;ABR;2024;04/2024;;
MS;2701140017;MS2701140017;LATA 473ML FURIOSO TROPICAL;LATA;FURIOSO;0;GERAL;0;MAR;2024;03/2024;;
MS;2701140001;MS2701140001;LATA AL 269ML BAMBOA PILSEN;LATA;BAMBOA;255024;GERAL;10711,008;ABR;2024;04/2024;;
MS;2701140007;MS2701140007;LATA AL 269ML CAYMAN PILSEN;LATA;CAYMAN;77616;GERAL;3259,8720000000003;ABR;2024;04/2024;;
MS;2701140018;MS2701140018;LATA AL 350ML MOEMA;LATA;MOEMA;2262813;GERAL;859868,94000000006;ABR;2024;04/2024;;
MS;2701140020;MS2701140020;LATA AL 350ML COLA;LATA;REFRIKO;144366;GERAL;54859,08;ABR;2024;04/2024;;
MS;2701140025;MS2701140025;LATA AL 350ML GUARANA;LATA;REFRIKO;204225;GERAL;77605,5;ABR;2024;04/2024;;
MS;2701140021;MS2701140021;LATA AL 350ML LARANJA;LATA;REFRIKO;40845;GERAL;15521,1;ABR;2024;04/2024;;
MS;2701140023;MS2701140023;LATA AL 350ML TUBAINA;LATA;REFRIKO;16338;GERAL;6208,4400000000005;ABR;2024;04/2024;;
MS;2701140006;MS2701140006;LATA AL BELA ROMA / 473ML ;LATA;BELLA ROMA;560160;GERAL;285681,59999999998;ABR;2024;04/2024;;
MS;2701140016;MS2701140016;LATA 473ML FURIOSO MELAO;LATA;FURIOSO;18672;GERAL;9522,7199999999993;ABR;2024;04/2024;;
MS;2701140017;MS2701140017;LATA 473ML FURIOSO TROPICAL;LATA;FURIOSO;37744;GERAL;19249,439999999999;ABR;2024;04/2024;;
MS;2701140026;MS2701140026;LATA AL 473ML FURIOSO;LATA;FURIOSO;0;GERAL;0;MAR;2024;03/2024;;
MS;2701140003;MS2701140003;LATA AL 355ML BAMBOA LAGER;LATA;BAMBOA;0;GERAL;0;MAR;2024;03/2024;;
MS;2701140003;MS2701140003;LATA AL 355ML BAMBOA LAGER;LATA;BAMBOA;0;GERAL;0;FEV;2024;02/2024;;
MS;2701140006;MS2701140006;LATA AL BELA ROMA / 473ML ;LATA;BELLA ROMA;0;GERAL;0;MAR;2024;03/2024;;
MS;2701140006;MS2701140006;LATA AL BELA ROMA / 473ML ;LATA;BELLA ROMA;0;GERAL;0;FEV;2024;02/2024;;
MS;2701140007;MS2701140007;LATA AL 269ML CAYMAN PILSEN;LATA;CAYMAN;0;GERAL;0;FEV;2024;02/2024;;
MS;2701140020;MS2701140020;LATA AL 350ML COLA;LATA;REFRIKO;0;GERAL;0;MAR;2024;03/2024;;
MS;2701140020;MS2701140020;LATA AL 350ML COLA;LATA;REFRIKO;0;GERAL;0;FEV;2024;02/2024;;
MS;2701140028;MS2701140028;LATA AL 473ML MORANGO E MELANCIA ZERO;LATA;FURIOSO;74688;GERAL;38090,879999999997;ABR;2024;04/2024;;
MS;2701140027;MS2701140027;LATA AL 473 ML FURIOSO ZERO;LATA;FURIOSO;74688;GERAL;38090,879999999997;ABR;2024;04/2024;;
MS;2701140025;MS2701140025;LATA AL 350ML GUARANA;LATA;REFRIKO;0;GERAL;0;MAR;2024;03/2024;;
MS;2701140025;MS2701140025;LATA AL 350ML GUARANA;LATA;REFRIKO;0;GERAL;0;FEV;2024;02/2024;;
MS;2701140021;MS2701140021;LATA AL 350ML LARANJA;LATA;REFRIKO;0;GERAL;0;FEV;2024;02/2024;;
MS;2701140018;MS2701140018;LATA AL 350ML MOEMA;LATA;MOEMA;0;GERAL;0;MAR;2024;03/2024;;
MS;2701140018;MS2701140018;LATA AL 350ML MOEMA;LATA;MOEMA;0;GERAL;0;FEV;2024;02/2024;;
MS;2701140018;MS2701140018;LATA AL 350ML MOEMA;LATA;MOEMA;588178;GERAL;223507,64;ABR;2024;04/2024;;
MS;2701140019;MS2701140019;LATA AL 473ML MOEMA;LATA;MOEMA;0;GERAL;0;FEV;2024;02/2024;;
MS;2701140023;MS2701140023;LATA AL 350ML TUBAINA;LATA;REFRIKO;0;GERAL;0;FEV;2024;02/2024;;
MS;CIP1;MSCIP1;LUBMAX PL PK (SABÃO DE ESTEIRA PET, LATA E VIDRO);NÃO PRODUTIVO;CIP;450;GERAL;0;MAR;2024;03/2024;;
MS;CIP1;MSCIP1;LUBMAX PL PK (SABÃO DE ESTEIRA PET, LATA E VIDRO);NÃO PRODUTIVO;CIP;0;GERAL;0;ABR;2024;04/2024;;
MS;CIP1;MSCIP1;LUBMAX PL PK (SABÃO DE ESTEIRA PET, LATA E VIDRO);NÃO PRODUTIVO;CIP;650;GERAL;0;MAI;2024;05/2024;;
PA;11040794;PA11040794;FILME TERMO - 390X0,05;FILME;REFRI;1117;GERAL;11560,949999999999;MAI;2024;05/2024;;
MS;2701200003;MS2701200003;LUPULO NUGGET;CERVEJARIA;LUPULO IMP;5000;GERAL;196884,4;AGO;2024;08/2024;;
MS;2701190001;MS2701190001;MALTE PILSEN BAG 1000 - BARLEY;CERVEJARIA;MALTE;0;GERAL;0;MAR;2024;03/2024;;
MS;2701190001;MS2701190001;MALTE PILSEN BAG 1000 - BARLEY;CERVEJARIA;MALTE;0;GERAL;0;FEV;2024;02/2024;;
MS;2701190001;MS2701190001;MALTE PILSEN BAG 1000 - BARLEY;CERVEJARIA;MALTE;30370;GERAL;99917,3;ABR;2024;04/2024;;
MS;CIP4;MSCIP4;MASTER FOAM (LIMPEZA EXTERNA ENCHEDORAS);NÃO PRODUTIVO;CIP;0;GERAL;0;MAR;2024;03/2024;;
MS;CIP4;MSCIP4;MASTER FOAM (LIMPEZA EXTERNA ENCHEDORAS);NÃO PRODUTIVO;CIP;100;GERAL;0;MAI;2024;05/2024;;
PR;2701040006;PR2701040006;FILME TERMO ENCOLHIVEL 860/5 MM;FILME;JUJ/TERN;0;GERAL;0;MAR;2024;03/2024;;
PR;2701040006;PR2701040006;FILME TERMO ENCOLHIVEL 860/5 MM;FILME;JUJ/TERN;4500;GERAL;106087,5;ABR;2024;04/2024;;
PR;2701040005;PR2701040005;FILME TERMO ENCOLHIVEL 660 MM X 0,04;FILME;ENERGÉTICO;1000;LORD;23500;MAR;2024;03/2024;;
PR;2701040004;PR2701040004;FILME TERMO ENCOLHIVEL 600 MM X 0,04 ;FILME;REFRI;1300;GERAL;18330;JUN;2024;06/2024;;
PR;2701040005;PR2701040005;FILME TERMO ENCOLHIVEL 660 MM X 0,04;FILME;ENERGÉTICO;1000;GERAL;23500;JUN;2024;06/2024;;
PA;11040005;PA11040005;FILME TERMO ENCOLHIVEL 300 MM X 0,04;FILME;REFRI;1000;GERAL;10350;MAI;2024;05/2024;;
PR;2701040006;PR2701040006;FILME TERMO ENCOLHIVEL 860/5 MM;FILME;JUJ/TERN;3500;GERAL;82512,5;JUN;2024;06/2024;;
PR;2701040007;PR2701040007;FILME TERMO ENCOLHIVEL 860/0,06 MM;FILME;REFR/ENERG.;6500;GERAL;153237,5;JUN;2024;06/2024;;
PR;2701040007;PR2701040007;FILME TERMO ENCOLHIVEL 860/0,06 MM;FILME;REFR/ENERG.;1712;GERAL;40360,400000000001;MAR;2024;03/2024;;
PR;2701040007;PR2701040007;FILME TERMO ENCOLHIVEL 860/0,06 MM;FILME;REFR/ENERG.;0;GERAL;0;FEV;2024;02/2024;;
PR;2701040007;PR2701040007;FILME TERMO ENCOLHIVEL 860/0,06 MM;FILME;REFR/ENERG.;3000;GERAL;70725;MAR;2024;03/2024;;
PR;2701040007;PR2701040007;FILME TERMO ENCOLHIVEL 860/0,06 MM;FILME;REFR/ENERG.;3500;GERAL;82512,5;ABR;2024;04/2024;;
PR;2701040007;PR2701040007;FILME TERMO ENCOLHIVEL 860/0,06 MM;FILME;REFR/ENERG.;11000;GERAL;259325;ABR;2024;04/2024;;
PR;FILT2;PRFILT2;FILTRO 10MIC (C- MIC 2020491 - 10µ (BIG);NÃO PRODUTIVO;FILTRAGEM;0;GERAL;0;MAR;2024;03/2024;;
PR;CIP1;PRCIP1;GLACIAL ACETIC;NÃO PRODUTIVO;CIP;0;GERAL;0;FEV;2024;02/2024;;
PR;CIP4;PRCIP4;GTECH 8338;NÃO PRODUTIVO;CIP;0;GERAL;0;ABR;2024;04/2024;;
PR;CIP3;PRCIP3;MULT ALCLOR;NÃO PRODUTIVO;CIP;0;GERAL;0;MAR;2024;03/2024;;
PR;CIP2;PRCIP2;MULT ORGANIC;NÃO PRODUTIVO;CIP;0;GERAL;0;FEV;2024;02/2024;;
PR;CIP2;PRCIP2;MULT ORGANIC;NÃO PRODUTIVO;CIP;0;GERAL;0;MAR;2024;03/2024;;
PR;CIP2;PRCIP2;MULT ORGANIC;NÃO PRODUTIVO;CIP;0;GERAL;0;ABR;2024;04/2024;;
PR;2701070003;PR2701070003;NEOTAME;EDULCORANTE;XAROPARIA;20;NUTRAMAX;3886;MAR;2024;03/2024;;
PR;2801130002;PR2801130002;POLPA DE AÇAI DESIDRATA SOL.;AROMA;ENERGÉTICO;100;GERAL;5140;ABR;2024;04/2024;;
PR;2701020075;PR2701020075;PREFORMA PET 46,7GR CRISTAL ;PREFORMA;FURIOSO 2L;444290;GERAL;305444,04352000001;ABR;2024;04/2024;;
MS;2701020090;MS2701020090;PREFORMA 18G CRISTAL 500 ML - DESCONTINUAR;PREFORMA;REFRIKO 500ML;0;GERAL;0;MAR;2024;03/2024;;
MS;2701020090;MS2701020090;PREFORMA 18G CRISTAL 500 ML - DESCONTINUAR;PREFORMA;REFRIKO 500ML;0;GERAL;0;FEV;2024;02/2024;;
MS;2701020115;MS2701020115;PREFORMA 18 A 20G VERDE 500 ML - DESCONTINUAR;PREFORMA;REFRIKO 500ML;0;GERAL;0;MAR;2024;03/2024;;
MS;2701020115;MS2701020115;PREFORMA 18 A 20G VERDE 500 ML - DESCONTINUAR;PREFORMA;REFRIKO 500ML;0;GERAL;0;FEV;2024;02/2024;;
MS;2701020046;MS2701020046;PREFORMA 31,7G CRISTAL;PREFORMA;FURIOSO 1L;200000;GERAL;83154;MAI;2024;05/2024;;
PR;2701020051;PR2701020051;PREFORMA PET 200 ML CRISTAL 12 g ;PREFORMA;REFRIKO 200ML;152640;GERAL;30214,782720000003;JUN;2024;06/2024;;
PR;2701020097;PR2701020097;PREFORMA PET 200 ML VERDE 12 g ;PREFORMA;REFRIKO 200ML;396864;GERAL;78558,435072000007;JUN;2024;06/2024;;
PR;2701020051;PR2701020051;PREFORMA PET 200 ML CRISTAL 12 g ;PREFORMA;REFRIKO 200ML;0;GERAL;0;FEV;2024;02/2024;;
PR;2701020051;PR2701020051;PREFORMA PET 200 ML CRISTAL 12 g ;PREFORMA;REFRIKO 200ML;1102080;ENGEPACK;218154,53184000001;MAR;2024;03/2024;;
PR;2701020097;PR2701020097;PREFORMA PET 200 ML VERDE 12 g ;PREFORMA;REFRIKO 200ML;0;GERAL;0;FEV;2024;02/2024;;
PR;2701020097;PR2701020097;PREFORMA PET 200 ML VERDE 12 g ;PREFORMA;REFRIKO 200ML;1377600;ENGEPACK;272693,16480000003;MAR;2024;03/2024;;
PR;2701020097;PR2701020097;PREFORMA PET 200 ML VERDE 12 g ;PREFORMA;REFRIKO 200ML;0;GERAL;0;MAR;2024;03/2024;;
PR;2701020097;PR2701020097;PREFORMA PET 200 ML VERDE 12 g ;PREFORMA;REFRIKO 200ML;518976;GERAL;102730,26124800001;ABR;2024;04/2024;;
PR;2701020085;PR2701020085;PREFORMA 15G CRISTAL;PREFORMA;CAIDEIRA;0;GERAL;0;FEV;2024;02/2024;;
MS;2701020059;MS2701020059;PREFORMA 41 G CRISTAL;PREFORMA;REFRIKO 2L;0;GERAL;0;MAR;2024;03/2024;;
MS;2701020102;MS2701020102;PREFORMA 41 G VERDE;PREFORMA;REFRIKO 2L;0;GERAL;0;MAR;2024;03/2024;;
MS;2701020102;MS2701020102;PREFORMA 41 G VERDE;PREFORMA;REFRIKO 2L;0;GERAL;0;FEV;2024;02/2024;;
MS;2701020075;MS2701020075;PREFORMA PET 46,7GR CRISTAL;PREFORMA;FURIOSO 2L;0;GERAL;0;MAR;2024;03/2024;;
MS;2701020075;MS2701020075;PREFORMA PET 46,7GR CRISTAL;PREFORMA;FURIOSO 2L;153792;GERAL;91352,447999999989;ABR;2024;04/2024;;
MS;2701020109;MS2701020109;PREFORMA 54,4GR VERDE SHORT;PREFORMA;REFRIKO 3L;0;GERAL;0;MAR;2024;03/2024;;
PR;2701020085;PR2701020085;PREFORMA 15G CRISTAL;PREFORMA;CAIDEIRA;0;GERAL;0;MAR;2024;03/2024;;
MS;2701120001;MS2701120001;PREMIX ENERG EMULVIT 8942;CONCENT./KITs;C.ENERGETICO;0;GERAL;0;MAR;2024;03/2024;;
MS;2701120001;MS2701120001;PREMIX ENERG EMULVIT 8942;CONCENT./KITs;C.ENERGETICO;3000;GERAL;54150;JUN;2024;06/2024;;
PR;2701020055;PR2701020055;PREFORMA 18G CRISTAL;PREFORMA;FURIOSO 250ML;1048320;GERAL;269040,84479999996;MAR;2024;03/2024;;
PR;2701020055;PR2701020055;PREFORMA 18G CRISTAL;PREFORMA;FURIOSO 250ML;0;GERAL;0;JAN;2024;01/2024;;
PR;2701020055;PR2701020055;PREFORMA 18G CRISTAL;PREFORMA;FURIOSO 250ML;0;GERAL;0;FEV;2024;02/2024;;
PR;2701020055;PR2701020055;PREFORMA 18G CRISTAL;PREFORMA;FURIOSO 250ML;0;GERAL;0;FEV;2024;02/2024;;
PR;2701020055;PR2701020055;PREFORMA 18G CRISTAL;PREFORMA;FURIOSO 250ML;0;GERAL;0;MAR;2024;03/2024;;
PR;2701020055;PR2701020055;PREFORMA 18G CRISTAL;PREFORMA;FURIOSO 250ML;0;GERAL;0;MAR;2024;03/2024;;
MS;2701050023;MS2701050023;PREP ACIDO COLA ;CONCENT./KITs;KIT COLA;0;GERAL;0;MAR;2024;03/2024;;
MS;2701050023;MS2701050023;PREP ACIDO COLA ;CONCENT./KITs;KIT COLA;0;GERAL;0;ABR;2024;04/2024;;
MS;2701050023;MS2701050023;PREP ACIDO COLA ;CONCENT./KITs;KIT COLA;0;GERAL;0;FEV;2024;02/2024;;
MS;2701050023;MS2701050023;PREP ACIDO COLA ;CONCENT./KITs;KIT COLA;200;GERAL;5000;JUN;2024;06/2024;;
PR;2701020055;PR2701020055;PREFORMA 18G CRISTAL;PREFORMA;FURIOSO 250ML;3100030;GERAL;795591,69919999992;ABR;2024;04/2024;;
PR;2701020055;PR2701020055;PREFORMA 18G CRISTAL;PREFORMA;FURIOSO 250ML;1632960;GERAL;419082,85439999995;JUN;2024;06/2024;;
PR;2701020102;PR2701020102;PREFORMA 41G VERDE;PREFORMA;REFRIKO 2L;1000000;GERAL;521200;MAI;2024;05/2024;;
PR;2701020059;PR2701020059;PREFORMA 41G CRISTAL;PREFORMA;REFRIKO 2L;469248;ENGEPACK;244572,0576;MAR;2024;03/2024;;
PR;2701020059;PR2701020059;PREFORMA 41G CRISTAL;PREFORMA;REFRIKO 2L;0;GERAL;0;FEV;2024;02/2024;;
PR;2701020059;PR2701020059;PREFORMA 41G CRISTAL;PREFORMA;REFRIKO 2L;0;GERAL;0;MAR;2024;03/2024;;
PR;2701020059;PR2701020059;PREFORMA 41G CRISTAL;PREFORMA;REFRIKO 2L;72192;GERAL;37626,470399999998;JUN;2024;06/2024;;
PR;2701020102;PR2701020102;PREFORMA 41G VERDE;PREFORMA;REFRIKO 2L;469248;ENGEPACK;244572,0576;MAR;2024;03/2024;;
PR;2701020102;PR2701020102;PREFORMA 41G VERDE;PREFORMA;REFRIKO 2L;0;GERAL;0;JAN;2024;01/2024;;
PR;2701020102;PR2701020102;PREFORMA 41G VERDE;PREFORMA;REFRIKO 2L;0;GERAL;0;FEV;2024;02/2024;;
PR;2701020102;PR2701020102;PREFORMA 41G VERDE;PREFORMA;REFRIKO 2L;0;GERAL;0;MAR;2024;03/2024;;
PR;2701020102;PR2701020102;PREFORMA 41G VERDE;PREFORMA;REFRIKO 2L;2000000;GERAL;1042400;MAI;2024;05/2024;;
MS;2701010052;MS2701010052;CONTRA ROTULO BAMBOA 330ML (ARTE NOVA);ROTULO;ADESIVO;300;GERAL;16,832999999999998;ABR;2024;04/2024;;
MS;2701010119;MS2701010119;ROTULO BAMBOA TRADICIONAL VODKA;ROTULO;ADESIVO;0;GERAL;0;MAR;2024;03/2024;;
PR;2701020102;PR2701020102;PREFORMA 41G VERDE;PREFORMA;REFRIKO 2L;1001664;GERAL;522067,27679999999;JUN;2024;06/2024;;
SP;2801010063;SP2801010063;ROTULO BOPP AGUA C/ GAS HIDRATAR 500ML                   ;ROTULO;BOPP;5000000;GERAL;52800;ABR;2024;04/2024;;
SP;2801010066;SP2801010066;ROTULO BOPP AGUA S/ GAS HIDRATAR 1,5L                    ;ROTULO;BOPP;240;GERAL;4,7879519999999998;JUL;2024;07/2024;;
PR;2701020075;PR2701020075;PREFORMA PET 46,7GR CRISTAL ;PREFORMA;FURIOSO 2L;0;GERAL;0;FEV;2024;02/2024;;
PR;2701020075;PR2701020075;PREFORMA PET 46,7GR CRISTAL ;PREFORMA;FURIOSO 2L;170880;GERAL;117477,94944;JUN;2024;06/2024;;
PR;2801120002;PR2801120002;PREMIX ENERG EMULVIT 8942;CONCENT./KITs;C.ENERGETICO;1200;GERAL;21660;ABR;2024;04/2024;;
PR;2801120002;PR2801120002;PREMIX ENERG EMULVIT 8942;CONCENT./KITs;C.ENERGETICO;300;GERAL;5415;ABR;2024;04/2024;;
PR;2801120002;PR2801120002;PREMIX ENERG EMULVIT 8942;CONCENT./KITs;C.ENERGETICO;500;GERAL;9025;MAR;2024;03/2024;;
PR;2801120002;PR2801120002;PREMIX ENERG EMULVIT 8942;CONCENT./KITs;C.ENERGETICO;0;GERAL;0;FEV;2024;02/2024;;
PR;2801120002;PR2801120002;PREMIX ENERG EMULVIT 8942;CONCENT./KITs;C.ENERGETICO;1000;GERAL;18050;JUN;2024;06/2024;;
PR;2801120002;PR2801120002;PREMIX ENERG EMULVIT 8942;CONCENT./KITs;C.ENERGETICO;0;GERAL;0;MAR;2024;03/2024;;
PR;2701050023;PR2701050023;PREP ACIDO COLA ;CONCENT./KITs;KIT COLA;0;GERAL;0;MAR;2024;03/2024;;
MS;2701010189;MS2701010189;ROTULO FURIOSO 1L;ROTULO;SLEEVE;100000;GERAL;20000;MAI;2024;05/2024;;
PR;2701050023;PR2701050023;PREP ACIDO COLA ;CONCENT./KITs;KIT COLA;200;GERAL;5000;JUN;2024;06/2024;;
PR;2801010094;PR2801010094;ROTULO FURIOSO CITRUS 250 ML;ROTULO;SLEEVE;0;GERAL;0;MAR;2024;03/2024;;
MS;2701010191;MS2701010191;ROTULO FURIOSO 2L;ROTULO;SLEEVE;0;GERAL;0;FEV;2024;02/2024;;
MS;2701010191;MS2701010191;ROTULO FURIOSO 2L;ROTULO;SLEEVE;0;GERAL;0;MAR;2024;03/2024;;
MS;2701010191;MS2701010191;ROTULO FURIOSO 2L;ROTULO;SLEEVE;200000;GERAL;41240;MAI;2024;05/2024;;
PR;2801010097;PR2801010097;ROTULO FURIOSO MELANCIA E MORANGO 250ML;ROTULO;SLEEVE;0;GERAL;0;JAN;2024;01/2024;;
PR;2801010097;PR2801010097;ROTULO FURIOSO MELANCIA E MORANGO 250ML;ROTULO;SLEEVE;0;GERAL;0;FEV;2024;02/2024;;
PR;2801010097;PR2801010097;ROTULO FURIOSO MELANCIA E MORANGO 250ML;ROTULO;SLEEVE;300000;GERAL;15113,099999999999;MAI;2024;05/2024;;
MS;2701010187;MS2701010187;ROTULO FURIOSO MELANCIA E MORANGO 2L;ROTULO;SLEEVE;0;GERAL;0;JAN;2024;01/2024;;
MS;2701010187;MS2701010187;ROTULO FURIOSO MELANCIA E MORANGO 2L;ROTULO;SLEEVE;0;GERAL;0;MAR;2024;03/2024;;
PR;2801010090;PR2801010090;ROT SLEE NOCH LIMAO 270ML;ROTULO;SLEEVE;0;GERAL;0;MAR;2024;03/2024;;
PR;2801010090;PR2801010090;ROT SLEE NOCH LIMAO 270ML;ROTULO;SLEEVE;500000;GERAL;60000;JUN;2024;06/2024;;
PR;2801010091;PR2801010091;ROT SLEE NOCH MARACUJA 270ML;ROTULO;SLEEVE;0;GERAL;0;MAR;2024;03/2024;;
PR;2801010092;PR2801010092;ROT SLEE NOCH MELANCIA E MORAN 270ML-IND;ROTULO;SLEEVE;0;GERAL;0;MAR;2024;03/2024;;
MS;2701010184;MS2701010184;ROTULO FURIOSO MELAO 2L;ROTULO;SLEEVE;0;GERAL;0;FEV;2024;02/2024;;
MS;2701010184;MS2701010184;ROTULO FURIOSO MELAO 2L;ROTULO;SLEEVE;200000;GERAL;41240;JUN;2024;06/2024;;
PR;2801010092;PR2801010092;ROT SLEE NOCH MELANCIA E MORAN 270ML-IND;ROTULO;SLEEVE;300000;GERAL;36000;JUN;2024;06/2024;;
PR;2801010088;PR2801010088;ROTULO AGUA TONICA MALDIVES 250 ML;ROTULO;SLEEVE;0;GERAL;0;MAR;2024;03/2024;;
PR;2801010089;PR2801010089;ROTULO BOMBADÃO 2L;ROTULO;SLEEVE;100000;GERAL;21285,599999999999;MAI;2024;05/2024;;
MS;2701010193;MS2701010193;ROTULO FURIOSO TROPICAL 2L;ROTULO;SLEEVE;0;GERAL;0;MAR;2024;03/2024;;
MS;2701010138;MS2701010138;ROTULO GUARANA 2L;ROTULO;BOPP;200;GERAL;7,1;ABR;2024;04/2024;;
MS;2701010138;MS2701010138;ROTULO GUARANA 2L;ROTULO;BOPP;240000;GERAL;8520;JUN;2024;06/2024;;
MS;2701010139;MS2701010139;ROTULO GUARANA 3L;ROTULO;BOPP;120000;GERAL;4667,5200000000004;JUN;2024;06/2024;;
MS;2701010140;MS2701010140;ROTULO GUARANA 500ML;ROTULO;BOPP;500000;MABFLEX;6400;MAR;2024;03/2024;;
MS;2701010171;MS2701010171;ROTULO GUARANA 600ML;ROTULO;PAPEL;0;GERAL;0;MAR;2024;03/2024;;
PR;2701010156;PR2701010156;ROTULO BOPP REFRISHOW GUARANA 2 L;ROTULO;BOPP;0;GERAL;0;JAN;2024;01/2024;;
PR;2701010156;PR2701010156;ROTULO BOPP REFRISHOW GUARANA 2 L;ROTULO;BOPP;0;GERAL;0;FEV;2024;02/2024;;
PR;2701010156;PR2701010156;ROTULO BOPP REFRISHOW GUARANA 2 L;ROTULO;BOPP;0;GERAL;0;MAR;2024;03/2024;;
PR;2701010156;PR2701010156;ROTULO BOPP REFRISHOW GUARANA 2 L;ROTULO;BOPP;1500000;GERAL;53249,999999999993;ABR;2024;04/2024;;
PR;2801010069;PR2801010069;ROTULO CACHACA CAIDEIRA 450ML;ROTULO;BOPP;150000;GERAL;2355;MAR;2024;03/2024;;
PR;2801010069;PR2801010069;ROTULO CACHACA CAIDEIRA 450ML;ROTULO;BOPP;400000;MABFLEX;6279,9999999999991;MAR;2024;03/2024;;
PR;2701010132;PR2701010132;ROTULO REFRIKO COLA 2L;ROTULO;BOPP;100000;GERAL;3549,9999999999995;ABR;2024;04/2024;;
SP;2801010063;SP2801010063;ROTULO BOPP AGUA C/ GAS HIDRATAR 500ML                   ;ROTULO;BOPP;0;GERAL;0;FEV;2024;02/2024;;
SP;2801010063;SP2801010063;ROTULO BOPP AGUA C/ GAS HIDRATAR 500ML                   ;ROTULO;BOPP;0;GERAL;0;MAR;2024;03/2024;;
SP;2801010063;SP2801010063;ROTULO BOPP AGUA C/ GAS HIDRATAR 500ML                   ;ROTULO;BOPP;1500000;GERAL;15840;MAI;2024;05/2024;;
SP;2801010063;SP2801010063;ROTULO BOPP AGUA C/ GAS HIDRATAR 500ML                   ;ROTULO;BOPP;1500000;GERAL;15840;JUN;2024;06/2024;;
SP;2801010068;SP2801010068;ROTULO BOPP AGUA S/ GAS HIDRATAR 500ML                   ;ROTULO;BOPP;0;GERAL;0;FEV;2024;02/2024;;
SP;2801010068;SP2801010068;ROTULO BOPP AGUA S/ GAS HIDRATAR 500ML                   ;ROTULO;BOPP;0;GERAL;0;MAR;2024;03/2024;;
SP;2801010068;SP2801010068;ROTULO BOPP AGUA S/ GAS HIDRATAR 500ML                   ;ROTULO;BOPP;1500000;GERAL;15840;ABR;2024;04/2024;;
SP;2801010068;SP2801010068;ROTULO BOPP AGUA S/ GAS HIDRATAR 500ML                   ;ROTULO;BOPP;1500000;GERAL;15840;MAI;2024;05/2024;;
PR;2701010135;PR2701010135;ROTULO FRAMBOESA REDUZIDO 2L (exclusivo SJP);ROTULO;BOPP;100000;GERAL;3549,9999999999995;ABR;2024;04/2024;;
PR;2701010135;PR2701010135;ROTULO FRAMBOESA REDUZIDO 2L (exclusivo SJP);ROTULO;BOPP;0;GERAL;0;FEV;2024;02/2024;;
PR;2801010099;PR2801010099;ROTULO FURIOSO 250ML;ROTULO;SLEEVE;0;GERAL;0;FEV;2024;02/2024;;
PR;2801010099;PR2801010099;ROTULO FURIOSO 250ML;ROTULO;SLEEVE;0;GERAL;0;MAR;2024;03/2024;;
PR;2801010099;PR2801010099;ROTULO FURIOSO 250ML;ROTULO;SLEEVE;1500000;GERAL;75565,5;JUN;2024;06/2024;;
MS;2701010144;MS2701010144;ROTULO REFRIKO LARANJA DQI1% 2L;ROTULO;BOPP;120000;GERAL;4260;JUN;2024;06/2024;;
MS;2701010145;MS2701010145;ROTULO REFRIKO LARANJA DQI1% 500 ML;ROTULO;BOPP;100000;MABFLEX;1280;MAR;2024;03/2024;;
MS;2701010172;MS2701010172;ROTULO REFRIKO LARANJA DQI1% 600 ML;ROTULO;PAPEL;0;GERAL;0;MAR;2024;03/2024;;
PR;2801010100;PR2801010100;ROTULO FURIOSO 2L;ROTULO;SLEEVE;0;GERAL;0;MAR;2024;03/2024;;
PR;2801010100;PR2801010100;ROTULO FURIOSO 2L;ROTULO;SLEEVE;300000;GERAL;61860;JUN;2024;06/2024;;
PR;2801010093;PR2801010093;ROTULO FURIOSO AÇAI 250ML;ROTULO;SLEEVE;0;GERAL;0;FEV;2024;02/2024;;
MS;2701010147;MS2701010147;ROTULO REFRIKO LIMÃO DQI1% 2L;ROTULO;BOPP;100000;GERAL;3549,9999999999995;MAI;2024;05/2024;;
MS;2701010173;MS2701010173;ROTULO REFRIKO LIMÃO DQI1% 600 ML;ROTULO;PAPEL;0;GERAL;0;MAR;2024;03/2024;;
PA;12039994;PA12039994;LUBRIFICANTES DE ESTEIRAS GTECH 8338;NÃO PRODUTIVO;CIP;0;GERAL;0;MAI;2024;05/2024;;
PA;12059223;PA12059223;PERLIMAX SF-4 BRASC240;NÃO PRODUTIVO;CIP;0;GERAL;0;ABR;2024;04/2024;;
PA;10010001;PA10010001;ACUCAR CRISTAL;AÇUCAR;XAROPARIA;300000;GERAL;683376;JUL;2024;07/2024;;
PA;11070046;PA11070046;PREFORMA 18 ou 20,6G CRISTAL;PREFORMA;PET 500 PA;300000;GERAL;70800;JUL;2024;07/2024;;
PA;11070012;PA11070012;PREFORMA 46,0G CRISTAL OU 45,7 G;PREFORMA;PET 2L PA;325728;GERAL;159606,72;MAI;2024;05/2024;;
PA;11070012;PA11070012;PREFORMA 46,0G CRISTAL OU 45,7 G;PREFORMA;PET 2L PA;434304;GERAL;212808,95999999999;MAI;2024;05/2024;;
PA;11070032;PA11070032;PREFORMA 48GR CRISTAL OU 50,7 G;PREFORMA;PET 2,5L PA;103584;GERAL;51584,832000000002;MAI;2024;05/2024;;
PA;11070032;PA11070032;PREFORMA 48GR CRISTAL OU 50,7 G;PREFORMA;PET 2,5L PA;414336;GERAL;206339,32800000001;MAI;2024;05/2024;;
PA;11070032;PA11070032;PREFORMA 48GR CRISTAL OU 50,7 G;PREFORMA;PET 2,5L PA;700000;GERAL;348600;JUN;2024;06/2024;;
PA;11070032;PA11070032;PREFORMA 48GR CRISTAL OU 50,7 G;PREFORMA;PET 2,5L PA;600000;GERAL;298800;JUL;2024;07/2024;;
PA;11070033;PA11070033;PREFORMA 48GR VERDE OU 50,7 G;PREFORMA;PET 2,5L PA;350000;GERAL;174300;JUL;2024;07/2024;;
PA;11070046;PA11070046;PREFORMA 18 ou 20,6G CRISTAL;PREFORMA;PET 500 PA;417600;GERAL;98553,599999999991;MAI;2024;05/2024;;
PA;11070033;PA11070033;PREFORMA 48GR VERDE OU 50,7 G;PREFORMA;PET 2,5L PA;152320;GERAL;75855,360000000001;MAI;2024;05/2024;;
PA;11070047;PA11070047;PREFORMA 18 ou 20,6G VERDE;PREFORMA;PET 500 PA;313200;GERAL;73915,199999999997;MAI;2024;05/2024;;
PA;11080241;PA11080241;RÓTULO MICOS COLA 2,5L;ROTULO;BOPP-PA;1000000;GERAL;33950;ABR;2024;04/2024;;
PA;11080241;PA11080241;RÓTULO MICOS COLA 2,5L;ROTULO;BOPP-PA;500000;GERAL;16975;MAI;2024;05/2024;;
PA;11080242;PA11080242;RÓTULO MICOS COLA 200ML;ROTULO;BOPP-PA;500000;GERAL;2950;MAI;2024;05/2024;;
SP;2801010064;SP2801010064;ROTULO BOPP AGUA C/ GAS NEVOA 500ML                     ;ROTULO;BOPP;0;GERAL;0;MAR;2024;03/2024;;
SP;2801010020;SP2801010020;ROTULO BOPP AGUA S/ GAS NEVOA 500ML                     ;ROTULO;BOPP;0;GERAL;0;MAR;2024;03/2024;;
MS;2701010116;MS2701010116;ROTULO ADESIVO TUBAINA 300ML;ROTULO;ADESIVO;200000;ALL4LABELL;7996;MAR;2024;03/2024;;
MS;2701010116;MS2701010116;ROTULO ADESIVO TUBAINA 300ML;ROTULO;ADESIVO;0;GERAL;0;MAR;2024;03/2024;;
MS;2701010132;MS2701010132;ROTULO REFRIKO COLA 2L;ROTULO;BOPP;200000;GERAL;7099,9999999999991;MAI;2024;05/2024;;
MS;2701010133;MS2701010133;ROTULO REFRIKO COLA 3L;ROTULO;BOPP;50000;GERAL;1944,8;MAI;2024;05/2024;;
MS;2701010134;MS2701010134;ROTULO REFRIKO COLA 500ML;ROTULO;BOPP;0;GERAL;0;MAR;2024;03/2024;;
MS;2701010134;MS2701010134;ROTULO REFRIKO COLA 500ML;ROTULO;BOPP;500000;GERAL;6400;JUN;2024;06/2024;;
PR;2801010093;PR2801010093;ROTULO FURIOSO AÇAI 250ML;ROTULO;SLEEVE;300000;GERAL;15113,099999999999;MAI;2024;05/2024;;
PR;2801010094;PR2801010094;ROTULO FURIOSO CITRUS 250 ML;ROTULO;SLEEVE;200000;GERAL;10075,4;JUN;2024;06/2024;;
PR;2801010095;PR2801010095;ROTULO FURIOSO MELAO 250ML;ROTULO;SLEEVE;0;GERAL;0;JAN;2024;01/2024;;
PR;2801010095;PR2801010095;ROTULO FURIOSO MELAO 250ML;ROTULO;SLEEVE;0;GERAL;0;FEV;2024;02/2024;;
PR;2801010095;PR2801010095;ROTULO FURIOSO MELAO 250ML;ROTULO;SLEEVE;0;GERAL;0;MAR;2024;03/2024;;
PR;2801010095;PR2801010095;ROTULO FURIOSO MELAO 250ML;ROTULO;SLEEVE;400000;GERAL;20150,8;MAI;2024;05/2024;;
PR;2801010101;PR2801010101;ROTULO FURIOSO TROPICAL 250ML;ROTULO;SLEEVE;0;GERAL;0;JAN;2024;01/2024;;
PR;2801010101;PR2801010101;ROTULO FURIOSO TROPICAL 250ML;ROTULO;SLEEVE;0;GERAL;0;FEV;2024;02/2024;;
MS;2701010152;MS2701010152;ROTULO REFRIKO TUBAINA 500ML;ROTULO;BOPP;200000;GERAL;2560;ABR;2024;04/2024;;
MS;2701010152;MS2701010152;ROTULO REFRIKO TUBAINA 500ML;ROTULO;BOPP;0;GERAL;0;MAR;2024;03/2024;;
MS;2701010199;MS2701010199;ROTULO SLEEVE TUBAINA 250ML BOLINHA;ROTULO;SLEEVE;200000;GERAL;13158;ABR;2024;04/2024;;
MS;2701010199;MS2701010199;ROTULO SLEEVE TUBAINA 250ML BOLINHA;ROTULO;SLEEVE;0;GERAL;0;FEV;2024;02/2024;;
PR;2801010101;PR2801010101;ROTULO FURIOSO TROPICAL 250ML;ROTULO;SLEEVE;400000;GERAL;20150,8;MAI;2024;05/2024;;
MS;2701010163;MS2701010163;ROTULO TUBA JUJUBA 2L;ROTULO;BOPP;0;GERAL;0;JAN;2024;01/2024;;
PR;2701010141;PR2701010141;ROTULO GUARANA 200 ML ZERO ;ROTULO;BOPP;0;GERAL;0;ABR;2024;04/2024;;
MS;2701010163;MS2701010163;ROTULO TUBA JUJUBA 2L;ROTULO;BOPP;0;GERAL;0;FEV;2024;02/2024;;
MS;2701010163;MS2701010163;ROTULO TUBA JUJUBA 2L;ROTULO;BOPP;500000;GERAL;17750;JUN;2024;06/2024;;
PR;2701010141;PR2701010141;ROTULO GUARANA 200 ML ZERO ;ROTULO;BOPP;0;GERAL;0;MAR;2024;03/2024;;
MS;2701010164;MS2701010164;ROTULO TUBAJUJUBA LARANJA S/SUCO 2L;ROTULO;BOPP;200000;MABFLEX;7099,9999999999991;MAR;2024;03/2024;;
MS;2701010161;MS2701010161;ROTULO TERNURA TUBAINA 2L;ROTULO;BOPP;0;GERAL;0;FEV;2024;02/2024;;
MS;2701010161;MS2701010161;ROTULO TERNURA TUBAINA 2L;ROTULO;BOPP;0;GERAL;0;MAR;2024;03/2024;;
PR;2701010141;PR2701010141;ROTULO GUARANA 200 ML ZERO ;ROTULO;BOPP;2000000;GERAL;16000;MAR;2024;03/2024;;
PA;11080243;PA11080243;ROTULO MICOS COLA 2L;ROTULO;BOPP-PA;200000;ELLOFLEX;8326;ABR;2024;04/2024;;
PA;11080244;PA11080244;ROTULO MICOS COLA 500ML;ROTULO;BOPP-PA;200000;ELLOFLEX;6746,0000000000009;MAI;2024;05/2024;;
PA;11080244;PA11080244;ROTULO MICOS COLA 500ML;ROTULO;BOPP-PA;300000;ELLOFLEX;10119,000000000002;JUN;2024;06/2024;;
PA;11080245;PA11080245;RÓTULO MICOS GUARANA 2,5L;ROTULO;BOPP-PA;500000;GERAL;16975;MAI;2024;05/2024;;
PA;11080246;PA11080246;RÓTULO MICOS GUARANÁ 200ML;ROTULO;BOPP-PA;300000;GERAL;1770;JUN;2024;06/2024;;
PA;11080247;PA11080247;ROTULO MICOS GUARANA 2L;ROTULO;BOPP-PA;200000;GERAL;8326;MAI;2024;05/2024;;
PA;11080248;PA11080248;ROTULO MICOS GUARANA 500ML;ROTULO;BOPP-PA;200000;GERAL;6746,0000000000009;MAI;2024;05/2024;;
PA;11080248;PA11080248;ROTULO MICOS GUARANA 500ML;ROTULO;BOPP-PA;300000;GERAL;10119,000000000002;JUN;2024;06/2024;;
PA;11080249;PA11080249;RÓTULO MICOS LARANJA 2,5L;ROTULO;BOPP-PA;200000;GERAL;6790;JUN;2024;06/2024;;
PA;11080249;PA11080249;RÓTULO MICOS LARANJA 2,5L;ROTULO;BOPP-PA;300000;GERAL;10185;ABR;2024;04/2024;;
PA;11080250;PA11080250;RÓTULO MICOS LARANJA 200ML;ROTULO;BOPP-PA;500000;GERAL;2950;MAI;2024;05/2024;;
PA;11080251;PA11080251;ROTULO MICOS LARANJA 2L;ROTULO;BOPP-PA;300000;GERAL;12489;ABR;2024;04/2024;;
PR;2701010141;PR2701010141;ROTULO GUARANA 200 ML ZERO ;ROTULO;BOPP;0;GERAL;0;ABR;2024;04/2024;;
PR;2701010141;PR2701010141;ROTULO GUARANA 200 ML ZERO ;ROTULO;BOPP;2000000;GERAL;16000;JUL;2024;07/2024;;
PR;2701010138;PR2701010138;ROTULO GUARANA 2L;ROTULO;BOPP;400000;MABFLEX;14199,999999999998;MAR;2024;03/2024;;
PR;2701010138;PR2701010138;ROTULO GUARANA 2L;ROTULO;BOPP;400000;GERAL;14199,999999999998;ABR;2024;04/2024;;
PR;2701010138;PR2701010138;ROTULO GUARANA 2L;ROTULO;BOPP;600000;GERAL;21299,999999999996;JUN;2024;06/2024;;
MS;2701010155;MS2701010155;ROTULO REFRIKO UVA DQI1% 2L;ROTULO;BOPP;100000;GERAL;3549,9999999999995;MAI;2024;05/2024;;
MS;2701010155;MS2701010155;ROTULO REFRIKO UVA DQI1% 2L;ROTULO;BOPP;120000;GERAL;4260;JUN;2024;06/2024;;
MS;CIP2;MSCIP2;SABÃO DE ESTEIRA (GTECH 8338) SILICONE;NÃO PRODUTIVO;CIP;20;GERAL;0;MAI;2024;05/2024;;
MS;2701070002;MS2701070002;SACARINA SÓDICA;EDULCORANTE;XAROPARIA;0;GERAL;0;MAR;2024;03/2024;;
PR;2701010143;PR2701010143;ROTULO REFRIKO LARANJA DQI1% 200 ML ;ROTULO;BOPP;800000;GERAL;6400;MAR;2024;03/2024;;
PA;11080252;PA11080252;ROTULO MICOS LARANJA 500ML;ROTULO;BOPP-PA;200000;GERAL;6746,0000000000009;MAI;2024;05/2024;;
MS;2701040011;MS2701040011;SHRINK MOEMA 350ML - 390X0,06;FILME;MOEMA;5000;LORD;157550;MAR;2024;03/2024;;
MS;2701040011;MS2701040011;SHRINK MOEMA 350ML - 390X0,06;FILME;MOEMA;5000;GERAL;157550;MAR;2024;03/2024;;
MS;2701040011;MS2701040011;SHRINK MOEMA 350ML - 390X0,06;FILME;MOEMA;5000;GERAL;157550;ABR;2024;04/2024;;
MS;2701040011;MS2701040011;SHRINK MOEMA 350ML - 390X0,06;FILME;MOEMA;0;GERAL;0;FEV;2024;02/2024;;
MS;2701040011;MS2701040011;SHRINK MOEMA 350ML - 390X0,06;FILME;MOEMA;0;GERAL;0;MAI;2024;05/2024;;
MS;2701040010;MS2701040010;SHRINK MOEMA 473ML - 400X0,06;FILME;MOEMA;1000;GERAL;14500;MAI;2024;05/2024;;
MS;CIP8;MSCIP8;SODA ESCAMA ;NÃO PRODUTIVO;CIP;0;GERAL;0;ABR;2024;04/2024;;
MS;CIP8;MSCIP8;SODA ESCAMA ;NÃO PRODUTIVO;CIP;250;GERAL;0;MAI;2024;05/2024;;
MS;CIP7;MSCIP7;SODA LIQUIDA (PRODUÇÃO, ETE, CERVEJARIA);NÃO PRODUTIVO;CIP;0;GERAL;0;ABR;2024;04/2024;;
MS;CIP7;MSCIP7;SODA LIQUIDA (PRODUÇÃO, ETE, CERVEJARIA);NÃO PRODUTIVO;CIP;1200;GERAL;0;MAI;2024;05/2024;;
PA;11080253;PA11080253;RÓTULO MICOS UVA 2,5L;ROTULO;BOPP-PA;300000;ELLOFLEX;10185;ABR;2024;04/2024;;
PR;2701010143;PR2701010143;ROTULO REFRIKO LARANJA DQI1% 200 ML ;ROTULO;BOPP;700000;GERAL;5600;MAR;2024;03/2024;;
PR;2701010143;PR2701010143;ROTULO REFRIKO LARANJA DQI1% 200 ML ;ROTULO;BOPP;600000;GERAL;4800;JUN;2024;06/2024;;
PR;2701010144;PR2701010144;ROTULO REFRIKO LARANJA DQI1% 2L;ROTULO;BOPP;300000;MABFLEX;10649,999999999998;MAR;2024;03/2024;;
PR;2701010144;PR2701010144;ROTULO REFRIKO LARANJA DQI1% 2L;ROTULO;BOPP;480000;GERAL;17040;JUN;2024;06/2024;;
PR;2701010146;PR2701010146;ROTULO REFRIKO LIMÃO DQI1% 200 ML ;ROTULO;BOPP;0;GERAL;0;MAR;2024;03/2024;;
PR;2701010146;PR2701010146;ROTULO REFRIKO LIMÃO DQI1% 200 ML ;ROTULO;BOPP;1000000;GERAL;8000;ABR;2024;04/2024;;
PR;2701010147;PR2701010147;ROTULO REFRIKO LIMÃO DQI1% 2L;ROTULO;BOPP;200000;GERAL;7099,9999999999991;ABR;2024;04/2024;;
MS;DAT1;MSDAT1;SOLVENTE LINX 1512 ;NÃO PRODUTIVO;DATADORA;2;GERAL;0;MAI;2024;05/2024;;
MS;DAT4;MSDAT4;SOLVENTE VIDEO JET V705;NÃO PRODUTIVO;DATADORA;1;GERAL;0;MAI;2024;05/2024;;
MS;DAT7;MSDAT7;SOLVENTE VIDEO JET V852;NÃO PRODUTIVO;DATADORA;0;GERAL;0;MAR;2024;03/2024;;
MS;DAT7;MSDAT7;SOLVENTE VIDEO JET V852;NÃO PRODUTIVO;DATADORA;0;GERAL;0;ABR;2024;04/2024;;
MS;DAT7;MSDAT7;SOLVENTE VIDEO JET V852;NÃO PRODUTIVO;DATADORA;1;GERAL;0;MAI;2024;05/2024;;
MS;2701100001;MS2701100001;SORBATO DE POTASSIO 25KG;ACID.E CONSERV.;REF/ENER/ROM/DEL;250;GERAL;3930;MAR;2024;03/2024;;
PR;2701010131;PR2701010131;ROTULO REFRIKO COLA REDUZIDO 200 ML ;ROTULO;BOPP;800000;GERAL;6400;MAR;2024;03/2024;;
MS;2701130001;MS2701130001;SUCO CONCENTRADO LARANJA;SUCO;XAROPARIA;0;GERAL;0;MAR;2024;03/2024;;
PR;2701010131;PR2701010131;ROTULO REFRIKO COLA REDUZIDO 200 ML ;ROTULO;BOPP;200000;GERAL;1600;MAR;2024;03/2024;;
PR;2701010131;PR2701010131;ROTULO REFRIKO COLA REDUZIDO 200 ML ;ROTULO;BOPP;1000000;GERAL;8000;JUL;2024;07/2024;;
PR;2701010146;PR2701010146;ROTULO REFRIKO LIMÃO DQI1% 200 ML ;ROTULO;BOPP;2000000;GERAL;16000;ABR;2024;04/2024;;
PR;2701010149;PR2701010149;ROTULO REFRIKO TUBAÍNA 200 ML ;ROTULO;BOPP;1000000;GERAL;8000;FEV;2024;02/2024;;
MS;2701130002;MS2701130002;SUCO CONCENTRADO LIMÃO;SUCO;XAROPARIA;700;GERAL;11550;MAI;2024;05/2024;;
PA;11080253;PA11080253;RÓTULO MICOS UVA 2,5L;ROTULO;BOPP-PA;200000;ELLOFLEX;6790;JUN;2024;06/2024;;
PR;2701010149;PR2701010149;ROTULO REFRIKO TUBAÍNA 200 ML ;ROTULO;BOPP;1000000;GERAL;8000;MAR;2024;03/2024;;
MS;2701130003;MS2701130003;SUCO CONCENTRADO UVA;SUCO;XAROPARIA;15000;GERAL;195000;MAI;2024;05/2024;;
PR;2701010149;PR2701010149;ROTULO REFRIKO TUBAÍNA 200 ML ;ROTULO;BOPP;3000000;GERAL;24000;ABR;2024;04/2024;;
PR;2701010150;PR2701010150;ROTULO TUBAINA 2L;ROTULO;BOPP;200000;GERAL;7099,9999999999991;ABR;2024;04/2024;;
MS;2701070001;MS2701070001;SUCRALOSE;EDULCORANTE;XAROPARIA;100;GERAL;8430;ABR;2024;04/2024;;
MS;2701070001;MS2701070001;SUCRALOSE;EDULCORANTE;XAROPARIA;200;GERAL;16860;MAI;2024;05/2024;;
PA;11080254;PA11080254;RÓTULO MICOS UVA 200ML;ROTULO;BOPP-PA;500000;ELLOFLEX;2950;MAI;2024;05/2024;;
MS;2701030028;MS2701030028;TAMPA ABRE FACIL AMARELA;TAMPA;VIDRO IMP;0;GERAL;0;MAR;2024;03/2024;;
MS;2701030029;MS2701030029;TAMPA ABRE FACIL BRANCA LISA;TAMPA;VIDRO IMP;0;GERAL;0;MAR;2024;03/2024;;
MS;2701030037;MS2701030037;TAMPA AMARELA LISA;TAMPA;PET;907200;GERAL;44452,800000000003;ABR;2024;04/2024;;
PR;2701010150;PR2701010150;ROTULO TUBAINA 2L;ROTULO;BOPP;0;GERAL;0;FEV;2024;02/2024;;
PR;2701010160;PR2701010160;ROTULO TERNURA LARANJA S/ SUCO 2L;ROTULO;BOPP;300000;GERAL;10649,999999999998;JUL;2024;07/2024;;
MS;2701030041;MS2701030041;TAMPA AZUL BAMBOA (VODKA BAMBOA);TAMPA;VIDRO NAC;200000;GERAL;60000;ABR;2024;04/2024;;
PR;2701010161;PR2701010161;ROTULO TERNURA TUBAINA 2L;ROTULO;BOPP;300000;GERAL;10649,999999999998;JUL;2024;07/2024;;
MS;2701030043;MS2701030043;TAMPA LARANJA REFRIKO;TAMPA;PET;302400;GERAL;14817,6;ABR;2024;04/2024;;
PR;2701010161;PR2701010161;ROTULO TERNURA TUBAINA 2L;ROTULO;BOPP;200000;GERAL;7099,9999999999991;JUN;2024;06/2024;;
PR;2701010163;PR2701010163;ROTULO TUBA JUJUBA 2L;ROTULO;BOPP;0;GERAL;0;JAN;2024;01/2024;;
PA;11080255;PA11080255;ROTULO MICOS UVA 2L;ROTULO;BOPP-PA;200000;GERAL;8326;ABR;2024;04/2024;;
MS;2701140029;MS2701140029;TAMPA - LATA 350/269/473ML - B64;TAMPA;LATA;0;GERAL;0;MAR;2024;03/2024;;
MS;2701140029;MS2701140029;TAMPA - LATA 350/269/473ML - B64;TAMPA;LATA;2920320;GERAL;700876,79999999993;ABR;2024;04/2024;;
MS;2701140029;MS2701140029;TAMPA - LATA 350/269/473ML - B64;TAMPA;LATA;0;GERAL;0;FEV;2024;02/2024;;
PR;2701010163;PR2701010163;ROTULO TUBA JUJUBA 2L;ROTULO;BOPP;1500000;MABFLEX;53249,999999999993;MAR;2024;03/2024;;
PR;2701010150;PR2701010150;ROTULO TUBAINA 2L;ROTULO;BOPP;300000;GERAL;10649,999999999998;AGO;2024;08/2024;;
PR;2701010164;PR2701010164;ROTULO TUBAJUJUBA LARANJA S/SUCO 2L;ROTULO;BOPP;200000;MABFLEX;7099,9999999999991;MAR;2024;03/2024;;
PR;2701010154;PR2701010154;ROTULO REFRIKO UVA DQI1% 200 ML ;ROTULO;BOPP;500000;GERAL;4000;MAR;2024;03/2024;;
PA;11080256;PA11080256;ROTULO MICOS UVA 500ML;ROTULO;BOPP-PA;200000;GERAL;6746,0000000000009;MAI;2024;05/2024;;
SP;2801030017;SP2801030017;TAMPA PLASTICA PRETA OMNI 120 COM VEDANTE;TAMPA;PET;3024000;GERAL;131038,99200000001;ABR;2024;04/2024;;
MS;2701030049;MS2701030049;TAMPA VERDE REFRIKO;TAMPA;PET;0;GERAL;0;MAR;2024;03/2024;;
PR;2701010154;PR2701010154;ROTULO REFRIKO UVA DQI1% 200 ML ;ROTULO;BOPP;500000;GERAL;4000;MAR;2024;03/2024;;
PR;2701010154;PR2701010154;ROTULO REFRIKO UVA DQI1% 200 ML ;ROTULO;BOPP;600000;GERAL;4800;JUN;2024;06/2024;;
PR;2701010155;PR2701010155;ROTULO REFRIKO UVA DQI1% 2L;ROTULO;BOPP;300000;GERAL;10649,999999999998;ABR;2024;04/2024;;
PR;2701010155;PR2701010155;ROTULO REFRIKO UVA DQI1% 2L;ROTULO;BOPP;240000;GERAL;8520;JUN;2024;06/2024;;
PR;2701070002;PR2701070002;SACARINA SÓDICA;EDULCORANTE;XAROPARIA;0;GERAL;0;MAR;2024;03/2024;;
PA;11080257;PA11080257;ROTULO TUCA COLA 200ML;ROTULO;BOPP-PA;300000;GERAL;1770;MAI;2024;05/2024;;
PA;11080258;PA11080258;ROTULO TUCA COLA 2L;ROTULO;BOPP-PA;200000;GERAL;8326;ABR;2024;04/2024;;
MS;2701040012;MS2701040012;SHRINK MOEMA 269ML - 350X0,06;FILME;MOEMA;500;GERAL;7250;MAR;2024;03/2024;;
MS;2701040012;MS2701040012;SHRINK MOEMA 269ML - 350X0,06;FILME;MOEMA;0;GERAL;0;FEV;2024;02/2024;;
MS;2701040014;MS2701040014;SHRINK LISO - 390X0,06;FILME;MARQUES;500;LORD;5175;MAR;2024;03/2024;;
MS;2701040014;MS2701040014;SHRINK LISO - 390X0,06;FILME;MARQUES;500;GERAL;5175;MAR;2024;03/2024;;
MS;2701040014;MS2701040014;SHRINK LISO - 390X0,06;FILME;MARQUES;0;GERAL;0;FEV;2024;02/2024;;
MS;2701040014;MS2701040014;SHRINK LISO - 390X0,06;FILME;MARQUES;0;GERAL;0;FEV;2024;02/2024;;
MS;2701040001;MS2701040001;FILME TERMO ENCOLHIVEL 420 X 0,05;FILME;JUJ/TERN;0;GERAL;0;MAR;2024;03/2024;;
MS;2701040002;MS2701040002;FILME TERMO ENCOLHIVEL 420 X 0,06;FILME;REFR/ENERG.;2000;LORD;47000;MAR;2024;03/2024;;
MS;2701040002;MS2701040002;FILME TERMO ENCOLHIVEL 420 X 0,06;FILME;REFR/ENERG.;2000;GERAL;47000;MAR;2024;03/2024;;
MS;2701040002;MS2701040002;FILME TERMO ENCOLHIVEL 420 X 0,06;FILME;REFR/ENERG.;6000;GERAL;141000;ABR;2024;04/2024;;
MS;2701040002;MS2701040002;FILME TERMO ENCOLHIVEL 420 X 0,06;FILME;REFR/ENERG.;0;GERAL;0;JAN;2024;01/2024;;
MS;2701040002;MS2701040002;FILME TERMO ENCOLHIVEL 420 X 0,06;FILME;REFR/ENERG.;0;GERAL;0;FEV;2024;02/2024;;
MS;2701040002;MS2701040002;FILME TERMO ENCOLHIVEL 420 X 0,06;FILME;REFR/ENERG.;0;GERAL;0;FEV;2024;02/2024;;
MS;2701040003;MS2701040003;FILME TERMO ENCOLHÍVEL DE 560X006;FILME;DIVERSOS;2000;GERAL;47000;MAR;2024;03/2024;;
MS;2701040003;MS2701040003;FILME TERMO ENCOLHÍVEL DE 560X006;FILME;DIVERSOS;2000;GERAL;47000;ABR;2024;04/2024;;
MS;2701040003;MS2701040003;FILME TERMO ENCOLHÍVEL DE 560X006;FILME;DIVERSOS;0;GERAL;0;FEV;2024;02/2024;;
MS;2701040024;MS2701040024;FILME TERMO ENCOLHÍVEL DE 560X0,05;FILME;DIVERSOS;10000;GERAL;103500;MAI;2024;05/2024;;
MS;2701040010;MS2701040010;SHRINK MOEMA 473ML - 400X0,06;FILME;MOEMA;1000;GERAL;14500;MAR;2024;03/2024;;
PR;DAT4;PRDAT4;SOLVENTE DOMINO (UND);NÃO PRODUTIVO;DATADORA;0;GERAL;0;MAR;2024;03/2024;;
PR;DAT1;PRDAT1;SOLVENTE LINX 1512 ;NÃO PRODUTIVO;DATADORA;0;GERAL;0;FEV;2024;02/2024;;
PA;11080259;PA11080259;ROTULO TUCA COLA 500ML;ROTULO;BOPP-PA;200000;GERAL;6746,0000000000009;MAI;2024;05/2024;;
PR;DAT1;PRDAT1;SOLVENTE LINX 1512 ;NÃO PRODUTIVO;DATADORA;0;GERAL;0;MAR;2024;03/2024;;
PR;DAT1;PRDAT1;SOLVENTE LINX 1512 ;NÃO PRODUTIVO;DATADORA;0;GERAL;0;ABR;2024;04/2024;;
PR;DAT1;PRDAT1;SOLVENTE LINX 1512 ;NÃO PRODUTIVO;DATADORA;0;GERAL;0;MAI;2024;05/2024;;
PA;12030005;PA12030005;TINTA IC2BK124 N(DATADORA);NÃO PRODUTIVO;DATADORA;3;GERAL;0;JUN;2024;06/2024;;
PR;DAT1;PRDAT1;SOLVENTE LINX 1512 ;NÃO PRODUTIVO;DATADORA;10;GERAL;0;MAI;2024;05/2024;;
PR;2701100001;PR2701100001;SORBATO DE POTASSIO 25KG;ACID.E CONSERV.;REF/ENER/ROM/DEL;0;GERAL;0;FEV;2024;02/2024;;
PR;2701130001;PR2701130001;SUCO CONCENTRADO LARANJA;SUCO;XAROPARIA;0;GERAL;0;MAR;2024;03/2024;;
PR;DAT3;PRDAT3;TINTA DOMINO;NÃO PRODUTIVO;DATADORA;0;GERAL;0;MAR;2024;03/2024;;
PR;DAT3;PRDAT3;TINTA DOMINO;NÃO PRODUTIVO;DATADORA;4;GERAL;0;JUL;2024;07/2024;;
PA;12030005;PA12030005;TINTA IC2BK124 N(DATADORA);NÃO PRODUTIVO;DATADORA;2;GERAL;0;JUL;2024;07/2024;;
PA;12030005;PA12030005;TINTA IC2BK124 N(DATADORA);NÃO PRODUTIVO;DATADORA;2;GERAL;0;AGO;2024;08/2024;;
MS;DAT2;MSDAT2;TINTA LINX 1240;NÃO PRODUTIVO;DATADORA;3;GERAL;0;ABR;2024;04/2024;;
MS;CIP6;MSCIP6;TOWER CLEAN (TORRE DE RESFRIAMENTO);NÃO PRODUTIVO;CIP;200;GERAL;0;MAR;2024;03/2024;;
PR;2701130002;PR2701130002;SUCO CONCENTRADO LIMÃO;SUCO;XAROPARIA;0;GERAL;0;FEV;2024;02/2024;;
PR;2701130002;PR2701130002;SUCO CONCENTRADO LIMÃO;SUCO;XAROPARIA;0;GERAL;0;MAR;2024;03/2024;;
MS;2701150002;MS2701150002;VASILHEME OW LW 600 ML AMBAR (CERVEJA);VASILHAME;NORMAL;69450;GERAL;38197,5;MAI;2024;05/2024;;
MS;2701170003;MS2701170003;VINHO DE MESA TINTO SECO GRANEL;VINHO;TANQUE;0;GERAL;0;FEV;2024;02/2024;;
MS;2701170003;MS2701170003;VINHO DE MESA TINTO SECO GRANEL;VINHO;TANQUE;0;GERAL;0;FEV;2024;02/2024;;
MS;2701170003;MS2701170003;VINHO DE MESA TINTO SECO GRANEL;VINHO;TANQUE;0;GERAL;0;FEV;2024;02/2024;;
MS;2701170003;MS2701170003;VINHO DE MESA TINTO SECO GRANEL;VINHO;TANQUE;0;GERAL;0;FEV;2024;02/2024;;
MS;2701170003;MS2701170003;VINHO DE MESA TINTO SECO GRANEL;VINHO;TANQUE;0;GERAL;0;FEV;2024;02/2024;;
MS;2701170003;MS2701170003;VINHO DE MESA TINTO SECO GRANEL;VINHO;TANQUE;0;GERAL;0;MAR;2024;03/2024;;
MS;2701170003;MS2701170003;VINHO DE MESA TINTO SECO GRANEL;VINHO;TANQUE;37000;GERAL;155400;MAR;2024;03/2024;;
MS;2701170003;MS2701170003;VINHO DE MESA TINTO SECO GRANEL;VINHO;TANQUE;37000;GERAL;155400;MAR;2024;03/2024;;
MS;2701170003;MS2701170003;VINHO DE MESA TINTO SECO GRANEL;VINHO;TANQUE;37000;GERAL;155400;ABR;2024;04/2024;;
MS;2701170003;MS2701170003;VINHO DE MESA TINTO SECO GRANEL;VINHO;TANQUE;37000;GERAL;155400;ABR;2024;04/2024;;
MS;2701170003;MS2701170003;VINHO DE MESA TINTO SECO GRANEL;VINHO;TANQUE;37000;GERAL;155400;ABR;2024;04/2024;;
MS;2701170003;MS2701170003;VINHO DE MESA TINTO SECO GRANEL;VINHO;TANQUE;37000;GERAL;155400;ABR;2024;04/2024;;
MS;2701170003;MS2701170003;VINHO DE MESA TINTO SECO GRANEL;VINHO;TANQUE;37000;GERAL;155400;MAI;2024;05/2024;;
MS;2701170003;MS2701170003;VINHO DE MESA TINTO SECO GRANEL;VINHO;TANQUE;37000;GERAL;155400;MAI;2024;05/2024;;
MS;2701170003;MS2701170003;VINHO DE MESA TINTO SECO GRANEL;VINHO;TANQUE;37000;GERAL;155400;MAI;2024;05/2024;;
MS;2701170003;MS2701170003;VINHO DE MESA TINTO SECO GRANEL;VINHO;TANQUE;37000;GERAL;155400;MAI;2024;05/2024;;
MS;2701170003;MS2701170003;VINHO DE MESA TINTO SECO GRANEL;VINHO;TANQUE;37000;GERAL;155400;MAI;2024;05/2024;;
MS;2701190004;MS2701190004;XAROPE DE HIGH MALTOSE 25KG (BREWGILL);CERVEJARIA;OUTROS;0;GERAL;0;FEV;2024;02/2024;;
MS;2701190004;MS2701190004;XAROPE DE HIGH MALTOSE 25KG (BREWGILL);CERVEJARIA;OUTROS;0;GERAL;0;MAR;2024;03/2024;;
MS;2701190004;MS2701190004;XAROPE DE HIGH MALTOSE 25KG (BREWGILL);CERVEJARIA;OUTROS;30000;GERAL;83400;ABR;2024;04/2024;;
MS;2701190004;MS2701190004;XAROPE DE HIGH MALTOSE 25KG (BREWGILL);CERVEJARIA;OUTROS;30000;GERAL;83400;ABR;2024;04/2024;;
MS;2701020075;MS2701020075;PREFORMA PET 46,7GR CRISTAL;PREFORMA;FURIOSO 2L;600000;GERAL;356400;MAI;2024;05/2024;;
PA;11080260;PA11080260;ROTULO TUCA GUARANA 200ML;ROTULO;BOPP-PA;500000;GERAL;2950;MAI;2024;05/2024;;
PA;11080261;PA11080261;ROTULO TUCA GUARANA 2L;ROTULO;BOPP-PA;200000;GERAL;8326;ABR;2024;04/2024;;
PA;11080262;PA11080262;ROTULO TUCA GUARANA 500ML;ROTULO;BOPP-PA;300000;GERAL;10119,000000000002;MAI;2024;05/2024;;
PA;11080263;PA11080263;ROTULO TUCA LARANJA 200ML;ROTULO;BOPP-PA;300000;GERAL;1770;MAI;2024;05/2024;;
PA;11080264;PA11080264;ROTULO TUCA LARANJA 2L;ROTULO;BOPP-PA;200000;GERAL;8326;ABR;2024;04/2024;;
PA;11080265;PA11080265;ROTULO TUCA LARANJA 500ML;ROTULO;BOPP-PA;200000;GERAL;6746,0000000000009;MAI;2024;05/2024;;
PA;11080266;PA11080266;ROTULO TUCA UVA 200ML;ROTULO;BOPP-PA;300000;GERAL;1770;MAI;2024;05/2024;;
PA;11080268;PA11080268;ROTULO TUCA UVA 500ML;ROTULO;BOPP-PA;200000;ELLOFLEX;6746,0000000000009;ABR;2024;04/2024;;
PA;11080268;PA11080268;ROTULO TUCA UVA 500ML;ROTULO;BOPP-PA;200000;ELLOFLEX;6746,0000000000009;MAI;2024;05/2024;;
PA;10090032;PA10090032;SACARINA SÓDICA;EDULCORANTE;XAROPARIA;50;GERAL;1920;MAI;2024;05/2024;;
PA;10020001;PA10020001;AROMA DE LARANJA IDENTICO AO NATURAL;AROMA;REFRIGERANTE;0;GERAL;0;JUL;2024;07/2024;;
PA;10090011;PA10090011;SUCO CONCENTRADO LIMÃO;SUCO;XAROPARIA;2000;GERAL;32400;MAI;2024;05/2024;;
PA;10090094;PA10090094;SUCO CONCENTRADO UVA;SUCO;XAROPARIA;3500;GERAL;36750;MAI;2024;05/2024;;
MS;2701190004;MS2701190004;XAROPE DE HIGH MALTOSE 25KG (BREWGILL);CERVEJARIA;OUTROS;30000;GERAL;83400;MAI;2024;05/2024;;
MS;2701190004;MS2701190004;XAROPE DE HIGH MALTOSE 25KG (BREWGILL);CERVEJARIA;OUTROS;30000;GERAL;83400;MAI;2024;05/2024;;
MS;2701190004;MS2701190004;XAROPE DE HIGH MALTOSE 25KG (BREWGILL);CERVEJARIA;OUTROS;30000;GERAL;83400;MAI;2024;05/2024;;
MS;2701190004;MS2701190004;XAROPE DE HIGH MALTOSE 25KG (BREWGILL);CERVEJARIA;OUTROS;30000;GERAL;83400;MAI;2024;05/2024;;
MS;2701190004;MS2701190004;XAROPE DE HIGH MALTOSE 25KG (BREWGILL);CERVEJARIA;OUTROS;30000;GERAL;83400;MAI;2024;05/2024;;
MS;2701140029;MS2701140029;TAMPA - LATA 350/269/473ML - B64;TAMPA;LATA;2920000;GERAL;700800;MAI;2024;05/2024;;
MS;2701140029;MS2701140029;TAMPA - LATA 350/269/473ML - B64;TAMPA;LATA;1460000;GERAL;350400;JUN;2024;06/2024;;
MS;2701190001;MS2701190001;MALTE PILSEN BAG 1000 - BARLEY;CERVEJARIA;MALTE;33640;GERAL;110675,6;MAI;2024;05/2024;;
MS;2701190001;MS2701190001;MALTE PILSEN BAG 1000 - BARLEY;CERVEJARIA;MALTE;33640;GERAL;110675,6;MAI;2024;05/2024;;
MS;2701190001;MS2701190001;MALTE PILSEN BAG 1000 - BARLEY;CERVEJARIA;MALTE;33640;GERAL;110675,6;MAI;2024;05/2024;;
MS;2701190001;MS2701190001;MALTE PILSEN BAG 1000 - BARLEY;CERVEJARIA;MALTE;33640;GERAL;110675,6;MAI;2024;05/2024;;
MS;2701190001;MS2701190001;MALTE PILSEN BAG 1000 - BARLEY;CERVEJARIA;MALTE;33640;GERAL;110675,6;JUN;2024;06/2024;;
MS;2701140006;MS2701140006;LATA AL BELA ROMA / 473ML ;LATA;BELLA ROMA;1058080;GERAL;539620,80000000005;MAI;2024;05/2024;;
MS;2701140015;MS2701140015;LATA AL 473ML FURIOSO MELANCIA E MORANGO;LATA;FURIOSO;31120;GERAL;15871,2;MAI;2024;05/2024;;
MS;2701140026;MS2701140026;LATA AL 473ML FURIOSO;LATA;FURIOSO;286304;GERAL;146015,04000000001;MAI;2024;05/2024;;
MS;2701140018;MS2701140018;LATA AL 350ML MOEMA;LATA;MOEMA;3243284;GERAL;1232447,92;MAI;2024;05/2024;;
MS;2701140018;MS2701140018;LATA AL 350ML MOEMA;LATA;MOEMA;302253;GERAL;114856,14;JUN;2024;06/2024;;
MS;2701140003;MS2701140003;LATA AL 355ML BAMBOA LAGER;LATA;BAMBOA;187887;GERAL;80791,41;MAI;2024;05/2024;;
MS;2701140033;MS2701140033;LATA AL 269ML FURIOSO MELANCIA E MORANGO;LATA;FURIOSO;33264;GERAL;1397,0880000000002;MAI;2024;05/2024;;
MS;2701140037;MS2701140037;LATA AL 269ML FURIOSO TROPICAL;LATA;FURIOSO;33264;GERAL;1397,0880000000002;MAI;2024;05/2024;;
MS;2701140020;MS2701140020;LATA AL 350ML COLA;LATA;REFRIKO;0;GERAL;0;JUN;2024;06/2024;;
MS;2701140018;MS2701140018;LATA AL 350ML MOEMA;LATA;MOEMA;0;GERAL;0;JUN;2024;06/2024;;
MS;2701140006;MS2701140006;LATA AL BELA ROMA / 473ML ;LATA;BELLA ROMA;267632;GERAL;136492,32;JUN;2024;06/2024;;
PR;2801170001;PR2801170001;AGUARDENTE DE CANA CACHACA LT;CACHAÇA;TANQUE;15000;GERAL;33900;MAI;2024;05/2024;;
PR;2801170001;PR2801170001;AGUARDENTE DE CANA CACHACA LT;CACHAÇA;TANQUE;15000;GERAL;33900;MAI;2024;05/2024;;
PR;2801170001;PR2801170001;AGUARDENTE DE CANA CACHACA LT;CACHAÇA;TANQUE;15000;GERAL;33900;MAI;2024;05/2024;;
PR;2801170001;PR2801170001;AGUARDENTE DE CANA CACHACA LT;CACHAÇA;TANQUE;15000;GERAL;33900;MAI;2024;05/2024;;
MS;2701170002;MS2701170002;ETANOL NEUTRO ALCOOL ETILICO POT 96º-IND;ETANOL;TANQUE;45000;GERAL;201330;MAI;2024;05/2024;;
MS;2701170002;MS2701170002;ETANOL NEUTRO ALCOOL ETILICO POT 96º-IND;ETANOL;TANQUE;45000;GERAL;201330;MAI;2024;05/2024;;
MS;2701140035;MS2701140035;LATA AL 269ML FURIOSO;LATA;FURIOSO;110880;GERAL;4656,96;MAI;2024;05/2024;;
SP;COLA1;SPCOLA1;COLA KRONES (PET);NÃO PRODUTIVO;CIP;32;GERAL;0;MAI;2024;05/2024;;
MS;2701050020;MS2701050020;EMULSÃO COLA E-0388 ADM (NOVO);EMULSAO;XAROPARIA;200;ADM;76902;JUN;2024;06/2024;;
PR;2701130002;PR2701130002;SUCO CONCENTRADO LIMÃO;SUCO;XAROPARIA;2000;GERAL;33000;MAI;2024;05/2024;;
MS;2701040001;MS2701040001;FILME TERMO ENCOLHIVEL 420 X 0,05;FILME;JUJ/TERN;1000;GERAL;21000;JUN;2024;06/2024;;
PR;2701130003;PR2701130003;SUCO CONCENTRADO UVA;SUCO;XAROPARIA;3000;GERAL;39000;MAI;2024;05/2024;;
PR;2701070001;PR2701070001;SUCRALOSE;EDULCORANTE;XAROPARIA;400;SAPORITI;35200;MAR;2024;03/2024;;
PR;2701070001;PR2701070001;SUCRALOSE;EDULCORANTE;XAROPARIA;200;GERAL;17600;MAI;2024;05/2024;;
PR;2701030037;PR2701030037;TAMPA AMARELA LISA;TAMPA;PET;0;GERAL;0;FEV;2024;02/2024;;
MS;2701040023;MS2701040023;FILME TERMO ENCOLHÍVEL DE 500X0,06 ;FILME;B.ROMA;1000;GERAL;11400;JUN;2024;06/2024;;
MS;2701010052;MS2701010052;CONTRA ROTULO BAMBOA 330ML (ARTE NOVA);ROTULO;ADESIVO;500000;GERAL;28055;JUL;2024;07/2024;;
MS;2701010052;MS2701010052;CONTRA ROTULO BAMBOA 330ML (ARTE NOVA);ROTULO;ADESIVO;500000;GERAL;28055;JUL;2024;07/2024;;
PR;2701030037;PR2701030037;TAMPA AMARELA LISA;TAMPA;PET;0;GERAL;0;MAR;2024;03/2024;;
PR;2701030037;PR2701030037;TAMPA AMARELA LISA;TAMPA;PET;2998800;GERAL;133296,66;JUN;2024;06/2024;;
PR;2701030037;PR2701030037;TAMPA AMARELA LISA;TAMPA;PET;3502800;GERAL;155699,46000000002;JUL;2024;07/2024;;
MS;2701090002;MS2701090002;ACIDO CITRICO;ACID.E CONSERV.;REF/ENER/ROM/DEL;30000;GERAL;268500;JUN;2024;06/2024;;
MS;2701090004;MS2701090004;ACIDO TARTARICO ;ACID.E CONSERV.;NOCH/TON/BEL;150;MCASSAB;5325;JUN;2024;06/2024;;
MS;2701100002;MS2701100002;BENZOATO DE SODIO;ACID.E CONSERV.;REF/ENER/NOCH/TON;500;GERAL;6050;JUN;2024;06/2024;;
PR;2801030015;PR2801030015;TAMPA DOURADA LISA;TAMPA;PET;302400;OPS;13103,899200000002;MAR;2024;03/2024;;
MS;2701060006;MS2701060006;CORANTE CARAMELO CERVEJA;CERVEJARIA;OUTROS;200;GERAL;1208;JUL;2024;07/2024;;
PR;2801030015;PR2801030015;TAMPA DOURADA LISA;TAMPA;PET;151200;GERAL;6551,9496000000008;JUN;2024;06/2024;;
MS;2701050008;MS2701050008;AROMA FRUTAS TROPICAIS;AROMA;ENERGÉTICO;400;GERAL;59828;JUN;2024;06/2024;;
MS;2701050017;MS2701050017;AROMA IDENTICO AO NATURAL MELANCIA;AROMA;ENERGÉTICO;350;GERAL;13009,5;JUN;2024;06/2024;;
PR;2801030015;PR2801030015;TAMPA DOURADA LISA;TAMPA;PET;201600;GERAL;8735,9328000000005;JUL;2024;07/2024;;
PR;2701030043;PR2701030043;TAMPA LARANJA REFRIKO;TAMPA;PET;0;GERAL;0;FEV;2024;02/2024;;
PR;2701030043;PR2701030043;TAMPA LARANJA REFRIKO;TAMPA;PET;0;GERAL;0;MAR;2024;03/2024;;
MS;2701050027;MS2701050027;AROMA UVA REFRIKO 84;AROMA;REFRIGERANTE;150;GERAL;4200;JUN;2024;06/2024;;
PR;2701030043;PR2701030043;TAMPA LARANJA REFRIKO;TAMPA;PET;648900;GERAL;28843,605000000003;JUN;2024;06/2024;;
PR;2701030043;PR2701030043;TAMPA LARANJA REFRIKO;TAMPA;PET;699300;GERAL;31083,885000000002;JUL;2024;07/2024;;
PR;2701030044;PR2701030044;TAMPA LILAS LISA;TAMPA;PET;0;GERAL;0;FEV;2024;02/2024;;
MS;2701160011;MS2701160011;CX ONE WAY BAMBOA 12X330ML;CAIXA;CERVEJA;30000;GERAL;55200;JUN;2024;06/2024;;
PR;2701030044;PR2701030044;TAMPA LILAS LISA;TAMPA;PET;0;GERAL;0;MAR;2024;03/2024;;
MS;2701070004;MS2701070004;CICLAMATO DE SÓDIO ;EDULCORANTE;XAROPARIA;100;GERAL;1418;JUN;2024;06/2024;;
PR;2701030044;PR2701030044;TAMPA LILAS LISA;TAMPA;PET;151200;GERAL;6720,84;ABR;2024;04/2024;;
MS;2701130001;MS2701130001;SUCO CONCENTRADO LARANJA;SUCO;XAROPARIA;1500;GERAL;18000;JUN;2024;06/2024;;
MS;2701130003;MS2701130003;SUCO CONCENTRADO UVA;SUCO;XAROPARIA;15000;GERAL;195000;JUN;2024;06/2024;;
MS;2701150001;MS2701150001;VASILHAME GINGUALA 970ML;VASILHAME;NORMAL;39424;GERAL;61895,68;JUN;2024;06/2024;;
MS;2701150001;MS2701150001;VASILHAME GINGUALA 970ML;VASILHAME;NORMAL;39424;GERAL;61895,68;JUN;2024;06/2024;;
MS;2701150001;MS2701150001;VASILHAME GINGUALA 970ML;VASILHAME;NORMAL;39424;GERAL;61895,68;JUN;2024;06/2024;;
MS;2701150004;MS2701150004;VASILHAME OW 600ML (BELLA ROMA);VASILHAME;NORMAL;56770;GERAL;64150,099999999991;JUN;2024;06/2024;;
MS;2701240004;MS2701240004;CHAPA SEM IMPRESSAO 1000X1200 (NOVA);SEPARADOR DE CAMADAS;CHAPA;41000;GERAL;51250;JUL;2024;07/2024;;
PR;2801010069;PR2801010069;ROTULO CACHACA CAIDEIRA 450ML;ROTULO;BOPP;500000;GERAL;7849,9999999999991;JUL;2024;07/2024;;
PR;2701030044;PR2701030044;TAMPA LILAS LISA;TAMPA;PET;500000;GERAL;22225;MAI;2024;05/2024;;
PR;2701030049;PR2701030049;TAMPA VERDE REFRIKO;TAMPA;PET;0;GERAL;0;FEV;2024;02/2024;;
PR;2701030049;PR2701030049;TAMPA VERDE REFRIKO;TAMPA;PET;0;GERAL;0;MAR;2024;03/2024;;
PR;2701030049;PR2701030049;TAMPA VERDE REFRIKO;TAMPA;PET;907200;GERAL;40325,040000000001;ABR;2024;04/2024;;
PR;2701030049;PR2701030049;TAMPA VERDE REFRIKO;TAMPA;PET;185600;GERAL;8249,92;MAI;2024;05/2024;;
PR;2701010150;PR2701010150;ROTULO TUBAINA 2L;ROTULO;BOPP;300000;GERAL;10649,999999999998;JUL;2024;07/2024;;
PA;10020009;PA10020009;AROMA UVA REFRIKO 84;AROMA;REFRIGERANTE;1400;SAPORITI;32900;JUL;2024;07/2024;;
PA;10090071;PA10090071;SUCRALOSE;EDULCORANTE;XAROPARIA;0;GERAL;0;MAI;2024;05/2024;;
PA;10090295;PA10090295;CONCENTRADO COLA IAB 7729 (NOVO);CONCENT./KITs;KIT COLA;4000;GERAL;89560;JUL;2024;07/2024;;
PA;11090001;PA11090001;TAMPA LARANJA REFRIKO;TAMPA;PET;304800;GERAL;14225,016000000001;MAI;2024;05/2024;;
PA;11090034;PA11090034;TAMPA LILAS LISA;TAMPA;PET;304800;GERAL;14225,016000000001;MAI;2024;05/2024;;
PA;11090031;PA11090031;TAMPA VERMELHA LISA;TAMPA;PET;3000000;GERAL;140010;MAI;2024;05/2024;;
PA;11090031;PA11090031;TAMPA VERMELHA LISA;TAMPA;PET;914400;GERAL;42675,048000000003;MAI;2024;05/2024;;
MS;DAT2;MSDAT2;TINTA LINX 1240;NÃO PRODUTIVO;DATADORA;1;GERAL;0;MAI;2024;05/2024;;
MS;2701020090;MS2701020090;PREFORMA 18G CRISTAL 500 ML - DESCONTINUAR;PREFORMA;REFRIKO 500ML;83520;GERAL;21434,572799999998;JUN;2024;06/2024;;
MS;2701020059;MS2701020059;PREFORMA 41 G CRISTAL;PREFORMA;REFRIKO 2L;207552;GERAL;115253,6256;JUN;2024;06/2024;;
MS;2701020102;MS2701020102;PREFORMA 41 G VERDE;PREFORMA;REFRIKO 2L;1079520;GERAL;433211,37599999999;JUN;2024;06/2024;;
PR;2701030049;PR2701030049;TAMPA VERDE REFRIKO;TAMPA;PET;1348200;GERAL;59927,490000000005;JUL;2024;07/2024;;
PR;2701030050;PR2701030050;TAMPA VERMELHA LISA;TAMPA;PET;0;GERAL;0;MAR;2024;03/2024;;
PR;2701030050;PR2701030050;TAMPA VERMELHA LISA;TAMPA;PET;756000;GERAL;33604,200000000004;ABR;2024;04/2024;;
PR;2701030050;PR2701030050;TAMPA VERMELHA LISA;TAMPA;PET;598500;GERAL;26603,325000000001;JUL;2024;07/2024;;
PR;3002020009;PR3002020009;TERRA CELITE DIATOMITA SPEEDFLOW/STANDARD (VERMELHO);TERRA;XAROPARIA;0;VENETO;0;MAR;2024;03/2024;;
PR;3002020011;PR3002020011;TERRA DIATOMITA 341/HYFLOW (AZUL);TERRA;XAROPARIA;0;VENETO ;0;MAR;2024;03/2024;;
SP;2801020041;SP2801020041;PREFORMA 18G CRISTAL 500 ML;PREFORMA;PET 500 PA;876960;GERAL;225063,01439999999;JUN;2024;06/2024;;
SP;2801020042;SP2801020042;PREFORMA 15G CRISTAL;PREFORMA;PET 500 PA;3494400;GERAL;773415,55200000003;JUN;2024;06/2024;;
SP;2801030014;SP2801030014;TAMPA PLASTICA AZUL OMNI                             ;TAMPA;PET;3628800;GERAL;157246,7904;JUN;2024;06/2024;;
PR;DAT2;PRDAT2;TINTA LINX 1240;NÃO PRODUTIVO;DATADORA;0;GERAL;0;MAR;2024;03/2024;;
PR;DAT2;PRDAT2;TINTA LINX 1240;NÃO PRODUTIVO;DATADORA;0;GERAL;0;FEV;2024;02/2024;;
PR;DAT2;PRDAT2;TINTA LINX 1240;NÃO PRODUTIVO;DATADORA;0;GERAL;0;ABR;2024;04/2024;;
PR;DAT2;PRDAT2;TINTA LINX 1240;NÃO PRODUTIVO;DATADORA;0;GERAL;0;MAI;2024;05/2024;;
PR;DAT2;PRDAT2;TINTA LINX 1240;NÃO PRODUTIVO;DATADORA;5;GERAL;0;MAI;2024;05/2024;;
MS;DAT2;MSDAT2;TINTA LINX 1240;NÃO PRODUTIVO;DATADORA;2;GERAL;0;MAI;2024;05/2024;;
SP;2801030017;SP2801030017;TAMPA PLASTICA PRETA OMNI 120 COM VEDANTE;TAMPA;PET;907200;GERAL;39311,6976;JUL;2024;07/2024;;
MS;2701030037;MS2701030037;TAMPA AMARELA LISA;TAMPA;PET;1209600;GERAL;59270,400000000001;JUL;2024;07/2024;;
SP;2801010068;SP2801010068;ROTULO BOPP AGUA S/ GAS HIDRATAR 500ML                   ;ROTULO;BOPP;3000000;GERAL;31680;MAI;2024;05/2024;;
MS;2701140007;MS2701140007;LATA AL 269ML CAYMAN PILSEN;LATA;CAYMAN;255024;GERAL;10711,008;MAI;2024;05/2024;;
MS;DAT1;MSDAT1;SOLVENTE LINX 1512 ;NÃO PRODUTIVO;DATADORA;3;GERAL;0;MAI;2024;05/2024;;
MS;DAT2;MSDAT2;TINTA LINX 1240;NÃO PRODUTIVO;DATADORA;7;GERAL;0;JUN;2024;06/2024;;
MS;CIP6;MSCIP6;TOWER CLEAN (TORRE DE RESFRIAMENTO);NÃO PRODUTIVO;CIP;100;GERAL;0;MAI;2024;05/2024;;
MS;DAT3;MSDAT3;ADITIVO PARA LIMPEZA LINX 1512;NÃO PRODUTIVO;DATADORA;1;GERAL;0;JUN;2024;06/2024;;
MS;DAT6;MSDAT6;ADITIVO PARA LIMPEZA VIDEO JET V901Q;NÃO PRODUTIVO;DATADORA;1;GERAL;0;JUL;2024;07/2024;;
MS;CIP3;MSCIP3;B - 160 (CIP ENCHEDORA PET);NÃO PRODUTIVO;CIP;100;GERAL;0;JUL;2024;07/2024;;
MS;COLA2;MSCOLA2;COLA TECHNOMELT 175 (VIDRO, CAIXAS);NÃO PRODUTIVO;COLA;50;GERAL;0;JUL;2024;07/2024;;
MS;FILT1;MSFILT1;FILTRO 1MIC. (LATA E VIDRO);NÃO PRODUTIVO;FILTRAGEM;60;GERAL;0;JUN;2024;06/2024;;
MS;CIP5;MSCIP5;Kurita (TRATAMENTO CALDEIRA);NÃO PRODUTIVO;CIP;100;GERAL;0;JUN;2024;06/2024;;
MS;CIP1;MSCIP1;LUBMAX PL PK (SABÃO DE ESTEIRA PET, LATA E VIDRO);NÃO PRODUTIVO;CIP;700;GERAL;0;JUL;2024;07/2024;;
MS;CIP4;MSCIP4;MASTER FOAM (LIMPEZA EXTERNA ENCHEDORAS);NÃO PRODUTIVO;CIP;50;GERAL;0;JUN;2024;06/2024;;
MS;CIP2;MSCIP2;SABÃO DE ESTEIRA (GTECH 8338) SILICONE;NÃO PRODUTIVO;CIP;10;GERAL;0;JUL;2024;07/2024;;
MS;CIP8;MSCIP8;SODA ESCAMA ;NÃO PRODUTIVO;CIP;250;GERAL;0;JUL;2024;07/2024;;
MS;CIP7;MSCIP7;SODA LIQUIDA (PRODUÇÃO, ETE, CERVEJARIA);NÃO PRODUTIVO;CIP;3000;GERAL;0;JUL;2024;07/2024;;
MS;DAT1;MSDAT1;SOLVENTE LINX 1512 ;NÃO PRODUTIVO;DATADORA;10;GERAL;0;JUN;2024;06/2024;;
MS;DAT4;MSDAT4;SOLVENTE VIDEO JET V705;NÃO PRODUTIVO;DATADORA;2;GERAL;0;JUL;2024;07/2024;;
MS;DAT7;MSDAT7;SOLVENTE VIDEO JET V852;NÃO PRODUTIVO;DATADORA;2;GERAL;0;JUL;2024;07/2024;;
MS;3002020010;MS3002020010;TERRA CELITE DIATOMITA 2500/535;TERRA;CERVEJARIA;3000;VENETO;26400,000000000004;JUN;2024;06/2024;;
MS;3002020009;MS3002020009;TERRA CELITE DIATOMITA SPEEDFLOW/STANDARD (VERMELHO);TERRA;CERVEJARIA;700;VENETO;6160,0000000000009;JUN;2024;06/2024;;
PR;DAT2;PRDAT2;TINTA LINX 1240;NÃO PRODUTIVO;DATADORA;3;GERAL;0;JUL;2024;07/2024;;
MS;DAT2;MSDAT2;TINTA LINX 1240;NÃO PRODUTIVO;DATADORA;6;GERAL;0;JUL;2024;07/2024;;
PR;DAT2;PRDAT2;TINTA LINX 1240;NÃO PRODUTIVO;DATADORA;3;GERAL;0;JUL;2024;07/2024;;
PR;CIP4;PRCIP4;GTECH 8338;NÃO PRODUTIVO;CIP;20;GERAL;0;JUN;2024;06/2024;;
PR;CIP3;PRCIP3;MULT ALCLOR;NÃO PRODUTIVO;CIP;25;GERAL;0;JUN;2024;06/2024;;
PR;CIP2;PRCIP2;MULT ORGANIC;NÃO PRODUTIVO;CIP;300;GERAL;0;JUN;2024;06/2024;;
MS;DAT5;MSDAT5;TINTA VIDEO JET V410;NÃO PRODUTIVO;DATADORA;0;GERAL;0;ABR;2024;04/2024;;
MS;2701010161;MS2701010161;ROTULO TERNURA TUBAINA 2L;ROTULO;BOPP;200000;GERAL;7099,9999999999991;JUL;2024;07/2024;;
MS;2701040015;MS2701040015;FILME TERMOENCOLHIVEL LISO 380X0,06MM;FILME;VIDRO;1000;GERAL;21000;JUN;2024;06/2024;;
MS;2701040025;MS2701040025;FILME TERMOENCOLHIVEL LISO 380X0,05MM;FILME;PET 500;1000;GERAL;21000;JUL;2024;07/2024;;
MS;2701200002;MS2701200002;LUPULO LSKE;CERVEJARIA;LUPULO;10;GERAL;10174,700000000001;JUN;2024;06/2024;;
PA;10090295;PA10090295;CONCENTRADO COLA IAB 7729 (NOVO);CONCENT./KITs;KIT COLA;3000;GERAL;67170;AGO;2024;08/2024;;
PA;10090091;PA10090091;CONCENTRADO PARA REFRIGERANTE GUARANÁ AF 210 ;AROMA;REFRIGERANTE;1800;GERAL;87601,85840707965;AGO;2024;08/2024;;
PA;10090292;PA10090292;CORANTE AMARANTO;CORANTE;REFRIGERANTE;0;GERAL;0;JUL;2024;07/2024;;
PR;3002020011;PR3002020011;TERRA DIATOMITA 341/HYFLOW (AZUL);TERRA;XAROPARIA;300;VENETO ;2640;JUN;2024;06/2024;;
MS;COLA3;MSCOLA3;COLA KRONES (PET);NÃO PRODUTIVO;COLA;48;GERAL;0;JUL;2024;07/2024;;
PA;12039993;PA12039993;COLA KRONES (PET);NÃO PRODUTIVO;CIP;0;GERAL;0;JUN;2024;06/2024;;
PR;COLA1;PRCOLA1;COLA KRONES (PET);NÃO PRODUTIVO;COLA;48;GERAL;0;JUL;2024;07/2024;;
SP;COLA1;SPCOLA1;COLA KRONES (PET);NÃO PRODUTIVO;CIP;64;GERAL;0;JUL;2024;07/2024;;
MS;2701190001;MS2701190001;MALTE PILSEN BAG 1000 - BARLEY;CERVEJARIA;MALTE;33640;GERAL;110675,6;JUN;2024;06/2024;;
MS;2701190001;MS2701190001;MALTE PILSEN BAG 1000 - BARLEY;CERVEJARIA;MALTE;33640;GERAL;110675,6;JUN;2024;06/2024;;
MS;2701190001;MS2701190001;MALTE PILSEN BAG 1000 - BARLEY;CERVEJARIA;MALTE;33640;GERAL;110675,6;JUN;2024;06/2024;;
MS;2701190001;MS2701190001;MALTE PILSEN BAG 1000 - BARLEY;CERVEJARIA;MALTE;33640;GERAL;110675,6;JUN;2024;06/2024;;
MS;2701140029;MS2701140029;TAMPA - LATA 350/269/473ML - B64;TAMPA;LATA;2920000;GERAL;700800;JUN;2024;06/2024;;
MS;2701140029;MS2701140029;TAMPA - LATA 350/269/473ML - B64;TAMPA;LATA;2920000;GERAL;700800;JUN;2024;06/2024;;
MS;2701190004;MS2701190004;XAROPE DE HIGH MALTOSE 25KG (BREWGILL);CERVEJARIA;OUTROS;30000;GERAL;83400;JUN;2024;06/2024;;
MS;2701190004;MS2701190004;XAROPE DE HIGH MALTOSE 25KG (BREWGILL);CERVEJARIA;OUTROS;30000;GERAL;83400;JUN;2024;06/2024;;
MS;2701190004;MS2701190004;XAROPE DE HIGH MALTOSE 25KG (BREWGILL);CERVEJARIA;OUTROS;30000;GERAL;83400;JUN;2024;06/2024;;
MS;2701190004;MS2701190004;XAROPE DE HIGH MALTOSE 25KG (BREWGILL);CERVEJARIA;OUTROS;30000;GERAL;83400;JUL;2024;07/2024;;
PR;DAT1;PRDAT1;SOLVENTE LINX 1512 ;NÃO PRODUTIVO;DATADORA;5;GERAL;0;JUL;2024;07/2024;;
MS;DAT5;MSDAT5;TINTA VIDEO JET V410;NÃO PRODUTIVO;DATADORA;1;GERAL;0;MAI;2024;05/2024;;
PR;DAT4;PRDAT4;SOLVENTE DOMINO (UND);NÃO PRODUTIVO;DATADORA;7;GERAL;0;JUL;2024;07/2024;;
PA;10090292;PA10090292;CORANTE AMARANTO;CORANTE;REFRIGERANTE;70;GERAL;4759,2999999999993;JUL;2024;07/2024;;
PA;10090056;PA10090056;CORANTE AMARELO SUNSET;CORANTE;XAROPARIA;5;GERAL;209,20000000000002;JUL;2024;07/2024;;
PA;10090056;PA10090056;CORANTE AMARELO SUNSET;CORANTE;XAROPARIA;30;GERAL;1255,2;JUL;2024;07/2024;;
PA;10090037;PA10090037;CORANTE AZUL BRILHANTE;CORANTE;ENERGÉTICO;5;SAPORITI;496,85;SET;2024;09/2024;;
PA;12038501;PA12038501;DETERGENTE ALCALINO CLORADO DIVOSANT TC 86 DIVERSEY;NÃO PRODUTIVO;CIP;100;GERAL;0;JUN;2024;06/2024;;
PR;2701020051;PR2701020051;PREFORMA PET 200 ML CRISTAL 12 g ;PREFORMA;REFRIKO 200ML;1160064;GERAL;229632,34867200002;JUN;2024;06/2024;;
PR;2701020097;PR2701020097;PREFORMA PET 200 ML VERDE 12 g ;PREFORMA;REFRIKO 200ML;976896;GERAL;193374,60940800002;JUN;2024;06/2024;;
PR;2701020055;PR2701020055;PREFORMA 18G CRISTAL;PREFORMA;FURIOSO 250ML;1048320;GERAL;269040,84479999996;JUN;2024;06/2024;;
PR;2701020102;PR2701020102;PREFORMA 41G VERDE;PREFORMA;REFRIKO 2L;938496;GERAL;489144,1152;JUN;2024;06/2024;;
PR;2701020075;PR2701020075;PREFORMA PET 46,7GR CRISTAL ;PREFORMA;FURIOSO 2L;239232;GERAL;164469,129216;JUN;2024;06/2024;;
PR;2701030043;PR2701030043;TAMPA LARANJA REFRIKO;TAMPA;PET;882000;GERAL;39204,9;JUN;2024;06/2024;;
PR;2701030037;PR2701030037;TAMPA AMARELA LISA;TAMPA;PET;1260000;GERAL;56007,000000000007;JUN;2024;06/2024;;
PR;2701050010;PR2701050010;AROMA DE LARANJA IDENTICO AO NATURAL;AROMA;REFRIGERANTE;20;DUAS RODAS;1504,4;JUL;2024;07/2024;;
PR;2801050027;PR2801050027;AROMA IDENTICO AO NATURAL DE PESSEGO;AROMA;NOCH DEMAIS;20;GERAL;1160;JUL;2024;07/2024;;
PR;2801050019;PR2801050019;AROMA IDENTICO AO NATURAL MARACUJA;AROMA;NOCH DEMAIS;50;GERAL;2710,5;JUL;2024;07/2024;;
PR;2801050025;PR2801050025;AROMA IDENTICO AO NATURAL MORANGO;AROMA;ENERGÉTICO;150;GERAL;11382;JUL;2024;07/2024;;
PR;2701050011;PR2701050011;AROMA LIMAO REFRIKO 41;AROMA;REFRIGERANTE;408;GERAL;19584;JUL;2024;07/2024;;
PR;2801050010;PR2801050010;AROMA NATURAL DE LIMAO VERDE;AROMA;NOCH DEMAIS;10;GERAL;360;JUL;2024;07/2024;;
PR;2701050027;PR2701050027;AROMA UVA REFRIKO 84;AROMA;REFRIGERANTE;385;GERAL;10780;JUL;2024;07/2024;;
PR;2701050022;PR2701050022;CONCENTRADO DE GUARANA IAB 7205;AROMA;REFRIGERANTE;3000;GERAL;81510;JUL;2024;07/2024;;
PR;2701100002;PR2701100002;BENZOATO DE SODIO;ACID.E CONSERV.;REF/ENER/NOCH/TON;2500;GERAL;30250;JUL;2024;07/2024;;
PR;2801050007;PR2801050007;CONCENTRADO B. ENERGETICA AÇAI;AROMA;KIT ENERGÉTICO;9,948892675;GERAL;22264,417989778533;JUL;2024;07/2024;;
PR;2801050003;PR2801050003;CONCENTRADO BEBIDAS ENERGETICA;AROMA;KIT ENERGÉTICO;208,4905989;GERAL;426314,57131754881;JUL;2024;07/2024;;
PR;2701060007;PR2701060007;CORANTE CARAMELO CLASE IV DPC;CORANTE;REFRIGERANTE;600;GERAL;4500;JUL;2024;07/2024;;
PR;2701060002;PR2701060002;CORANTE VERMELHO 3167;CORANTE;REFRIGERANTE;496;GERAL;9374,4;JUL;2024;07/2024;;
PR;2701050020;PR2701050020;EMULSÃO COLA E-0388 ADM (NOVO) (usar no 500 ml);EMULSAO;XAROPARIA;400;ADM;153804;JUL;2024;07/2024;;
PR;2701050018;PR2701050018;EMULSAO LARANJA REFRIKO 98;EMULSAO;XAROPARIA;476;GERAL;15612,8;JUL;2024;07/2024;;
PR;2701050016;PR2701050016;EMULSAO NEUTRA PARA SUCO;EMULSAO;XAROPARIA;100;GERAL;5600;JUL;2024;07/2024;;
PR;2701130007;PR2701130007;AROMA EXTRATO GUARANA REFRIKO 28;AROMA;REFRIGERANTE;805;GERAL;26403,999999999996;JUL;2024;07/2024;;
PR;2701040009;PR2701040009;FILME STRETCH POLIETILENO 500X0023;FILME;STRETCH;999;GERAL;19980;JUL;2024;07/2024;;
PR;2701040004;PR2701040004;FILME TERMO ENCOLHIVEL 600 MM X 0,04 ;FILME;REFRI;2000;GERAL;28200;JUL;2024;07/2024;;
PR;2701040005;PR2701040005;FILME TERMO ENCOLHIVEL 660 MM X 0,04;FILME;ENERGÉTICO;2000;GERAL;47000;JUL;2024;07/2024;;
PR;2701040006;PR2701040006;FILME TERMO ENCOLHIVEL 860/5 MM;FILME;JUJ/TERN;3000;GERAL;70725;JUL;2024;07/2024;;
PR;2701040007;PR2701040007;FILME TERMO ENCOLHIVEL 860/0,06 MM;FILME;REFR/ENERG.;6000;GERAL;141450;JUL;2024;07/2024;;
PR;2701070002;PR2701070002;SACARINA SÓDICA;EDULCORANTE;XAROPARIA;250;GERAL;7412,5;AGO;2024;08/2024;;
PR;2701100001;PR2701100001;SORBATO DE POTASSIO 25KG;ACID.E CONSERV.;REF/ENER/ROM/DEL;350;GERAL;5502;JUL;2024;07/2024;;
PR;2701020051;PR2701020051;PREFORMA PET 200 ML CRISTAL 12 g ;PREFORMA;REFRIKO 200ML;763200;GERAL;151073,9136;JUL;2024;07/2024;;
PR;2701020097;PR2701020097;PREFORMA PET 200 ML VERDE 12 g ;PREFORMA;REFRIKO 200ML;1221120;GERAL;241718,26176000002;AGO;2024;08/2024;;
PR;2701020055;PR2701020055;PREFORMA 18G CRISTAL;PREFORMA;FURIOSO 250ML;2142336;GERAL;549809,11103999999;JUL;2024;07/2024;;
PR;2701020059;PR2701020059;PREFORMA 41G CRISTAL;PREFORMA;REFRIKO 2L;144384;GERAL;75252,940799999997;JUL;2024;07/2024;;
PR;2701020102;PR2701020102;PREFORMA 41G VERDE;PREFORMA;REFRIKO 2L;812160;GERAL;423297,79200000002;JUL;2024;07/2024;;
PR;2701020075;PR2701020075;PREFORMA PET 46,7GR CRISTAL ;PREFORMA;FURIOSO 2L;555360;GERAL;381803,33568000002;AGO;2024;08/2024;;
PR;2701010141;PR2701010141;ROTULO GUARANA 200 ML ZERO ;ROTULO;BOPP;3000000;GERAL;24000;JUL;2024;07/2024;;
PR;2701010146;PR2701010146;ROTULO REFRIKO LIMÃO DQI1% 200 ML ;ROTULO;BOPP;2000000;GERAL;16000;JUL;2024;07/2024;;
PR;2701010131;PR2701010131;ROTULO REFRIKO COLA REDUZIDO 200 ML ;ROTULO;BOPP;1493110;GERAL;11944,880000000001;JUL;2024;07/2024;;
PR;2701010149;PR2701010149;ROTULO REFRIKO TUBAÍNA 200 ML ;ROTULO;BOPP;2000000;GERAL;16000;JUL;2024;07/2024;;
PR;2701010154;PR2701010154;ROTULO REFRIKO UVA DQI1% 200 ML ;ROTULO;BOPP;2000000;GERAL;16000;JUL;2024;07/2024;;
PR;2701010144;PR2701010144;ROTULO REFRIKO LARANJA DQI1% 2L;ROTULO;BOPP;400000;GERAL;14199,999999999998;JUL;2024;07/2024;;
PR;2701010147;PR2701010147;ROTULO REFRIKO LIMÃO DQI1% 2L;ROTULO;BOPP;200000;GERAL;7099,9999999999991;JUL;2024;07/2024;;
PR;2701010155;PR2701010155;ROTULO REFRIKO UVA DQI1% 2L;ROTULO;BOPP;250000;GERAL;8875;JUL;2024;07/2024;;
PR;2701030044;PR2701030044;TAMPA LILAS LISA;TAMPA;PET;630000;GERAL;28003,500000000004;JUL;2024;07/2024;;
MS;2701030041;MS2701030041;TAMPA AZUL BAMBOA (VODKA BAMBOA);TAMPA;VIDRO NAC;300000;GERAL;90000;JUL;2024;07/2024;;
PR;2701010156;PR2701010156;ROTULO BOPP REFRISHOW GUARANA 2 L;ROTULO;BOPP;600000;GERAL;21299,999999999996;AGO;2024;08/2024;;
PR;2701010132;PR2701010132;ROTULO REFRIKO COLA 2L;ROTULO;BOPP;300000;GERAL;10649,999999999998;AGO;2024;08/2024;;
PR;2701010163;PR2701010163;ROTULO TUBA JUJUBA 2L;ROTULO;BOPP;700000;GERAL;24849,999999999996;AGO;2024;08/2024;;
PR;2801090001;PR2801090001;ACIDO MALICO;ACID.E CONSERV.;NOCH;150;GERAL;1462,5;JUL;2024;07/2024;;
PR;2801050013;PR2801050013;AROMA IN LIMAO SICILIANO;AROMA;ENERGÉTICO;17;GERAL;3867,5;JUL;2024;07/2024;;
PR;2801050004;PR2801050004;AROMA NATURA DE CITRUS RB 25395;AROMA;ENERGÉTICO;36;GERAL;3780;JUL;2024;07/2024;;
PR;2801010090;PR2801010090;ROT SLEE NOCH LIMAO 270ML;ROTULO;SLEEVE;500000;GERAL;60000;JUL;2024;07/2024;;
PR;2801010091;PR2801010091;ROT SLEE NOCH MARACUJA 270ML;ROTULO;SLEEVE;300000;GERAL;36000;JUL;2024;07/2024;;
PR;2801010092;PR2801010092;ROT SLEE NOCH MELANCIA E MORAN 270ML-IND;ROTULO;SLEEVE;400000;GERAL;48000;JUL;2024;07/2024;;
PR;2801010088;PR2801010088;ROTULO AGUA TONICA MALDIVES 250 ML;ROTULO;SLEEVE;200000;GERAL;10142;JUL;2024;07/2024;;
PR;2801010099;PR2801010099;ROTULO FURIOSO 250ML;ROTULO;SLEEVE;2000000;GERAL;100754;JUL;2024;07/2024;;
PR;2801010100;PR2801010100;ROTULO FURIOSO 2L;ROTULO;SLEEVE;400000;GERAL;82480;JUL;2024;07/2024;;
PR;2801010094;PR2801010094;ROTULO FURIOSO CITRUS 250 ML;ROTULO;SLEEVE;200000;GERAL;10075,4;JUL;2024;07/2024;;
PR;2801010101;PR2801010101;ROTULO FURIOSO TROPICAL 250ML;ROTULO;SLEEVE;300000;GERAL;15113,099999999999;JUL;2024;07/2024;;
PR;2801010069;PR2801010069;ROTULO CACHACA CAIDEIRA 450ML;ROTULO;BOPP;750520;GERAL;11783,163999999999;AGO;2024;08/2024;;
MS;2701250001;MS2701250001;CLORETO DE CALCIO - IBC;CERVEJARIA;OUTROS;300;GERAL;1221;JUN;2024;06/2024;;
MS;2701210004;MS2701210004;ENZIMA ULTRA FLOW;CERVEJARIA;OUTROS;10;GERAL;763,6;JUL;2024;07/2024;;
MS;2701210002;MS2701210002;SILICA HP 9000;CERVEJARIA;OUTROS;1000;GERAL;36010;JUL;2024;07/2024;;
MS;2701010115;MS2701010115;ROTULO ADESIVO BELLA ROMA;ROTULO;ADESIVO;100000;GERAL;14040;JUL;2024;07/2024;;
MS;2701090003;MS2701090003;ACIDO LACTICO - IBC;CERVEJARIA;OUTROS;1200;GERAL;12492;JUL;2024;07/2024;;
MS;2701210005;MS2701210005;ALGINATO DE PROPILENO GLICOL;CERVEJARIA;OUTROS;200;GERAL;56758,000000000007;JUL;2024;07/2024;;
MS;2701090005;MS2701090005;ANTIOXIDANTE;CERVEJARIA;OUTROS;200;GERAL;6044;JUL;2024;07/2024;;
MS;2701050021;MS2701050021;AROMA IDENTICO AO NATURAL MORANGO;AROMA;ENERGÉTICO;350;GERAL;26558;JUL;2024;07/2024;;
MS;2701050011;MS2701050011;AROMA LIMAO REFRIKO 41;AROMA;REFRIGERANTE;96;GERAL;4608;JUL;2024;07/2024;;
MS;2701050013;MS2701050013;AROMA MAÇA VERDE COD;AROMA;ENERGÉTICO;204;GERAL;9475,8000000000011;JUL;2024;07/2024;;
MS;2701050027;MS2701050027;AROMA UVA REFRIKO 84;AROMA;REFRIGERANTE;18;GERAL;504;JUL;2024;07/2024;;
MS;2701050006;MS2701050006;AROMA NATURAL DE BLUEBERRY;AROMA;DELIRIO;320;GERAL;16640;JUL;2024;07/2024;;
MS;2701050008;MS2701050008;AROMA FRUTAS TROPICAIS;AROMA;ENERGÉTICO;5;GERAL;747,84999999999991;JUL;2024;07/2024;;
MS;2701050026;MS2701050026;AROMA IDENTICO AO NATURAL DE PESSEGO;AROMA;NOCH DEMAIS;205;GERAL;11890;JUL;2024;07/2024;;
MS;2701050015;MS2701050015;AROMA IDENTICO AO NATURAL MARACUJA;AROMA;NOCH DEMAIS;110;GERAL;5963,1;JUL;2024;07/2024;;
MS;2701050012;MS2701050012;AROMA NATURAL DE LIMAO VERDE;AROMA;DELIRIO;120;GERAL;4320;JUL;2024;07/2024;;
MS;2701100002;MS2701100002;BENZOATO DE SODIO;ACID.E CONSERV.;REF/ENER/NOCH/TON;500;GERAL;6050;JUL;2024;07/2024;;
MS;2701050040;MS2701050040;CONCENTRADO BEBIDAS ENERGETICA;AROMA;KIT ENERGÉTICO;129,6831476;GERAL;269337,11375348188;JUL;2024;07/2024;;
MS;2701060007;MS2701060007;CORANTE CARAMELO CLASE IV DPC;CORANTE;REFRIGERANTE;200;GERAL;1500;JUL;2024;07/2024;;
MS;2701060001;MS2701060001;CORANTE PONCEAU ;CORANTE;ENERGÉTICO;10;GERAL;670;JUL;2024;07/2024;;
MS;2701060002;MS2701060002;CORANTE VERMELHO 3167;CORANTE;REFRIGERANTE;96;GERAL;1814,3999999999999;JUL;2024;07/2024;;
MS;2701160005;MS2701160005;CX ONE WAY MOEMA 6X600ML (MUDAR P/FILME);CAIXA;CERVEJA;30000;GERAL;48300;JUL;2024;07/2024;;
MS;2701050018;MS2701050018;EMULSAO LARANJA REFRIKO 98;EMULSAO;XAROPARIA;224;GERAL;7347,1999999999989;JUL;2024;07/2024;;
MS;2701130007;MS2701130007;AROMA EXTRATO GUARANA REFRIKO 28;AROMA;REFRIGERANTE;297,5;GERAL;9758;JUL;2024;07/2024;;
MS;2701040009;MS2701040009;FILME STRETCH POLIETILENO 500X0023;FILME;STRETCH;2000;GERAL;45700;JUL;2024;07/2024;;
MS;2701040027;MS2701040027;FILME TERMO ENCOLHIVEL 330 MM X 0,04;FILME;NOCH;1000;GERAL;11350;AGO;2024;08/2024;;
MS;2701070002;MS2701070002;SACARINA SÓDICA;EDULCORANTE;XAROPARIA;50;GERAL;1482,5;AGO;2024;08/2024;;
MS;2701100001;MS2701100001;SORBATO DE POTASSIO 25KG;ACID.E CONSERV.;REF/ENER/ROM/DEL;150;GERAL;2358;JUL;2024;07/2024;;
MS;2701040015;MS2701040015;FILME TERMOENCOLHIVEL LISO 380X0,06MM;FILME;VIDRO;1500;GERAL;31500;JUL;2024;07/2024;;
MS;2701020090;MS2701020090;PREFORMA 18G CRISTAL 500 ML - DESCONTINUAR;PREFORMA;REFRIKO 500ML;125280;GERAL;32151,859199999999;JUL;2024;07/2024;;
MS;2701020115;MS2701020115;PREFORMA 18 A 20G VERDE 500 ML - DESCONTINUAR;PREFORMA;REFRIKO 500ML;208800;GERAL;42595,199999999997;JUL;2024;07/2024;;
MS;2701020059;MS2701020059;PREFORMA 41 G CRISTAL;PREFORMA;REFRIKO 2L;144384;GERAL;80176,435200000007;JUL;2024;07/2024;;
MS;2701020102;MS2701020102;PREFORMA 41 G VERDE;PREFORMA;REFRIKO 2L;1082880;GERAL;434559,74400000001;AGO;2024;08/2024;;
MS;2701020109;MS2701020109;PREFORMA 54,4GR VERDE SHORT;PREFORMA;REFRIKO 3L;43890;GERAL;24544,165800000002;AGO;2024;08/2024;;
MS;2701020075;MS2701020075;PREFORMA PET 46,7GR CRISTAL;PREFORMA;FURIOSO 2L;384480;GERAL;228381,12;AGO;2024;08/2024;;
MS;2701010119;MS2701010119;ROTULO BAMBOA TRADICIONAL VODKA;ROTULO;ADESIVO;300000;GERAL;23100;JUL;2024;07/2024;;
MS;2701010172;MS2701010172;ROTULO REFRIKO LARANJA DQI1% 600 ML;ROTULO;PAPEL;100000;GERAL;2580;AGO;2024;08/2024;;
MS;2701010173;MS2701010173;ROTULO REFRIKO LIMÃO DQI1% 600 ML;ROTULO;PAPEL;100000;GERAL;2580;AGO;2024;08/2024;;
MS;2701010089;MS2701010089;GARGALO MOEMA 1LT/600ML;ROTULO;PAPEL;300000;GERAL;5100;AGO;2024;08/2024;;
MS;2701010170;MS2701010170;ROTULO MOEMA 600ML;ROTULO;PAPEL;300000;GERAL;15900;AGO;2024;08/2024;;
MS;2701010144;MS2701010144;ROTULO REFRIKO LARANJA DQI1% 2L;ROTULO;BOPP;221060;GERAL;7847,6299999999992;JUL;2024;07/2024;;
MS;2701010145;MS2701010145;ROTULO REFRIKO LARANJA DQI1% 500 ML;ROTULO;BOPP;200000;GERAL;2560;JUL;2024;07/2024;;
MS;2701010147;MS2701010147;ROTULO REFRIKO LIMÃO DQI1% 2L;ROTULO;BOPP;112050;GERAL;3977,7749999999996;JUL;2024;07/2024;;
MS;2701010155;MS2701010155;ROTULO REFRIKO UVA DQI1% 2L;ROTULO;BOPP;160050;GERAL;5681,7749999999996;JUL;2024;07/2024;;
MS;2701010164;MS2701010164;ROTULO TUBAJUJUBA LARANJA S/SUCO 2L;ROTULO;BOPP;216980;GERAL;7702,7899999999991;JUL;2024;07/2024;;
MS;2701030029;MS2701030029;TAMPA ABRE FACIL BRANCA LISA;TAMPA;VIDRO IMP;1300000;PELICONI;144040;OUT;2024;10/2024;;
MS;2701030028;MS2701030028;TAMPA ABRE FACIL AMARELA;TAMPA;VIDRO IMP;700000;PELICONI;77560;OUT;2024;10/2024;;
MS;2701150003;MS2701150003;VASILHAME NOVO 330ML;VASILHAME;LONGNECK;95480;GERAL;84022,399999999994;JUL;2024;07/2024;;
MS;2701150004;MS2701150004;VASILHAME OW 600ML (BELLA ROMA);VASILHAME;NORMAL;56770;GERAL;64150,099999999991;JUL;2024;07/2024;;
MS;2701010163;MS2701010163;ROTULO TUBA JUJUBA 2L;ROTULO;BOPP;500000;GERAL;17750;AGO;2024;08/2024;;
PA;12038500;PA12038500;DETERGENTE DIVERFOAM DG;NÃO PRODUTIVO;CIP;100;GERAL;0;JUN;2024;06/2024;;
PA;11040794;PA11040794;FILME TERMO - 390X0,05;FILME;REFRI;1000;GERAL;10350;JUL;2024;07/2024;;
PA;11040007;PA11040007;FILME TERMO ENCOLHIVEL 420 X 0,06;FILME;REFR/ENERG.;3000;GERAL;31050;JUL;2024;07/2024;;
PR;2801050014;PR2801050014;AROMA CLOUDING LEMON IN;AROMA;NOCH LEMON;200;BARENTZ;20628,399999999998;OUT;2024;10/2024;;
MS;DAT3;MSDAT3;ADITIVO PARA LIMPEZA LINX 1512;NÃO PRODUTIVO;DATADORA;2;GERAL;0;JUL;2024;07/2024;;
MS;CIP4;MSCIP4;MASTER FOAM (LIMPEZA EXTERNA ENCHEDORAS);NÃO PRODUTIVO;CIP;150;GERAL;0;JUL;2024;07/2024;;
MS;CIP8;MSCIP8;SODA ESCAMA ;NÃO PRODUTIVO;CIP;150;GERAL;0;JUL;2024;07/2024;;
PA;12039990;PA12039990;FILTRO C-MIC 20101982- 5 MICRA;NÃO PRODUTIVO;FILTRAGEM;0;GERAL;0;SET;2024;09/2024;;
PA;12059223;PA12059223;PERLIMAX SF-4 BRASC240;NÃO PRODUTIVO;CIP;100;GERAL;0;JUN;2024;06/2024;;
PA;11070046;PA11070046;PREFORMA 18 ou 20,6G CRISTAL;PREFORMA;PET 500 PA;167040;GERAL;39421,439999999995;AGO;2024;08/2024;;
PA;11070012;PA11070012;PREFORMA 46,0G CRISTAL OU 45,7 G;PREFORMA;PET 2L PA;118244;GERAL;57939,56;AGO;2024;08/2024;;
PA;11070032;PA11070032;PREFORMA 48GR CRISTAL OU 50,7 G;PREFORMA;PET 2,5L PA;985600;GERAL;490828,79999999999;AGO;2024;08/2024;;
PA;11070032;PA11070032;PREFORMA 48GR CRISTAL OU 50,7 G;PREFORMA;PET 2,5L PA;500000;GERAL;249000;JUL;2024;07/2024;;
PA;11070033;PA11070033;PREFORMA 48GR VERDE OU 50,7 G;PREFORMA;PET 2,5L PA;71680;GERAL;35696,639999999999;AGO;2024;08/2024;;
PA;11070041;PA11070041;PREFORMA PET 200 ML CRISTAL 12 G;PREFORMA;PET 200 PA;427392;GERAL;67955,327999999994;AGO;2024;08/2024;;
PA;11070048;PA11070048;PREFORMA PET 200 ML VERDE 12 G;PREFORMA;PET 200 PA;61056;GERAL;9707,9040000000005;AGO;2024;08/2024;;
PA;12084719;PA12084719;REMOVEDOR DE COLA PRO D-LIMONENO;NÃO PRODUTIVO;CIP;15;GERAL;0;JUL;2024;07/2024;;
PA;11080241;PA11080241;RÓTULO MICOS COLA 2,5L;ROTULO;BOPP-PA;700000;GERAL;23765;AGO;2024;08/2024;;
PA;11080243;PA11080243;ROTULO MICOS COLA 2L;ROTULO;BOPP-PA;300000;ELLOFLEX;12489;AGO;2024;08/2024;;
PA;11080244;PA11080244;ROTULO MICOS COLA 500ML;ROTULO;BOPP-PA;200000;ELLOFLEX;6746,0000000000009;AGO;2024;08/2024;;
PA;11080245;PA11080245;RÓTULO MICOS GUARANA 2,5L;ROTULO;BOPP-PA;700000;GERAL;23765;AGO;2024;08/2024;;
PA;11080247;PA11080247;ROTULO MICOS GUARANA 2L;ROTULO;BOPP-PA;300000;GERAL;12489;AGO;2024;08/2024;;
PA;11080248;PA11080248;ROTULO MICOS GUARANA 500ML;ROTULO;BOPP-PA;200000;GERAL;6746,0000000000009;AGO;2024;08/2024;;
PA;11080249;PA11080249;RÓTULO MICOS LARANJA 2,5L;ROTULO;BOPP-PA;400000;GERAL;13580;AGO;2024;08/2024;;
PA;11080250;PA11080250;RÓTULO MICOS LARANJA 200ML;ROTULO;BOPP-PA;500000;GERAL;2950;AGO;2024;08/2024;;
PA;11080251;PA11080251;ROTULO MICOS LARANJA 2L;ROTULO;BOPP-PA;300000;GERAL;12489;AGO;2024;08/2024;;
PA;11080252;PA11080252;ROTULO MICOS LARANJA 500ML;ROTULO;BOPP-PA;300000;GERAL;10119,000000000002;AGO;2024;08/2024;;
PA;11080253;PA11080253;RÓTULO MICOS UVA 2,5L;ROTULO;BOPP-PA;400000;ELLOFLEX;13580;AGO;2024;08/2024;;
PA;11080254;PA11080254;RÓTULO MICOS UVA 200ML;ROTULO;BOPP-PA;400000;ELLOFLEX;2360;AGO;2024;08/2024;;
PA;11080255;PA11080255;ROTULO MICOS UVA 2L;ROTULO;BOPP-PA;300000;GERAL;12489;AGO;2024;08/2024;;
PA;11080256;PA11080256;ROTULO MICOS UVA 500ML;ROTULO;BOPP-PA;300000;GERAL;10119,000000000002;AGO;2024;08/2024;;
PA;11080263;PA11080263;ROTULO TUCA LARANJA 200ML;ROTULO;BOPP-PA;200000;GERAL;1180;AGO;2024;08/2024;;
PA;11080264;PA11080264;ROTULO TUCA LARANJA 2L;ROTULO;BOPP-PA;100000;GERAL;4163;AGO;2024;08/2024;;
PA;11080265;PA11080265;ROTULO TUCA LARANJA 500ML;ROTULO;BOPP-PA;100000;GERAL;3373,0000000000005;AGO;2024;08/2024;;
PA;11080266;PA11080266;ROTULO TUCA UVA 200ML;ROTULO;BOPP-PA;200000;GERAL;1180;AGO;2024;08/2024;;
PA;11080267;PA11080267;ROTULO TUCA UVA 2L;ROTULO;BOPP-PA;100000;GERAL;4163;AGO;2024;08/2024;;
PA;11080268;PA11080268;ROTULO TUCA UVA 500ML;ROTULO;BOPP-PA;100000;ELLOFLEX;3373,0000000000005;AGO;2024;08/2024;;
PA;12084658;PA12084658;SOLUÇÃO DE LIMPEZA 1000Q (DATADORA);NÃO PRODUTIVO;DATADORA;2;GERAL;0;JUN;2024;06/2024;;
PA;12039992;PA12039992;SOLUÇÃO DILUENTE MC2BK 124 (DATADORA);NÃO PRODUTIVO;DATADORA;4;GERAL;0;JUN;2024;06/2024;;
PA;10090090;PA10090090;SUCO CONCENTRADO LARANJA;SUCO;XAROPARIA;2500;GERAL;26250;JUN;2024;06/2024;;
PA;10090094;PA10090094;SUCO CONCENTRADO UVA;SUCO;XAROPARIA;4000;GERAL;42000;JUN;2024;06/2024;;
PA;10090071;PA10090071;SUCRALOSE;EDULCORANTE;XAROPARIA;100;GERAL;11406;JUN;2024;06/2024;;
PA;12084720;PA12084720;TERRA DIATOMITA GROSSA DICALITE 341 MC;TERRA;XAROPARIA;500;GERAL;4135;JUL;2024;07/2024;;
MS;3002020011;MS3002020011;TERRA DIATOMITA 341/HYFLOW (AZUL);TERRA;XAROPARIA;600;VENETO ;5280;JUN;2024;06/2024;;
MS;DAT5;MSDAT5;TINTA VIDEO JET V410;NÃO PRODUTIVO;DATADORA;1;GERAL;0;JUL;2024;07/2024;;
MS;COLA4;MSCOLA4;LEMONENO (REMOVEDOR DE COLA, PET E VIDRO);NÃO PRODUTIVO;COLA;0;GERAL;0;JUL;2024;07/2024;;
MS;3002020010;MS3002020010;TERRA CELITE DIATOMITA 2500/535;TERRA;CERVEJARIA;2600;VENETO;22880,000000000004;JUN;2024;06/2024;;
MS;DAT8;MSDAT8;TINTA VIDEO JET V572;NÃO PRODUTIVO;DATADORA;0;GERAL;0;ABR;2024;04/2024;;
MS;2701050002;MS2701050002;DESTILADO DE ERVAS AROMÁT PARA GIN;AROMA;JAMES COOK;500;GERAL;9600;AGO;2024;08/2024;;
PR;2701010143;PR2701010143;ROTULO REFRIKO LARANJA DQI1% 200 ML ;ROTULO;BOPP;2000000;GERAL;16000;JUL;2024;07/2024;;
MS;CIP9;MSCIP9;ARMETROL 1123 AP (LUGAR ITENS DA CURITA);NÃO PRODUTIVO;CIP;25;GERAL;0;JUL;2024;07/2024;;
MS;CIP10;MSCIP10;AMERSITE 2 (LUGAR ITENS DA CURITA);NÃO PRODUTIVO;CIP;50;GERAL;0;JUL;2024;07/2024;;
MS;CIP11;MSCIP11;BIOSPERSE CN2150;NÃO PRODUTIVO;CIP;20;GERAL;0;JUL;2024;07/2024;;
MS;CIP12;MSCIP12;PERFORMAX MX 1308;NÃO PRODUTIVO;CIP;20;GERAL;0;JUL;2024;07/2024;;
MS;CIP13;MSCIP13;PERFORMAX SR 5600;NÃO PRODUTIVO;CIP;20;GERAL;0;JUL;2024;07/2024;;
MS;2701160002;MS2701160002;CX FUNDO AUTO VODKA JAMES COOK 6X1;CAIXA;JAMES COOK;3500;GERAL;10360;AGO;2024;08/2024;;
MS;2701150005;MS2701150005;VASILHAME SPIDER 900ML GIN/VODKA;VASILHAME;JAMES COOK;26000;VIDRO PORTO;59799,999999999993;JUL;2024;07/2024;;
PA;12085439;PA12085439;TERRA DIATOMITA CELITE FINA STANDART;TERRA;XAROPARIA;250;VENETO;2067,5;JUL;2024;07/2024;;
MS;2701170003;MS2701170003;VINHO DE MESA TINTO SECO GRANEL;VINHO;TANQUE;37000;GERAL;155400;JUN;2024;06/2024;;
MS;2701170003;MS2701170003;VINHO DE MESA TINTO SECO GRANEL;VINHO;TANQUE;37000;GERAL;155400;JUL;2024;07/2024;;
MS;2701170003;MS2701170003;VINHO DE MESA TINTO SECO GRANEL;VINHO;TANQUE;37000;GERAL;155400;JUL;2024;07/2024;;
MS;2701170003;MS2701170003;VINHO DE MESA TINTO SECO GRANEL;VINHO;TANQUE;37000;GERAL;155400;JUL;2024;07/2024;;
MS;2701170003;MS2701170003;VINHO DE MESA TINTO SECO GRANEL;VINHO;TANQUE;37000;GERAL;155400;JUL;2024;07/2024;;
MS;2701170003;MS2701170003;VINHO DE MESA TINTO SECO GRANEL;VINHO;TANQUE;37000;GERAL;155400;JUL;2024;07/2024;;
PR;2701100001;PR2701100001;SORBATO DE POTASSIO 25KG;ACID.E CONSERV.;REF/ENER/ROM/DEL;100;GERAL;1572;JUL;2024;07/2024;;
PA;10020011;PA10020011;AROMA NATURAL MOUTHFEEL FASV259 ADM;AROMA;REFRIGERANTE;500;ADM;78760;AGO;2024;08/2024;;
MS;2701130009;MS2701130009;SUCO CONCENTRADO DE MACA;SUCO;XAROPARIA;1000;GERAL;12000;JUL;2024;07/2024;;
PR;2701130009;PR2701130009;SUCO CONCENTRADO DE MACA;SUCO;XAROPARIA;2000;GERAL;24000;JUL;2024;07/2024;;
PA;10090293;PA10090293;SUCO CONCENTRADO DE MACA;SUCO;XAROPARIA;4200;GERAL;48300;JUL;2024;07/2024;;
MS;2701140004;MS2701140004;LATA AL 473ML BAMBOA PILSEN;LATA;BAMBOA;18672;GERAL;9522,7199999999993;JUN;2024;06/2024;;
MS;2701140018;MS2701140018;LATA AL 350ML MOEMA;LATA;MOEMA;0;GERAL;0;JUN;2024;06/2024;;
MS;2701140017;MS2701140017;LATA 473ML FURIOSO TROPICAL;LATA;FURIOSO;18672;GERAL;9522,7199999999993;JUN;2024;06/2024;;
MS;2701140019;MS2701140019;LATA AL 473ML MOEMA;LATA;MOEMA;298752;GERAL;152363,51999999999;JUN;2024;06/2024;;
MS;2701190004;MS2701190004;XAROPE DE HIGH MALTOSE 25KG (BREWGILL);CERVEJARIA;OUTROS;30000;GERAL;83400;JUL;2024;07/2024;;
MS;2701190004;MS2701190004;XAROPE DE HIGH MALTOSE 25KG (BREWGILL);CERVEJARIA;OUTROS;30000;GERAL;83400;JUL;2024;07/2024;;
MS;2701190004;MS2701190004;XAROPE DE HIGH MALTOSE 25KG (BREWGILL);CERVEJARIA;OUTROS;30000;GERAL;83400;AGO;2024;08/2024;;
MS;2701190004;MS2701190004;XAROPE DE HIGH MALTOSE 25KG (BREWGILL);CERVEJARIA;OUTROS;30000;GERAL;83400;AGO;2024;08/2024;;
MS;2701190001;MS2701190001;MALTE PILSEN BAG 1000 - BARLEY;CERVEJARIA;MALTE;33640;GERAL;110675,6;JUL;2024;07/2024;;
MS;2701190001;MS2701190001;MALTE PILSEN BAG 1000 - BARLEY;CERVEJARIA;MALTE;33640;GERAL;110675,6;JUL;2024;07/2024;;
MS;2701190001;MS2701190001;MALTE PILSEN BAG 1000 - BARLEY;CERVEJARIA;MALTE;33640;GERAL;110675,6;JUL;2024;07/2024;;
MS;2701190001;MS2701190001;MALTE PILSEN BAG 1000 - BARLEY;CERVEJARIA;MALTE;33640;GERAL;110675,6;JUL;2024;07/2024;;
MS;2701190001;MS2701190001;MALTE PILSEN BAG 1000 - BARLEY;CERVEJARIA;MALTE;33640;GERAL;110675,6;JUL;2024;07/2024;;
MS;2701150001;MS2701150001;VASILHAME GINGUALA 970ML;VASILHAME;NORMAL;39424;GERAL;61895,68;JUL;2024;07/2024;;
MS;2701150001;MS2701150001;VASILHAME GINGUALA 970ML;VASILHAME;NORMAL;39424;GERAL;61895,68;JUL;2024;07/2024;;
MS;2701150001;MS2701150001;VASILHAME GINGUALA 970ML;VASILHAME;NORMAL;39424;GERAL;61895,68;JUL;2024;07/2024;;
PR;2701100002;PR2701100002;BENZOATO DE SODIO;ACID.E CONSERV.;REF/ENER/NOCH/TON;1475;GERAL;17847,5;JUL;2024;07/2024;;
MS;3002020010;MS3002020010;TERRA CELITE DIATOMITA 2500/535;TERRA;CERVEJARIA;3541;VENETO;31160,800000000003;JUL;2024;07/2024;;
MS;3002020009;MS3002020009;TERRA CELITE DIATOMITA SPEEDFLOW/STANDARD (VERMELHO);TERRA;CERVEJARIA;1770,6;VENETO;15581,28;JUL;2024;07/2024;;
MS;3002020010;MS3002020010;TERRA CELITE DIATOMITA 2500/535;TERRA;CERVEJARIA;6197,1;VENETO;54534,48000000001;AGO;2024;08/2024;;
MS;3002020009;MS3002020009;TERRA CELITE DIATOMITA SPEEDFLOW/STANDARD (VERMELHO);TERRA;CERVEJARIA;2655,9;VENETO;23371,920000000002;AGO;2024;08/2024;;
MS;DAT1;MSDAT1;SOLVENTE LINX 1512 ;NÃO PRODUTIVO;DATADORA;0;GERAL;0;JUL;2024;07/2024;;
SP;CIP2;SPCIP2;CLORO GRANULADO;NÃO PRODUTIVO;CIP;10;GERAL;0;JUL;2024;07/2024;;
SP;CIP3;SPCIP3;GTECH 8338;NÃO PRODUTIVO;CIP;20;GERAL;0;JUL;2024;07/2024;;
MS;FILT1;MSFILT1;FILTRO 1MIC. (LATA E VIDRO);NÃO PRODUTIVO;FILTRAGEM;0;GERAL;0;JUL;2024;07/2024;;
PR;CIP4;PRCIP4;GTECH 8338;NÃO PRODUTIVO;CIP;20;GERAL;0;JUL;2024;07/2024;;
MS;2701010174;MS2701010174;ROTULO TUBAINA 600ML;ROTULO;PAPEL;100000;GERAL;2580;AGO;2024;08/2024;;
MS;2701010171;MS2701010171;ROTULO GUARANA 600ML;ROTULO;PAPEL;200000;GERAL;5160;AGO;2024;08/2024;;
PR;2701020055;PR2701020055;PREFORMA 18G CRISTAL;PREFORMA;FURIOSO 250ML;1059072;GERAL;271800,23807999998;AGO;2024;08/2024;;
MS;CIP1;MSCIP1;LUBMAX PL PK (SABÃO DE ESTEIRA PET, LATA E VIDRO);NÃO PRODUTIVO;CIP;350;GERAL;0;JUL;2024;07/2024;;
MS;2701070006;MS2701070006;ACESSULFAME DE POTASSIO;EDULCORANTE;XAROPARIA;50;GERAL;1426,5;AGO;2024;08/2024;;
PR;2701070006;PR2701070006;ACESSULFAME DE POTASSIO;EDULCORANTE;XAROPARIA;350;GERAL;9985,5;AGO;2024;08/2024;;
MS;2701090004;MS2701090004;ACIDO TARTARICO ;ACID.E CONSERV.;NOCH/TON/BEL;225;MCASSAB;7987,5;AGO;2024;08/2024;;
PR;2801090003;PR2801090003;ACIDO TARTARICO;ACID.E CONSERV.;NOCH/TON/BEL;75;MCASSAB;2662,5;AGO;2024;08/2024;;
PR;2701050037;PR2701050037;AROMA IDENTICO AO NATURAL FRAMBOESA 77587 SAPORITI;AROMA;REFRIGERANTE;150;GERAL;9300;AGO;2024;08/2024;;
MS;2701050010;MS2701050010;AROMA DE LARANJA IDENTICO AO NATURAL;AROMA;REFRIGERANTE;18;DUAS RODAS;1353,96;AGO;2024;08/2024;;
PR;2701050010;PR2701050010;AROMA DE LARANJA IDENTICO AO NATURAL;AROMA;REFRIGERANTE;9;DUAS RODAS;676,98;AGO;2024;08/2024;;
MS;2701130007;MS2701130007;AROMA EXTRATO GUARANA REFRIKO 28;AROMA;REFRIGERANTE;1208;GERAL;39622,399999999994;AGO;2024;08/2024;;
PR;2701130007;PR2701130007;AROMA EXTRATO GUARANA REFRIKO 28;AROMA;REFRIGERANTE;805;GERAL;26403,999999999996;AGO;2024;08/2024;;
MS;2701050008;MS2701050008;AROMA FRUTAS TROPICAIS;AROMA;ENERGÉTICO;300;GERAL;44871;AGO;2024;08/2024;;
PR;2801050006;PR2801050006;AROMA FRUTAS TROPICAIS;AROMA;ENERGÉTICO;200; BAMBOA -;29914;SET;2024;09/2024;;
MS;2701050017;MS2701050017;AROMA IDENTICO AO NATURAL MELANCIA;AROMA;ENERGÉTICO;550;GERAL;20443,5;AGO;2024;08/2024;;
PR;2801050021;PR2801050021;AROMA IDENTICO AO NATURAL MELANCIA;AROMA;ENERGÉTICO;250;GERAL;9292,5;AGO;2024;08/2024;;
MS;2701050011;MS2701050011;AROMA LIMAO REFRIKO 41;AROMA;REFRIGERANTE;200;GERAL;9600;AGO;2024;08/2024;;
PR;2701050011;PR2701050011;AROMA LIMAO REFRIKO 41;AROMA;REFRIGERANTE;250;GERAL;12000;AGO;2024;08/2024;;
MS;2701050013;MS2701050013;AROMA MAÇA VERDE COD;AROMA;ENERGÉTICO;250;GERAL;11612,5;AGO;2024;08/2024;;
PR;2801050015;PR2801050015;AROMA MAÇA VERDE COD;AROMA;ENERGÉTICO;75;GERAL;3483,75;AGO;2024;08/2024;;
MS;2701050019;MS2701050019;AROMA MELAO ;AROMA;ENERGÉTICO;800;GERAL;47176;AGO;2024;08/2024;;
PR;2801050021;PR2801050021;AROMA IDENTICO AO NATURAL MELANCIA;AROMA;ENERGÉTICO;200;GERAL;7434;AGO;2024;08/2024;;
MS;2701050005;MS2701050005;AROMA NATURAL DE BAUNILHA;AROMA;DELIRIO;55;GERAL;3025;JUL;2024;07/2024;;
PR;2701050001;PR2701050001;AROMA NATURAL MOUTHFEEL FASV259 ADM;AROMA;REFRIGERANTE;500;GERAL;82700;AGO;2024;08/2024;;
MS;2701050028;MS2701050028;AROMA NATURAL PARA VODKA ;AROMA;VODKA;400;GERAL;10352;AGO;2024;08/2024;;
MS;2701050027;MS2701050027;AROMA UVA REFRIKO 84;AROMA;REFRIGERANTE;400;GERAL;11200;AGO;2024;08/2024;;
PR;2701050027;PR2701050027;AROMA UVA REFRIKO 84;AROMA;REFRIGERANTE;600;GERAL;16800;AGO;2024;08/2024;;
MS;2701070005;MS2701070005;ASPARTAME;EDULCORANTE;XAROPARIA;50;QUANTIQ;3063;SET;2024;09/2024;;
PR;2701070005;PR2701070005;ASPARTAME;EDULCORANTE;XAROPARIA;50;GERAL;3063;SET;2024;09/2024;;
MS;2701100002;MS2701100002;BENZOATO DE SODIO;ACID.E CONSERV.;REF/ENER/NOCH/TON;1500;GERAL;18150;AGO;2024;08/2024;;
PR;2701100002;PR2701100002;BENZOATO DE SODIO;ACID.E CONSERV.;REF/ENER/NOCH/TON;2000;GERAL;24200;AGO;2024;08/2024;;
MS;2701070004;MS2701070004;CICLAMATO DE SÓDIO ;EDULCORANTE;XAROPARIA;200;GERAL;2836;AGO;2024;08/2024;;
PR;2701070004;PR2701070004;CICLAMATO DE SÓDIO ;EDULCORANTE;XAROPARIA;200;GERAL;2836;AGO;2024;08/2024;;
MS;2701210003;MS2701210003;CLEAR MAX PVPP;CERVEJARIA;OUTROS;700;GERAL;96845;AGO;2024;08/2024;;
MS;2701250001;MS2701250001;CLORETO DE CALCIO - IBC;CERVEJARIA;OUTROS;800;GERAL;3256;AGO;2024;08/2024;;
MS;2701050022;MS2701050022;CONCENTRADO DE GUARANA IAB 7205;AROMA;REFRIGERANTE;3500;GERAL;90545;AGO;2024;08/2024;;
PR;2701050022;PR2701050022;CONCENTRADO DE GUARANA IAB 7205;AROMA;REFRIGERANTE;4000;INTERAMERICA;108680;SET;2024;09/2024;;
PR;2701060010;PR2701060010;CORANTE AMARANTO;CORANTE;REFRIGERANTE;5;GERAL;427,5;AGO;2024;08/2024;;
MS;2701060009;MS2701060009;CORANTE AMARELO SUNSET;CORANTE;XAROPARIA;10;GERAL;456,2;AGO;2024;08/2024;;
MS;2701060007;MS2701060007;CORANTE CARAMELO CLASE IV DPC;CORANTE;REFRIGERANTE;300;GERAL;2250;AGO;2024;08/2024;;
PR;2701060007;PR2701060007;CORANTE CARAMELO CLASE IV DPC;CORANTE;REFRIGERANTE;300;GERAL;2250;AGO;2024;08/2024;;
MS;2701060006;MS2701060006;CORANTE CARAMELO CERVEJA;CERVEJARIA;OUTROS;300;GERAL;1812;AGO;2024;08/2024;;
MS;2701060003;MS2701060003;CORANTE TARTRAZINA;CORANTE;ENERGÉTICO;5;GERAL;245;AGO;2024;08/2024;;
PR;2701060003;PR2701060003;CORANTE TARTRAZINA;CORANTE;ENERGÉTICO;5;GERAL;245;AGO;2024;08/2024;;
MS;2701060002;MS2701060002;CORANTE VERMELHO 3167;CORANTE;REFRIGERANTE;300;GERAL;5670;AGO;2024;08/2024;;
PR;2701060002;PR2701060002;CORANTE VERMELHO 3167;CORANTE;REFRIGERANTE;100;GERAL;1889,9999999999998;AGO;2024;08/2024;;
MS;2701160012;MS2701160012;CX 12X300ML - TUBAINA;CAIXA;TUBAINA;20000;GERAL;33800;AGO;2024;08/2024;;
MS;2701160011;MS2701160011;CX ONE WAY BAMBOA 12X330ML;CAIXA;CERVEJA;30000;CARTONAGEM;55200;SET;2024;09/2024;;
MS;2701050020;MS2701050020;EMULSÃO COLA E-0388 ADM (NOVO);EMULSAO;XAROPARIA;250;ADM;96127,5;AGO;2024;08/2024;;
PR;2701050020;PR2701050020;EMULSÃO COLA E-0388 ADM (NOVO) (usar no 500 ml);EMULSAO;XAROPARIA;200;ADM;76902;AGO;2024;08/2024;;
MS;2701050018;MS2701050018;EMULSAO LARANJA REFRIKO 98;EMULSAO;XAROPARIA;800;GERAL;26239,999999999996;AGO;2024;08/2024;;
PR;2701050018;PR2701050018;EMULSAO LARANJA REFRIKO 98;EMULSAO;XAROPARIA;400;GERAL;13119,999999999998;AGO;2024;08/2024;;
MS;2701040001;MS2701040001;FILME TERMO ENCOLHIVEL 420 X 0,05;FILME;JUJ/TERN;1000;GERAL;21000;AGO;2024;08/2024;;
PR;2701040004;PR2701040004;FILME TERMO ENCOLHIVEL 600 MM X 0,04 ;FILME;REFRI;1500;GERAL;21150;AGO;2024;08/2024;;
PR;2701040006;PR2701040006;FILME TERMO ENCOLHIVEL 860/5 MM;FILME;JUJ/TERN;3000;GERAL;70725;AGO;2024;08/2024;;
PR;2701040007;PR2701040007;FILME TERMO ENCOLHIVEL 860/0,06 MM;FILME;REFR/ENERG.;5000;GERAL;117875;AGO;2024;08/2024;;
MS;2701150001;MS2701150001;VASILHAME GINGUALA 970ML;VASILHAME;NORMAL;39424;GERAL;61895,68;AGO;2024;08/2024;;
MS;2701150001;MS2701150001;VASILHAME GINGUALA 970ML;VASILHAME;NORMAL;39424;GERAL;61895,68;AGO;2024;08/2024;;
MS;2701150001;MS2701150001;VASILHAME GINGUALA 970ML;VASILHAME;NORMAL;39424;GERAL;61895,68;AGO;2024;08/2024;;
MS;2701150001;MS2701150001;VASILHAME GINGUALA 970ML;VASILHAME;NORMAL;39424;GERAL;61895,68;AGO;2024;08/2024;;
MS;2701150001;MS2701150001;VASILHAME GINGUALA 970ML;VASILHAME;NORMAL;39424;GERAL;61895,68;AGO;2024;08/2024;;
PR;2701070003;PR2701070003;NEOTAME;EDULCORANTE;XAROPARIA;20;GERAL;3886;AGO;2024;08/2024;;
PR;2801130002;PR2801130002;POLPA DE AÇAI DESIDRATA SOL.;AROMA;ENERGÉTICO;100;GERAL;5140;AGO;2024;08/2024;;
MS;2701120001;MS2701120001;PREMIX ENERG EMULVIT 8942;CONCENT./KITs;C.ENERGETICO;4000;GERAL;72200;AGO;2024;08/2024;;
PR;2801120002;PR2801120002;PREMIX ENERG EMULVIT 8942;CONCENT./KITs;C.ENERGETICO;1000;GERAL;18050;AGO;2024;08/2024;;
PR;2701050023;PR2701050023;PREP ACIDO COLA ;CONCENT./KITs;KIT COLA;300;GERAL;7500;AGO;2024;08/2024;;
MS;2701050023;MS2701050023;PREP ACIDO COLA ;CONCENT./KITs;KIT COLA;100;GERAL;2500;AGO;2024;08/2024;;
MS;2701010116;MS2701010116;ROTULO ADESIVO TUBAINA 300ML;ROTULO;ADESIVO;200000;GERAL;7996;AGO;2024;08/2024;;
MS;2701010119;MS2701010119;ROTULO BAMBOA TRADICIONAL VODKA;ROTULO;ADESIVO;200000;GERAL;15400;AGO;2024;08/2024;;
MS;2701010191;MS2701010191;ROTULO FURIOSO 2L;ROTULO;SLEEVE;500000;GERAL;103100;AGO;2024;08/2024;;
PR;2801010097;PR2801010097;ROTULO FURIOSO MELANCIA E MORANGO 250ML;ROTULO;SLEEVE;4000;GERAL;201,50799999999998;AGO;2024;08/2024;;
MS;2701010187;MS2701010187;ROTULO FURIOSO MELANCIA E MORANGO 2L;ROTULO;SLEEVE;100000;GERAL;20620;AGO;2024;08/2024;;
PR;2801010095;PR2801010095;ROTULO FURIOSO MELAO 250ML;ROTULO;SLEEVE;4000;GERAL;201,50799999999998;AGO;2024;08/2024;;
MS;2701010184;MS2701010184;ROTULO FURIOSO MELAO 2L;ROTULO;SLEEVE;250000;GERAL;51550;AGO;2024;08/2024;;
PR;2801010101;PR2801010101;ROTULO FURIOSO TROPICAL 250ML;ROTULO;SLEEVE;300000;GERAL;15113,099999999999;AGO;2024;08/2024;;
MS;2701010193;MS2701010193;ROTULO FURIOSO TROPICAL 2L;ROTULO;SLEEVE;200000;GERAL;41240;AGO;2024;08/2024;;
MS;2701040025;MS2701040025;FILME TERMOENCOLHIVEL LISO 380X0,05MM;FILME;PET 500;1000;GERAL;21000;AGO;2024;08/2024;;
MS;2701040015;MS2701040015;FILME TERMOENCOLHIVEL LISO 380X0,06MM;FILME;VIDRO;1000;GERAL;21000;AGO;2024;08/2024;;
MS;2701040002;MS2701040002;FILME TERMO ENCOLHIVEL 420 X 0,06;FILME;REFR/ENERG.;2000;GERAL;47000;SET;2024;09/2024;;
MS;2701040012;MS2701040012;SHRINK MOEMA 269ML - 350X0,06;FILME;MOEMA;1000;GERAL;14500;AGO;2024;08/2024;;
MS;2701040011;MS2701040011;SHRINK MOEMA 350ML - 390X0,06;FILME;MOEMA;6000;GERAL;189060;AGO;2024;08/2024;;
MS;2701040010;MS2701040010;SHRINK MOEMA 473ML - 400X0,06;FILME;MOEMA;2000;GERAL;29000;AGO;2024;08/2024;;
MS;2701100001;MS2701100001;SORBATO DE POTASSIO 25KG;ACID.E CONSERV.;REF/ENER/ROM/DEL;300;KATEC;4716;SET;2024;09/2024;;
PR;2701100001;PR2701100001;SORBATO DE POTASSIO 25KG;ACID.E CONSERV.;REF/ENER/ROM/DEL;300;GERAL;4716;AGO;2024;08/2024;;
MS;2701070001;MS2701070001;SUCRALOSE;EDULCORANTE;XAROPARIA;200;GERAL;16860;AGO;2024;08/2024;;
PR;2701070001;PR2701070001;SUCRALOSE;EDULCORANTE;XAROPARIA;400;GERAL;35200;AGO;2024;08/2024;;
MS;2701130009;MS2701130009;SUCO CONCENTRADO DE MACA;SUCO;XAROPARIA;700;GERAL;8400;AGO;2024;08/2024;;
PR;2701130009;PR2701130009;SUCO CONCENTRADO DE MACA;SUCO;XAROPARIA;1500;GERAL;18000;AGO;2024;08/2024;;
MS;2701030037;MS2701030037;TAMPA AMARELA LISA;TAMPA;PET;504000;GERAL;24696;AGO;2024;08/2024;;
PR;2701030037;PR2701030037;TAMPA AMARELA LISA;TAMPA;PET;6300000;GERAL;280035;AGO;2024;08/2024;;
MS;2701030041;MS2701030041;TAMPA AZUL BAMBOA (VODKA BAMBOA);TAMPA;VIDRO NAC;150000;GERAL;45000;AGO;2024;08/2024;;
MS;2701030043;MS2701030043;TAMPA LARANJA REFRIKO;TAMPA;PET;504000;GERAL;24696;AGO;2024;08/2024;;
MS;2701030044;MS2701030044;TAMPA LILAS LISA;TAMPA;PET;113400;GERAL;5556,6;AGO;2024;08/2024;;
MS;2701030032;MS2701030032;TAMPA METALICA LISA;TAMPA;VIDRO NAC;400000;ARO EXP;19800;SET;2024;09/2024;;
MS;2701030035;MS2701030035;TAMPA METALICA PRETA LISA;TAMPA;VIDRO NAC;200000;ARO EXP;9800;SET;2024;09/2024;;
MS;2701030049;MS2701030049;TAMPA VERDE REFRIKO;TAMPA;PET;126000;GERAL;6174;AGO;2024;08/2024;;
PR;2701030049;PR2701030049;TAMPA VERDE REFRIKO;TAMPA;PET;2016000;GERAL;89611,200000000012;AGO;2024;08/2024;;
PR;2701030050;PR2701030050;TAMPA VERMELHA LISA;TAMPA;PET;630000;GERAL;28003,500000000004;AGO;2024;08/2024;;
PR;3002020009;PR3002020009;TERRA CELITE DIATOMITA SPEEDFLOW/STANDARD (VERMELHO);TERRA;XAROPARIA;90,8;VENETO;799,04000000000008;AGO;2024;08/2024;;
PR;3002020011;PR3002020011;TERRA DIATOMITA 341/HYFLOW (AZUL);TERRA;XAROPARIA;794;VENETO ;6987,2000000000007;AGO;2024;08/2024;;
MS;2701150003;MS2701150003;VASILHAME NOVO 330ML;VASILHAME;LONGNECK;95480;GERAL;84022,399999999994;AGO;2024;08/2024;;
MS;2701150003;MS2701150003;VASILHAME NOVO 330ML;VASILHAME;LONGNECK;95480;GERAL;84022,399999999994;AGO;2024;08/2024;;
PR;2701020051;PR2701020051;PREFORMA PET 200 ML CRISTAL 12 g ;PREFORMA;REFRIKO 200ML;763200;GERAL;151073,9136;AGO;2024;08/2024;;
PR;2701020097;PR2701020097;PREFORMA PET 200 ML VERDE 12 g ;PREFORMA;REFRIKO 200ML;2594800;GERAL;513635,47040000005;AGO;2024;08/2024;;
MS;2701020090;MS2701020090;PREFORMA 18G CRISTAL 500 ML - DESCONTINUAR;PREFORMA;REFRIKO 500ML;270816;GERAL;69502,218239999987;AGO;2024;08/2024;;
MS;2701020115;MS2701020115;PREFORMA 18 A 20G VERDE 500 ML - DESCONTINUAR;PREFORMA;REFRIKO 500ML;499968;GERAL;101993,47199999999;AGO;2024;08/2024;;
PR;2701020055;PR2701020055;PREFORMA 18G CRISTAL;PREFORMA;FURIOSO 250ML;1087296;GERAL;279043,64543999999;AGO;2024;08/2024;;
PR;2701020059;PR2701020059;PREFORMA 41G CRISTAL;PREFORMA;REFRIKO 2L;496320;GERAL;258681,984;AGO;2024;08/2024;;
PR;2701020102;PR2701020102;PREFORMA 41G VERDE;PREFORMA;REFRIKO 2L;1786753;GERAL;931255,66359999997;AGO;2024;08/2024;;
MS;2701020059;MS2701020059;PREFORMA 41 G CRISTAL;PREFORMA;REFRIKO 2L;406080;GERAL;225496,22400000002;SET;2024;09/2024;;
MS;2701020081;MS2701020081;PREFORMA 54,4GR CRISTAL SHORT;PREFORMA;REFRIKO 3L;39840;GERAL;22279,324800000002;AGO;2024;08/2024;;
MS;2701020109;MS2701020109;PREFORMA 54,4GR VERDE SHORT;PREFORMA;REFRIKO 3L;79680;GERAL;44558,649600000004;AGO;2024;08/2024;;
MS;2701020075;MS2701020075;PREFORMA PET 46,7GR CRISTAL;PREFORMA;FURIOSO 2L;726240;GERAL;431386,56;AGO;2024;08/2024;;
PR;2701020075;PR2701020075;PREFORMA PET 46,7GR CRISTAL ;PREFORMA;FURIOSO 2L;85440;GERAL;58738,974719999998;AGO;2024;08/2024;;
SP;2801020042;SP2801020042;PREFORMA 15G CRISTAL;PREFORMA;PET 500 PA;1461600;GERAL;323495,92800000001;SET;2024;09/2024;;
SP;2801020041;SP2801020041;PREFORMA 18G CRISTAL 500 ML;PREFORMA;PET 500 PA;1895712;GERAL;486515,52767999994;SET;2024;09/2024;;
PR;2701090002;PR2701090002;ACIDO CITRICO;ACID.E CONSERV.;REF/ENER/ROM/DEL;30000;GERAL;268500;SET;2024;09/2024;;
PR;2801050007;PR2801050007;CONCENTRADO B. ENERGETICA AÇAI;AROMA;KIT ENERGÉTICO;8,517887564;WILD AMAZON;19062,001703577513;SET;2024;09/2024;;
MS;2701050040;MS2701050040;CONCENTRADO BEBIDAS ENERGETICA;AROMA;KIT ENERGÉTICO;139,275766;WILD AMAZON;289259,88857938722;SET;2024;09/2024;;
PR;2801050003;PR2801050003;CONCENTRADO BEBIDAS ENERGETICA;AROMA;KIT ENERGÉTICO;330,7799443;WILD AMAZON;676367,71587743738;SET;2024;09/2024;;
PA;10090273;PA10090273;ACESSULFAME DE POTASSIO;EDULCORANTE;XAROPARIA;100;GERAL;3490;AGO;2024;08/2024;;
PA;10100024;PA10100024;CICLAMATO DE SÓDIO ;EDULCORANTE;XAROPARIA;600;QUANTIQ;11922;SET;2024;09/2024;;
PA;10090071;PA10090071;SUCRALOSE;EDULCORANTE;XAROPARIA;300;GERAL;34218;AGO;2024;08/2024;;
PA;10090294;PA10090294;CORANTE CARAMELO CLASE IV DPC;CORANTE;REFRIGERANTE;500;SAPORITI ;2400;SET;2024;09/2024;;
PA;10020009;PA10020009;AROMA UVA REFRIKO 84;AROMA;REFRIGERANTE;700;SAPORITI;16450;SET;2024;09/2024;;
PA;10090017;PA10090017;EMULSAO LARANJA REFRIKO 98;EMULSAO;XAROPARIA;700;SAPORITI;25200;AGO;2024;08/2024;;
PA;10090291;PA10090291;EXTRATO DE GUARANA 200% DUAS RODAS;AROMA;REFRIGERANTE;500;GERAL;23935;AGO;2024;08/2024;;
PA;11070012;PA11070012;PREFORMA 46,0G CRISTAL OU 45,7 G;PREFORMA;PET 2L PA;211150;GERAL;103463,5;SET;2024;09/2024;;
PA;11070032;PA11070032;PREFORMA 48GR CRISTAL OU 50,7 G;PREFORMA;PET 2,5L PA;250880;GERAL;124938,24000000001;SET;2024;09/2024;;
PA;11070033;PA11070033;PREFORMA 48GR VERDE OU 50,7 G;PREFORMA;PET 2,5L PA;313600;GERAL;156172,79999999999;AGO;2024;08/2024;;
PA;11070041;PA11070041;PREFORMA PET 200 ML CRISTAL 12 G;PREFORMA;PET 200 PA;213696;GERAL;33977,663999999997;SET;2024;09/2024;;
PA;11070048;PA11070048;PREFORMA PET 200 ML VERDE 12 G;PREFORMA;PET 200 PA;274752;GERAL;43685,567999999999;SET;2024;09/2024;;
PA;10100003;PA10100003;ACIDO CITRICO;ACID.E CONSERV.;REF/ENER/ROM/DEL;10000;INDEMIL;101000;SET;2024;09/2024;;
PR;2701010158;PR2701010158;ROTULO REFRISHOW LARANJA S/ SUCO 2L;ROTULO;BOPP;300000;GERAL;10649,999999999998;AGO;2024;08/2024;;
MS;2701240004;MS2701240004;CHAPA SEM IMPRESSAO 1000X1200 (NOVA);SEPARADOR DE CAMADAS;CHAPA;41000;GERAL;51250;AGO;2024;08/2024;;
MS;2701140018;MS2701140018;LATA AL 350ML MOEMA;LATA;MOEMA;1102815;GERAL;419069,7;JUL;2024;07/2024;;
MS;2701140023;MS2701140023;LATA AL 350ML TUBAINA;LATA;REFRIKO;98028;GERAL;37250,639999999999;JUL;2024;07/2024;;
MS;2701140019;MS2701140019;LATA AL 473ML MOEMA;LATA;MOEMA;0;GERAL;0;JUL;2024;07/2024;;
MS;2701140006;MS2701140006;LATA AL BELA ROMA / 473ML ;LATA;BELLA ROMA;143152;GERAL;73007,520000000004;JUL;2024;07/2024;;
MS;2701140018;MS2701140018;LATA AL 350ML MOEMA;LATA;MOEMA;1388730;GERAL;527717,4;JUL;2024;07/2024;;
MS;2701140018;MS2701140018;LATA AL 350ML MOEMA;LATA;MOEMA;2344503;GERAL;890911,14;JUL;2024;07/2024;;
MS;2701140006;MS2701140006;LATA AL BELA ROMA / 473ML ;LATA;BELLA ROMA;80912;GERAL;41265,120000000003;JUL;2024;07/2024;;
MS;2701140026;MS2701140026;LATA AL 473ML FURIOSO;LATA;FURIOSO;99584;GERAL;50787,840000000004;JUL;2024;07/2024;;
MS;DAT6;MSDAT6;ADITIVO PARA LIMPEZA VIDEO JET V901Q;NÃO PRODUTIVO;DATADORA;2;GERAL;0;AGO;2024;08/2024;;
MS;CIP8;MSCIP8;SODA ESCAMA ;NÃO PRODUTIVO;CIP;300;GERAL;0;JUL;2024;07/2024;;
MS;CIP8;MSCIP8;SODA ESCAMA ;NÃO PRODUTIVO;CIP;300;GERAL;0;AGO;2024;08/2024;;
MS;DAT8;MSDAT8;TINTA VIDEO JET V572;NÃO PRODUTIVO;DATADORA;1;GERAL;0;MAI;2024;05/2024;;
PR;DAT1;PRDAT1;SOLVENTE LINX 1512 ;NÃO PRODUTIVO;DATADORA;6;GERAL;0;JUL;2024;07/2024;;
MS;CIP3;MSCIP3;B - 160 (CIP ENCHEDORA PET);NÃO PRODUTIVO;CIP;0;GERAL;0;JUL;2024;07/2024;;
MS;DAT4;MSDAT4;SOLVENTE VIDEO JET V705;NÃO PRODUTIVO;DATADORA;2;GERAL;0;AGO;2024;08/2024;;
MS;DAT7;MSDAT7;SOLVENTE VIDEO JET V852;NÃO PRODUTIVO;DATADORA;3;GERAL;0;AGO;2024;08/2024;;
PA;12038501;PA12038501;DETERGENTE ALCALINO CLORADO DIVOSANT TC 86 DIVERSEY;NÃO PRODUTIVO;CIP;0;GERAL;0;JUL;2024;07/2024;;
PA;12038500;PA12038500;DETERGENTE DIVERFOAM DG;NÃO PRODUTIVO;CIP;0;GERAL;0;JUL;2024;07/2024;;
PA;12038514;PA12038514;ACIDO PERACETICO DIVOSAN FORT;NÃO PRODUTIVO;CIP;0;GERAL;0;JUL;2024;07/2024;;
PA;12084719;PA12084719;REMOVEDOR DE COLA PRO D-LIMONENO;NÃO PRODUTIVO;CIP;20;GERAL;0;AGO;2024;08/2024;;
MS;2701130006;MS2701130006;EXTRATO DE GUARANA 200% DUAS RODAS;AROMA;ENERG./DELÍR.;102;DUAS RODAS;5092,8599999999997;AGO;2024;08/2024;;
PR;2701130006;PR2701130006;EXTRATO DE GUARANA 200% DUAS RODAS;AROMA;ENERG./DELÍR.;204;DUAS RODAS;10185,719999999999;AGO;2024;08/2024;;
MS;FILT2;MSFILT2;FILTRO 5MIC;NÃO PRODUTIVO;CIP;30;GERAL;0;AGO;2024;08/2024;;
MS;2701140029;MS2701140029;TAMPA - LATA 350/269/473ML - B64;TAMPA;LATA;2920000;GERAL;700800;JUL;2024;07/2024;;
MS;2701140029;MS2701140029;TAMPA - LATA 350/269/473ML - B64;TAMPA;LATA;2920000;GERAL;700800;JUL;2024;07/2024;;
MS;2701140029;MS2701140029;TAMPA - LATA 350/269/473ML - B64;TAMPA;LATA;1460000;GERAL;350400;AGO;2024;08/2024;;
PA;12039992;PA12039992;SOLUÇÃO DILUENTE MC2BK 124 (DATADORA);NÃO PRODUTIVO;DATADORA;3;GERAL;0;AGO;2024;08/2024;;
MS;DAT8;MSDAT8;TINTA VIDEO JET V572;NÃO PRODUTIVO;DATADORA;1;GERAL;0;JUL;2024;07/2024;;
PA;12084658;PA12084658;SOLUÇÃO DE LIMPEZA 1000Q (DATADORA);NÃO PRODUTIVO;DATADORA;2;GERAL;0;JUL;2024;07/2024;;
MS;2701040009;MS2701040009;FILME STRETCH POLIETILENO 500X0023;FILME;STRETCH;5000;GERAL;114250;AGO;2024;08/2024;;
PR;CIP2;PRCIP2;MULT ORGANIC;NÃO PRODUTIVO;CIP;100;GERAL;0;JUL;2024;07/2024;;
PR;DAT4;PRDAT4;SOLVENTE DOMINO (UND);NÃO PRODUTIVO;DATADORA;3;GERAL;0;JUL;2024;07/2024;;
MS;CIP2;MSCIP2;SABÃO DE ESTEIRA (GTECH 8338) SILICONE;NÃO PRODUTIVO;CIP;60;GERAL;0;AGO;2024;08/2024;;
PA;10010001;PA10010001;ACUCAR CRISTAL;AÇUCAR;XAROPARIA;200000;GERAL;455584;AGO;2024;08/2024;;
MS;2701010133;MS2701010133;ROTULO REFRIKO COLA 3L;ROTULO;BOPP;50880;GERAL;1979,0284799999999;SET;2024;09/2024;;
MS;2701010152;MS2701010152;ROTULO REFRIKO TUBAINA 500ML;ROTULO;BOPP;500000;GERAL;6400;SET;2024;09/2024;;
MS;2701010163;MS2701010163;ROTULO TUBA JUJUBA 2L;ROTULO;BOPP;300000;GERAL;10649,999999999998;SET;2024;09/2024;;
MS;2701010161;MS2701010161;ROTULO TERNURA TUBAINA 2L;ROTULO;BOPP;200000;GERAL;7099,9999999999991;SET;2024;09/2024;;
MS;2701010151;MS2701010151;ROTULO TUBAINA 3L;ROTULO;BOPP;100000;GERAL;3889,6;SET;2024;09/2024;;
MS;2701010144;MS2701010144;ROTULO REFRIKO LARANJA DQI1% 2L;ROTULO;BOPP;100000;GERAL;3549,9999999999995;SET;2024;09/2024;;
MS;2701010155;MS2701010155;ROTULO REFRIKO UVA DQI1% 2L;ROTULO;BOPP;200000;GERAL;7099,9999999999991;SET;2024;09/2024;;
PR;2701010156;PR2701010156;ROTULO BOPP REFRISHOW GUARANA 2 L;ROTULO;BOPP;500000;ELLOFLEX;17750;SET;2024;09/2024;;
PR;2701010135;PR2701010135;ROTULO FRAMBOESA REDUZIDO 2L (exclusivo SJP);ROTULO;BOPP;200000;GERAL;7099,9999999999991;SET;2024;09/2024;;
PR;2701010138;PR2701010138;ROTULO GUARANA 2L;ROTULO;BOPP;300000;ELLOFLEX;10649,999999999998;SET;2024;09/2024;;
PR;2701010163;PR2701010163;ROTULO TUBA JUJUBA 2L;ROTULO;BOPP;400000;ELLOFLEX;14199,999999999998;SET;2024;09/2024;;
PR;2701010144;PR2701010144;ROTULO REFRIKO LARANJA DQI1% 2L;ROTULO;BOPP;400000;GERAL;14199,999999999998;SET;2024;09/2024;;
PR;2701010155;PR2701010155;ROTULO REFRIKO UVA DQI1% 2L;ROTULO;BOPP;300000;GERAL;10649,999999999998;SET;2024;09/2024;;
PR;2701010147;PR2701010147;ROTULO REFRIKO LIMÃO DQI1% 2L;ROTULO;BOPP;200000;GERAL;7099,9999999999991;SET;2024;09/2024;;
SP;2801010068;SP2801010068;ROTULO BOPP AGUA S/ GAS HIDRATAR 500ML                   ;ROTULO;BOPP;2000000;GERAL;21120;SET;2024;09/2024;;
PA;11080242;PA11080242;RÓTULO MICOS COLA 200ML;ROTULO;BOPP-PA;500000;ELLOFLEX;2950;SET;2024;09/2024;;
PA;11080246;PA11080246;RÓTULO MICOS GUARANÁ 200ML;ROTULO;BOPP-PA;500000;ELLOFLEX;2950;SET;2024;09/2024;;
PA;11080283;PA11080283;RÓTULO MICOS COLA 2,5L REDUZIDO;ROTULO;BOPP-PA;500000;ELLOFLEX;16975;SET;2024;09/2024;;
PA;11080285;PA11080285;RÓTULO MICOS GUARANA 2,5L REDUZIDO;ROTULO;BOPP-PA;500000;ELLOFLEX;16975;SET;2024;09/2024;;
PA;11080249;PA11080249;RÓTULO MICOS LARANJA 2,5L;ROTULO;BOPP-PA;500000;ELLOFLEX;16975;SET;2024;09/2024;;
PA;11080275;PA11080275;RÓTULO MICOS UVA 2,5L 1%;ROTULO;BOPP-PA;300000;ELLOFLEX;10185;SET;2024;09/2024;;
MS;DAT2;MSDAT2;TINTA LINX 1240;NÃO PRODUTIVO;DATADORA;3;GERAL;0;AGO;2024;08/2024;;
MS;CIP10;MSCIP10;AMERSITE 2 (LUGAR ITENS DA CURITA);NÃO PRODUTIVO;CIP;300;GERAL;0;AGO;2024;08/2024;;
MS;CIP4;MSCIP4;MASTER FOAM (LIMPEZA EXTERNA ENCHEDORAS);NÃO PRODUTIVO;CIP;250;GERAL;0;AGO;2024;08/2024;;
MS;DAT1;MSDAT1;SOLVENTE LINX 1512 ;NÃO PRODUTIVO;DATADORA;2;GERAL;0;AGO;2024;08/2024;;
MS;CIP3;MSCIP3;B - 160 (CIP ENCHEDORA PET);NÃO PRODUTIVO;CIP;100;GERAL;0;AGO;2024;08/2024;;
MS;DAT1;MSDAT1;SOLVENTE LINX 1512 ;NÃO PRODUTIVO;DATADORA;6;GERAL;0;AGO;2024;08/2024;;
MS;DAT3;MSDAT3;ADITIVO PARA LIMPEZA LINX 1512;NÃO PRODUTIVO;DATADORA;3;GERAL;0;AGO;2024;08/2024;;
MS;DAT6;MSDAT6;ADITIVO PARA LIMPEZA VIDEO JET V901Q;NÃO PRODUTIVO;DATADORA;1;GERAL;0;AGO;2024;08/2024;;
PR;CIP4;PRCIP4;GTECH 8338;NÃO PRODUTIVO;CIP;20;GERAL;0;AGO;2024;08/2024;;
PR;CIP3;PRCIP3;MULT ALCLOR;NÃO PRODUTIVO;CIP;50;GERAL;0;AGO;2024;08/2024;;
PR;CIP2;PRCIP2;MULT ORGANIC;NÃO PRODUTIVO;CIP;150;GERAL;0;AGO;2024;08/2024;;
PA;12038500;PA12038500;DETERGENTE DIVERFOAM DG;NÃO PRODUTIVO;CIP;0;GERAL;0;JUL;2024;07/2024;;
PR;2701040007;PR2701040007;FILME TERMO ENCOLHIVEL 860/0,06 MM;FILME;REFR/ENERG.;3000;GERAL;70725;AGO;2024;08/2024;;
MS;2901140013;MS2901140013;LATA CHOPP DO MARQUES 473ML;LATA;MARQUES;143152;GERAL;73007,520000000004;AGO;2024;08/2024;;
PA;12038514;PA12038514;ACIDO PERACETICO DIVOSAN FORT;NÃO PRODUTIVO;CIP;50;GERAL;0;SET;2024;09/2024;;
PA;12038500;PA12038500;DETERGENTE DIVERFOAM DG;NÃO PRODUTIVO;CIP;100;GERAL;0;SET;2024;09/2024;;
MS;2701190004;MS2701190004;XAROPE DE HIGH MALTOSE 25KG (BREWGILL);CERVEJARIA;OUTROS;30000;GERAL;83400;AGO;2024;08/2024;;
MS;2701190004;MS2701190004;XAROPE DE HIGH MALTOSE 25KG (BREWGILL);CERVEJARIA;OUTROS;30000;GERAL;83400;AGO;2024;08/2024;;
MS;2701190001;MS2701190001;MALTE PILSEN BAG 1000 - BARLEY;CERVEJARIA;MALTE;33640;GERAL;110675,6;AGO;2024;08/2024;;
MS;2701190001;MS2701190001;MALTE PILSEN BAG 1000 - BARLEY;CERVEJARIA;MALTE;33640;GERAL;110675,6;AGO;2024;08/2024;;
MS;2701190001;MS2701190001;MALTE PILSEN BAG 1000 - BARLEY;CERVEJARIA;MALTE;33640;GERAL;110675,6;AGO;2024;08/2024;;
MS;2701190001;MS2701190001;MALTE PILSEN BAG 1000 - BARLEY;CERVEJARIA;MALTE;33640;GERAL;110675,6;AGO;2024;08/2024;;
MS;2701080001;MS2701080001;ACUCAR CRISTAL;AÇUCAR;XAROPARIA;57600;GERAL;105984;AGO;2024;08/2024;;
MS;2701080001;MS2701080001;ACUCAR CRISTAL;AÇUCAR;XAROPARIA;86400;GERAL;158976;AGO;2024;08/2024;;
MS;2701080001;MS2701080001;ACUCAR CRISTAL;AÇUCAR;XAROPARIA;57600;GERAL;105984;AGO;2024;08/2024;;
MS;2701080001;MS2701080001;ACUCAR CRISTAL;AÇUCAR;XAROPARIA;57600;GERAL;105984;AGO;2024;08/2024;;
PR;2701080001;PR2701080001;ACUCAR CRISTAL;AÇUCAR;XAROPARIA;62400;GERAL;114816;AGO;2024;08/2024;;
PR;2701080001;PR2701080001;ACUCAR CRISTAL;AÇUCAR;XAROPARIA;93600;GERAL;172224;AGO;2024;08/2024;;
PR;2701080001;PR2701080001;ACUCAR CRISTAL;AÇUCAR;XAROPARIA;93600;GERAL;172224;AGO;2024;08/2024;;
PR;2701080001;PR2701080001;ACUCAR CRISTAL;AÇUCAR;XAROPARIA;62400;GERAL;114816;AGO;2024;08/2024;;
MS;2701150006;MS2701150006;VASILHAME AMBAR 300ML - LITRINHO;VASILHAME;NORMAL;101640;GERAL;75213,600000000006;AGO;2024;08/2024;;
SP;2801020042;SP2801020042;PREFORMA 15G CRISTAL;PREFORMA;PET 500 PA;2023200;GERAL;447794,85599999997;SET;2024;09/2024;;
PA;11040793;PA11040793;FILME TERMO - 480X0,06;FILME;REFRI;5000;METAFILM;51750;SET;2024;09/2024;;
PA;11040007;PA11040007;FILME TERMO ENCOLHIVEL 420 X 0,06;FILME;REFR/ENERG.;1500;METAFILM;15525;SET;2024;09/2024;;
PA;11070046;PA11070046;PREFORMA 18 ou 20,6G CRISTAL;PREFORMA;PET 500 PA;250560;GERAL;59132,159999999996;SET;2024;09/2024;;
PA;11070012;PA11070012;PREFORMA 46,0G CRISTAL OU 45,7 G;PREFORMA;PET 2L PA;152028;AMCOR;74493,72;SET;2024;09/2024;;
PA;11070032;PA11070032;PREFORMA 48GR CRISTAL OU 50,7 G;PREFORMA;PET 2,5L PA;896000;GERAL;446208;SET;2024;09/2024;;
PA;11070033;PA11070033;PREFORMA 48GR VERDE OU 50,7 G;PREFORMA;PET 2,5L PA;232960;GERAL;116014,08;SET;2024;09/2024;;
PA;11090001;PA11090001;TAMPA LARANJA REFRIKO;TAMPA;PET;453600;RAVIBRA;21169,512000000002;SET;2024;09/2024;;
PA;11090034;PA11090034;TAMPA LILAS LISA;TAMPA;PET;453600;RAVIBRA;21169,512000000002;SET;2024;09/2024;;
PA;11090031;PA11090031;TAMPA VERMELHA LISA;TAMPA;PET;1209600;RAVIBRA;56452,032000000007;SET;2024;09/2024;;
PA;10010001;PA10010001;ACUCAR CRISTAL;AÇUCAR;XAROPARIA;250000;GERAL;569480;SET;2024;09/2024;;
PA;10090091;PA10090091;CONCENTRADO PARA REFRIGERANTE GUARANÁ AF 210 ;AROMA;REFRIGERANTE;1540;AMAZON ;74948,256637168146;SET;2024;09/2024;;
PA;10020009;PA10020009;AROMA UVA REFRIKO 84;AROMA;REFRIGERANTE;1500;SAPORITI;35250;SET;2024;09/2024;;
PA;10090292;PA10090292;CORANTE AMARANTO;CORANTE;REFRIGERANTE;100;SAPORITI;6798,9999999999991;SET;2024;09/2024;;
PA;10090032;PA10090032;SACARINA SÓDICA;EDULCORANTE;XAROPARIA;100;GERAL;3840;SET;2024;09/2024;;
PA;10090295;PA10090295;CONCENTRADO COLA IAB 7729 (NOVO);CONCENT./KITs;KIT COLA;2000;INTERAMERICA;44780;OUT;2024;10/2024;;
PA;11080283;PA11080283;RÓTULO MICOS COLA 2,5L REDUZIDO;ROTULO;BOPP-PA;500000;GERAL;16975;OUT;2024;10/2024;;
PA;11080247;PA11080247;ROTULO MICOS GUARANA 2L;ROTULO;BOPP-PA;300000;GERAL;12489;OUT;2024;10/2024;;
PA;11080279;PA11080279;RÓTULO MICOS LARANJA 200ML 1%;ROTULO;BOPP-PA;300000;GERAL;1770;OUT;2024;10/2024;;
MS;2701100002;MS2701100002;BENZOATO DE SODIO;ACID.E CONSERV.;REF/ENER/NOCH/TON;2000;BBCA;24200;SET;2024;09/2024;;
PR;2701100002;PR2701100002;BENZOATO DE SODIO;ACID.E CONSERV.;REF/ENER/NOCH/TON;4000;GERAL;48400;SET;2024;09/2024;;
MS;2701090006;MS2701090006;CITRATO DE SODIO;ACID.E CONSERV.;ENERG/DELIRIO;2500;BBCA;20700;SET;2024;09/2024;;
PR;2801090005;PR2801090005;CITRATO DE SODIO;ACID.E CONSERV.;ENERG/DELIRIO;400;BBCA;3311,9999999999995;SET;2024;09/2024;;
MS;2701100001;MS2701100001;SORBATO DE POTASSIO 25KG;ACID.E CONSERV.;REF/ENER/ROM/DEL;700;DISPROQUIMA;11004;SET;2024;09/2024;;
PR;2701100001;PR2701100001;SORBATO DE POTASSIO 25KG;ACID.E CONSERV.;REF/ENER/ROM/DEL;700;GERAL;11004;SET;2024;09/2024;;
PR;2701050037;PR2701050037;AROMA IDENTICO AO NATURAL FRAMBOESA 77587 SAPORITI;AROMA;REFRIGERANTE;120;GERAL;7440;SET;2024;09/2024;;
PR;2701130007;PR2701130007;AROMA EXTRATO GUARANA REFRIKO 28;AROMA;REFRIGERANTE;2000;GERAL;65600;SET;2024;09/2024;;
MS;2701050008;MS2701050008;AROMA FRUTAS TROPICAIS;AROMA;ENERGÉTICO;700;MONARCH;104699;SET;2024;09/2024;;
PR;2801050019;PR2801050019;AROMA IDENTICO AO NATURAL MARACUJA;AROMA;NOCH DEMAIS;60;DUAS RODAS;3252,6;SET;2024;09/2024;;
MS;2701050017;MS2701050017;AROMA IDENTICO AO NATURAL MELANCIA;AROMA;ENERGÉTICO;450;DUAS RODAS;16726,5;SET;2024;09/2024;;
MS;2701050021;MS2701050021;AROMA IDENTICO AO NATURAL MORANGO;AROMA;ENERGÉTICO;300;DUAS RODAS;22764;SET;2024;09/2024;;
PR;2801050025;PR2801050025;AROMA IDENTICO AO NATURAL MORANGO;AROMA;ENERGÉTICO;100;DUAS RODAS;7588;SET;2024;09/2024;;
MS;2701050013;MS2701050013;AROMA MAÇA VERDE COD;AROMA;ENERGÉTICO;350;DUAS RODAS;16257,500000000002;SET;2024;09/2024;;
MS;2701050019;MS2701050019;AROMA MELAO ;AROMA;ENERGÉTICO;800;DUAS RODAS;47176;SET;2024;09/2024;;
PR;2701050001;PR2701050001;AROMA NATURAL MOUTHFEEL FASV259 ADM;AROMA;REFRIGERANTE;300;ADM;49620;SET;2024;09/2024;;
MS;2701050028;MS2701050028;AROMA NATURAL PARA VODKA ;AROMA;VODKA;200;DUAS RODAS;5176;SET;2024;09/2024;;
PR;2701050027;PR2701050027;AROMA UVA REFRIKO 84;AROMA;REFRIGERANTE;600;GERAL;16800;SET;2024;09/2024;;
MS;2701050022;MS2701050022;CONCENTRADO DE GUARANA IAB 7205;AROMA;REFRIGERANTE;3000;GERAL;77610;SET;2024;09/2024;;
PR;2701050022;PR2701050022;CONCENTRADO DE GUARANA IAB 7205;AROMA;REFRIGERANTE;7000;INTERAMERICA;190190;SET;2024;09/2024;;
MS;2701090003;MS2701090003;ACIDO LACTICO - IBC;CERVEJARIA;OUTROS;1000;KATEC;10410;SET;2024;09/2024;;
MS;2701250001;MS2701250001;CLORETO DE CALCIO - IBC;CERVEJARIA;OUTROS;400;BELA VISTA;1628;SET;2024;09/2024;;
MS;2701210004;MS2701210004;ENZIMA ULTRA FLOW;CERVEJARIA;OUTROS;50;PROZYN;3818;SET;2024;09/2024;;
MS;2701200002;MS2701200002;LUPULO LSKE;CERVEJARIA;LUPULO;10,05;LNF LATINO;10225,5735;SET;2024;09/2024;;
MS;2701210002;MS2701210002;SILICA HP 9000;CERVEJARIA;OUTROS;1500;GRACE;54015;SET;2024;09/2024;;
MS;2701120001;MS2701120001;PREMIX ENERG EMULVIT 8942;CONCENT./KITs;C.ENERGETICO;6500;QUANTIQ;117325;SET;2024;09/2024;;
PR;2801120002;PR2801120002;PREMIX ENERG EMULVIT 8942;CONCENT./KITs;C.ENERGETICO;1000;QUANTIQ;18050;SET;2024;09/2024;;
PR;2701050023;PR2701050023;PREP ACIDO COLA ;CONCENT./KITs;KIT COLA;300;MONARCH;7500;SET;2024;09/2024;;
MS;2701050023;MS2701050023;PREP ACIDO COLA ;CONCENT./KITs;KIT COLA;200;MONARCH;5000;SET;2024;09/2024;;
MS;2701060007;MS2701060007;CORANTE CARAMELO CLASE IV DPC;CORANTE;REFRIGERANTE;200;SAPORITI;1500;SET;2024;09/2024;;
PR;2701060007;PR2701060007;CORANTE CARAMELO CLASE IV DPC;CORANTE;REFRIGERANTE;500;GERAL;3750;SET;2024;09/2024;;
MS;2701060001;MS2701060001;CORANTE PONCEAU ;CORANTE;ENERGÉTICO;10;SAPORITI;670;SET;2024;09/2024;;
PR;2701060001;PR2701060001;CORANTE PONCEAU ;CORANTE;ENERGÉTICO;5;GERAL;335;SET;2024;09/2024;;
MS;2701060003;MS2701060003;CORANTE TARTRAZINA;CORANTE;ENERGÉTICO;10;SAPORITI;490;SET;2024;09/2024;;
MS;2701060002;MS2701060002;CORANTE VERMELHO 3167;CORANTE;REFRIGERANTE;100;SAPORITI;1889,9999999999998;SET;2024;09/2024;;
PR;2701060002;PR2701060002;CORANTE VERMELHO 3167;CORANTE;REFRIGERANTE;350;GERAL;6614,9999999999991;SET;2024;09/2024;;
MS;2701070006;MS2701070006;ACESSULFAME DE POTASSIO;EDULCORANTE;XAROPARIA;125;QUANTIQ;3566,25;SET;2024;09/2024;;
PR;2701070006;PR2701070006;ACESSULFAME DE POTASSIO;EDULCORANTE;XAROPARIA;200;QUANTIQ ;5706;SET;2024;09/2024;;
MS;2701070004;MS2701070004;CICLAMATO DE SÓDIO ;EDULCORANTE;XAROPARIA;150;QUANTIQ;2127;SET;2024;09/2024;;
PR;2701070004;PR2701070004;CICLAMATO DE SÓDIO ;EDULCORANTE;XAROPARIA;550;QUANTIQ;7799;SET;2024;09/2024;;
PR;2701070003;PR2701070003;NEOTAME;EDULCORANTE;XAROPARIA;20;GERAL;3886;SET;2024;09/2024;;
MS;2701070002;MS2701070002;SACARINA SÓDICA;EDULCORANTE;XAROPARIA;100;QUANTIQ;2965;SET;2024;09/2024;;
PR;2701070002;PR2701070002;SACARINA SÓDICA;EDULCORANTE;XAROPARIA;200;QUANTIQ ;5930;SET;2024;09/2024;;
MS;2701070001;MS2701070001;SUCRALOSE;EDULCORANTE;XAROPARIA;200;LR LOGISTICS;16860;SET;2024;09/2024;;
PR;2701070001;PR2701070001;SUCRALOSE;EDULCORANTE;XAROPARIA;300;GERAL;26400;SET;2024;09/2024;;
MS;2701050020;MS2701050020;EMULSÃO COLA E-0388 ADM (NOVO);EMULSAO;XAROPARIA;350;ADM;134578,5;SET;2024;09/2024;;
PR;2701050020;PR2701050020;EMULSÃO COLA E-0388 ADM (NOVO) (usar no 500 ml);EMULSAO;XAROPARIA;275;ADM;105740,25;SET;2024;09/2024;;
MS;2701050018;MS2701050018;EMULSAO LARANJA REFRIKO 98;EMULSAO;XAROPARIA;400;SAPORITI;13119,999999999998;SET;2024;09/2024;;
PR;2701050018;PR2701050018;EMULSAO LARANJA REFRIKO 98;EMULSAO;XAROPARIA;1100;GERAL;36080;SET;2024;09/2024;;
MS;2701040009;MS2701040009;FILME STRETCH POLIETILENO 500X0023;FILME;STRETCH;5000;PACKSEVEN;114250;SET;2024;09/2024;;
PR;2701040009;PR2701040009;FILME STRETCH POLIETILENO 500X0023;FILME;STRETCH;5000;GERAL;100000;SET;2024;09/2024;;
MS;2701040001;MS2701040001;FILME TERMO ENCOLHIVEL 420 X 0,05;FILME;JUJ/TERN;3000;PACKSEVEN;63000;SET;2024;09/2024;;
PR;2701040004;PR2701040004;FILME TERMO ENCOLHIVEL 600 MM X 0,04 ;FILME;REFRI;3500;GERAL;49350;SET;2024;09/2024;;
PR;2701040005;PR2701040005;FILME TERMO ENCOLHIVEL 660 MM X 0,04;FILME;ENERGÉTICO;4500;GERAL;105750;SET;2024;09/2024;;
PR;2701040006;PR2701040006;FILME TERMO ENCOLHIVEL 860/5 MM;FILME;JUJ/TERN;4000;GERAL;94300;SET;2024;09/2024;;
PR;2701040007;PR2701040007;FILME TERMO ENCOLHIVEL 860/0,06 MM;FILME;REFR/ENERG.;5000;PACKSEVEN;117875;SET;2024;09/2024;;
MS;2701040015;MS2701040015;FILME TERMOENCOLHIVEL LISO 380X0,06MM;FILME;VIDRO;2000;PACKSEVEN;42000;SET;2024;09/2024;;
MS;2701040002;MS2701040002;FILME TERMO ENCOLHIVEL 420 X 0,06;FILME;REFR/ENERG.;4000;PACKSEVEN;94000;SET;2024;09/2024;;
MS;2701040011;MS2701040011;SHRINK MOEMA 350ML - 390X0,06;FILME;MOEMA;7000;PACKSEVEN;220570;SET;2024;09/2024;;
MS;2701260003;MS2701260003;LACRE BARRIL MOEMA;LACRE;CHOPP;2000;INDALFA;730;SET;2024;09/2024;;
PR;2801010088;PR2801010088;ROTULO AGUA TONICA MALDIVES 250 ML;ROTULO;SLEEVE;200000;ALL4LABELL;10142;SET;2024;09/2024;;
PR;2801010089;PR2801010089;ROTULO BOMBADÃO 2L;ROTULO;SLEEVE;100000;ALL4LABELL;21285,599999999999;SET;2024;09/2024;;
MS;2701010189;MS2701010189;ROTULO FURIOSO 1L;ROTULO;SLEEVE;100000;ALL4LABELL;20000;SET;2024;09/2024;;
PR;2801010099;PR2801010099;ROTULO FURIOSO 250ML;ROTULO;SLEEVE;2000000;GERAL;100754;SET;2024;09/2024;;
MS;2701010191;MS2701010191;ROTULO FURIOSO 2L;ROTULO;SLEEVE;100000;ALL4LABELL;20620;SET;2024;09/2024;;
PR;2801010100;PR2801010100;ROTULO FURIOSO 2L;ROTULO;SLEEVE;400000;GERAL;82480;SET;2024;09/2024;;
MS;2701010187;MS2701010187;ROTULO FURIOSO MELANCIA E MORANGO 2L;ROTULO;SLEEVE;200000;ALL4LABELL;41240;SET;2024;09/2024;;
MS;2701010184;MS2701010184;ROTULO FURIOSO MELAO 2L;ROTULO;SLEEVE;200000;ALL4LABELL;41240;SET;2024;09/2024;;
MS;2701010193;MS2701010193;ROTULO FURIOSO TROPICAL 2L;ROTULO;SLEEVE;200000;ALL4LABELL;41240;SET;2024;09/2024;;
PR;2701130009;PR2701130009;SUCO CONCENTRADO DE MACA;SUCO;XAROPARIA;2000;GERAL;24000;SET;2024;09/2024;;
PR;2701130001;PR2701130001;SUCO CONCENTRADO LARANJA;SUCO;XAROPARIA;400;GERAL;4800;AGO;2024;08/2024;;
MS;2701130002;MS2701130002;SUCO CONCENTRADO LIMÃO;SUCO;XAROPARIA;75;INTERSUCOS;1237,5;SET;2024;09/2024;;
PR;2701130002;PR2701130002;SUCO CONCENTRADO LIMÃO;SUCO;XAROPARIA;250;GERAL;4125;SET;2024;09/2024;;
PR;2701020051;PR2701020051;PREFORMA PET 200 ML CRISTAL 12 g ;PREFORMA;REFRIKO 200ML;1570464;ENGEPACK;310870,207872;SET;2024;09/2024;;
PR;2701020097;PR2701020097;PREFORMA PET 200 ML VERDE 12 g ;PREFORMA;REFRIKO 200ML;0;ENGEPACK;0;SET;2024;09/2024;;
PR;2701020055;PR2701020055;PREFORMA 18G CRISTAL;PREFORMA;FURIOSO 250ML;3249792;GERAL;834026,61887999997;SET;2024;09/2024;;
PR;2701020059;PR2701020059;PREFORMA 41G CRISTAL;PREFORMA;REFRIKO 2L;721920;ENGEPACK;376264,70399999997;SET;2024;09/2024;;
PR;2701020102;PR2701020102;PREFORMA 41G VERDE;PREFORMA;REFRIKO 2L;2301120;ENGEPACK;1199343,7439999999;SET;2024;09/2024;;
MS;2701020059;MS2701020059;PREFORMA 41 G CRISTAL;PREFORMA;REFRIKO 2L;216576;ENGEPACK;120264,6528;SET;2024;09/2024;;
MS;2701020075;MS2701020075;PREFORMA PET 46,7GR CRISTAL;PREFORMA;FURIOSO 2L;1196160;GERAL;710519,03999999992;SET;2024;09/2024;;
PR;2701020075;PR2701020075;PREFORMA PET 46,7GR CRISTAL ;PREFORMA;FURIOSO 2L;324672;ENGEPACK;223208,103936;SET;2024;09/2024;;
MS;2701030037;MS2701030037;TAMPA AMARELA LISA;TAMPA;PET;1360800;OXFORD;66679,199999999997;SET;2024;09/2024;;
PR;2701030037;PR2701030037;TAMPA AMARELA LISA;TAMPA;PET;4536000;OXFORD;201625,2;SET;2024;09/2024;;
PR;2801030013;PR2801030013;TAMPA AZUL LISA;TAMPA;PET;302400;OPS ;13103,899200000002;SET;2024;09/2024;;
PR;2801030015;PR2801030015;TAMPA DOURADA LISA;TAMPA;PET;302400;GERAL;13103,899200000002;SET;2024;09/2024;;
MS;2701030043;MS2701030043;TAMPA LARANJA REFRIKO;TAMPA;PET;151200;OXFORD;7408,8;SET;2024;09/2024;;
PR;2701030043;PR2701030043;TAMPA LARANJA REFRIKO;TAMPA;PET;1209600;OPS ;53766,720000000001;SET;2024;09/2024;;
MS;2701030044;MS2701030044;TAMPA LILAS LISA;TAMPA;PET;151200;OXFORD;7408,8;SET;2024;09/2024;;
PR;2701030044;PR2701030044;TAMPA LILAS LISA;TAMPA;PET;756000;OXFORD;33604,200000000004;SET;2024;09/2024;;
PR;2701030048;PR2701030048;TAMPA ROSA MAGENTA REFRIKO;TAMPA;PET;302400;OXFORD;13441,68;SET;2024;09/2024;;
SP;2801030014;SP2801030014;TAMPA PLASTICA AZUL OMNI                             ;TAMPA;PET;2116800;OPS ;91727,294400000013;SET;2024;09/2024;;
MS;2701030049;MS2701030049;TAMPA VERDE REFRIKO;TAMPA;PET;302400;OXFORD;14817,6;SET;2024;09/2024;;
PR;2701030049;PR2701030049;TAMPA VERDE REFRIKO;TAMPA;PET;2268000;OPS ;100812,6;SET;2024;09/2024;;
MS;2701030050;MS2701030050;TAMPA VERMELHA LISA;TAMPA;PET;151200;OXFORD;7408,8;SET;2024;09/2024;;
PR;2701030050;PR2701030050;TAMPA VERMELHA LISA;TAMPA;PET;907200;OXFORD;40325,040000000001;SET;2024;09/2024;;
MS;3002020007;MS3002020007;CARVÃO ATIVADO;TERRA;XAROPARIA;300;GUARAMEX;3750;SET;2024;09/2024;;
MS;3002020010;MS3002020010;TERRA CELITE DIATOMITA 2500/535;TERRA;CERVEJARIA;4425;VENETO;38940;SET;2024;09/2024;;
MS;3002020009;MS3002020009;TERRA CELITE DIATOMITA SPEEDFLOW/STANDARD (VERMELHO);TERRA;CERVEJARIA;1770;VENETO;15576,000000000002;SET;2024;09/2024;;
MS;2701150001;MS2701150001;VASILHAME GINGUALA 970ML;VASILHAME;NORMAL;197120;GERAL;309478,40000000002;SET;2024;09/2024;;
MS;2701150006;MS2701150006;VASILHAME AMBAR 300ML - LITRINHO;VASILHAME;NORMAL;101640;VERALLIA;75213,600000000006;SET;2024;09/2024;;
MS;2701010119;MS2701010119;ROTULO BAMBOA TRADICIONAL VODKA;ROTULO;ADESIVO;500000;ALL4LABELL;38500;OUT;2024;10/2024;;
PR;2701050011;PR2701050011;AROMA LIMAO REFRIKO 41;AROMA;REFRIGERANTE;250;GERAL;12000;OUT;2024;10/2024;;
MS;2701050040;MS2701050040;CONCENTRADO BEBIDAS ENERGETICA;AROMA;KIT ENERGÉTICO;139,275766;WILD AMAZON;289259,88857938722;OUT;2024;10/2024;;
PR;2801050003;PR2801050003;CONCENTRADO BEBIDAS ENERGETICA;AROMA;KIT ENERGÉTICO;139,275766;WILD AMAZON;284786,40668523678;OUT;2024;10/2024;;
PR;2701010156;PR2701010156;ROTULO BOPP REFRISHOW GUARANA 2 L;ROTULO;BOPP;500000;C-MAB;17750;OUT;2024;10/2024;;
MS;2701010138;MS2701010138;ROTULO GUARANA 2L;ROTULO;BOPP;300000;ELLO;10649,999999999998;OUT;2024;10/2024;;
PR;2701010138;PR2701010138;ROTULO GUARANA 2L;ROTULO;BOPP;400000;MABFLE;14199,999999999998;OUT;2024;10/2024;;
MS;2701010140;MS2701010140;ROTULO GUARANA 500ML;ROTULO;BOPP;500000;MABFLE;6400;OUT;2024;10/2024;;
PR;2701010141;PR2701010141;ROTULO GUARANA 200 ML ZERO ;ROTULO;BOPP;1500000;ELLO;12000;OUT;2024;10/2024;;
PR;2701010132;PR2701010132;ROTULO REFRIKO COLA 2L;ROTULO;BOPP;200000;MABFLE;7099,9999999999991;OUT;2024;10/2024;;
MS;2701010132;MS2701010132;ROTULO REFRIKO COLA 2L;ROTULO;BOPP;200000;GERAL;7099,9999999999991;OUT;2024;10/2024;;
MS;2701010163;MS2701010163;ROTULO TUBA JUJUBA 2L;ROTULO;BOPP;200000;MABFLE;7099,9999999999991;OUT;2024;10/2024;;
PR;2701010163;PR2701010163;ROTULO TUBA JUJUBA 2L;ROTULO;BOPP;700000;ELLO;24849,999999999996;OUT;2024;10/2024;;
PR;2701010150;PR2701010150;ROTULO TUBAINA 2L;ROTULO;BOPP;400000;C-MAB;14199,999999999998;OUT;2024;10/2024;;
MS;2701010161;MS2701010161;ROTULO TERNURA TUBAINA 2L;ROTULO;BOPP;100000;ELLO;3549,9999999999995;OUT;2024;10/2024;;
MS;2701010145;MS2701010145;ROTULO REFRIKO LARANJA DQI1% 500 ML;ROTULO;BOPP;100000;C-MAB;1280;OUT;2024;10/2024;;
PR;2701010143;PR2701010143;ROTULO REFRIKO LARANJA DQI1% 200 ML ;ROTULO;BOPP;300000;Janela;2400;OUT;2024;10/2024;;
MS;2701240004;MS2701240004;CHAPA SEM IMPRESSAO 1000X1200 (NOVA);SEPARADOR DE CAMADAS;CHAPA;41000;GERAL;51250;OUT;2024;10/2024;;
PR;DAT1;PRDAT1;SOLVENTE LINX 1512 ;NÃO PRODUTIVO;DATADORA;4;GERAL;0;AGO;2024;08/2024;;
PR;DAT2;PRDAT2;TINTA LINX 1240;NÃO PRODUTIVO;DATADORA;2;LeituraAvançada;0;AGO;2024;08/2024;;
PR;FILT2;PRFILT2;FILTRO 10MIC (C- MIC 2020491 - 10µ (BIG);NÃO PRODUTIVO;FILTRAGEM;7;GERAL;0;SET;2024;09/2024;;
SP;CIP3;SPCIP3;GTECH 8338;NÃO PRODUTIVO;CIP;20;GERAL;0;SET;2024;09/2024;;
MS;2701140029;MS2701140029;TAMPA - LATA 350/269/473ML - B64;TAMPA;LATA;2920000;GERAL;700800;SET;2024;09/2024;;
MS;2701140029;MS2701140029;TAMPA - LATA 350/269/473ML - B64;TAMPA;LATA;2920000;GERAL;700800;SET;2024;09/2024;;
MS;2701140029;MS2701140029;TAMPA - LATA 350/269/473ML - B64;TAMPA;LATA;2920000;GERAL;700800;SET;2024;09/2024;;
PA;12039992;PA12039992;SOLUÇÃO DILUENTE MC2BK 124 (DATADORA);NÃO PRODUTIVO;DATADORA;2;GERAL;0;SET;2024;09/2024;;
PA;12039994;PA12039994;LUBRIFICANTES DE ESTEIRAS GTECH 8338;NÃO PRODUTIVO;CIP;20;GERAL;0;SET;2024;09/2024;;
PR;CIP4;PRCIP4;GTECH 8338;NÃO PRODUTIVO;CIP;100;GERAL;0;SET;2024;09/2024;;
MS;CIP3;MSCIP3;B - 160 (CIP ENCHEDORA PET);NÃO PRODUTIVO;CIP;100;GERAL;0;SET;2024;09/2024;;
MS;2701190004;MS2701190004;XAROPE DE HIGH MALTOSE 25KG (BREWGILL);CERVEJARIA;OUTROS;30000;TEREOS;83400;SET;2024;09/2024;;
MS;2701190004;MS2701190004;XAROPE DE HIGH MALTOSE 25KG (BREWGILL);CERVEJARIA;OUTROS;30000;TEREOS;83400;SET;2024;09/2024;;
MS;2701190004;MS2701190004;XAROPE DE HIGH MALTOSE 25KG (BREWGILL);CERVEJARIA;OUTROS;30000;TEREOS;83400;SET;2024;09/2024;;
MS;2701190004;MS2701190004;XAROPE DE HIGH MALTOSE 25KG (BREWGILL);CERVEJARIA;OUTROS;30000;TEREOS;83400;SET;2024;09/2024;;
MS;2701190004;MS2701190004;XAROPE DE HIGH MALTOSE 25KG (BREWGILL);CERVEJARIA;OUTROS;30000;TEREOS;83400;SET;2024;09/2024;;
MS;2701170003;MS2701170003;VINHO DE MESA TINTO SECO GRANEL;VINHO;TANQUE;37000;GERAL;155400;SET;2024;09/2024;;
MS;2701170003;MS2701170003;VINHO DE MESA TINTO SECO GRANEL;VINHO;TANQUE;37000;GERAL;155400;SET;2024;09/2024;;
MS;2701170003;MS2701170003;VINHO DE MESA TINTO SECO GRANEL;VINHO;TANQUE;37000;BEBIDAS GAZZI;155400;OUT;2024;10/2024;;
MS;2701170003;MS2701170003;VINHO DE MESA TINTO SECO GRANEL;VINHO;TANQUE;37000;GERAL;155400;OUT;2024;10/2024;;
MS;2701040020;MS2701040020;SHRINK BAMBOA 269ML - 350X645X0,06 LAGER;FILME;BAMBOA;1000;PACKSEVEN;14500;SET;2024;09/2024;;
MS;2701040019;MS2701040019;SHRINK BAMBOA 350ML -360X0,06 LAGER;FILME;BAMBOA;1000;PACKSEVEN;14500;SET;2024;09/2024;;
PR;2801050038;PR2801050038;EMULSAO SABOR CITRUS;EMULSAO;XAROPARIA;20;DUAS RODAS;2014,8;OUT;2024;10/2024;;
PR;CIP2;PRCIP2;MULT ORGANIC;NÃO PRODUTIVO;CIP;50;GERAL;0;SET;2024;09/2024;;
PR;DAT1;PRDAT1;SOLVENTE LINX 1512 ;NÃO PRODUTIVO;DATADORA;3;GERAL;0;SET;2024;09/2024;;
MS;CIP4;MSCIP4;MASTER FOAM (LIMPEZA EXTERNA ENCHEDORAS);NÃO PRODUTIVO;CIP;100;GERAL;0;SET;2024;09/2024;;
MS;DAT1;MSDAT1;SOLVENTE LINX 1512 ;NÃO PRODUTIVO;DATADORA;6;GERAL;0;SET;2024;09/2024;;
MS;DAT2;MSDAT2;TINTA LINX 1240;NÃO PRODUTIVO;DATADORA;2;GERAL;0;SET;2024;09/2024;;
MS;FILT2;MSFILT2;FILTRO 5MIC;NÃO PRODUTIVO;CIP;20;GERAL;0;SET;2024;09/2024;;
MS;DAT6;MSDAT6;ADITIVO PARA LIMPEZA VIDEO JET V901Q;NÃO PRODUTIVO;DATADORA;1;GERAL;0;SET;2024;09/2024;;
PA;12038501;PA12038501;DETERGENTE ALCALINO CLORADO DIVOSANT TC 86 DIVERSEY;NÃO PRODUTIVO;CIP;100;GERAL;0;OUT;2024;10/2024;;
MS;2701080001;MS2701080001;ACUCAR CRISTAL;AÇUCAR;XAROPARIA;86400;GERAL;158976;SET;2024;09/2024;;
MS;2701080001;MS2701080001;ACUCAR CRISTAL;AÇUCAR;XAROPARIA;86400;GERAL;158976;SET;2024;09/2024;;
MS;2701080001;MS2701080001;ACUCAR CRISTAL;AÇUCAR;XAROPARIA;86400;GERAL;158976;SET;2024;09/2024;;
MS;2701080001;MS2701080001;ACUCAR CRISTAL;AÇUCAR;XAROPARIA;86400;GERAL;158976;SET;2024;09/2024;;
PR;2701080001;PR2701080001;ACUCAR CRISTAL;AÇUCAR;XAROPARIA;93600;GERAL;172224;SET;2024;09/2024;;
PR;2701080001;PR2701080001;ACUCAR CRISTAL;AÇUCAR;XAROPARIA;93600;GERAL;172224;SET;2024;09/2024;;
PR;2701080001;PR2701080001;ACUCAR CRISTAL;AÇUCAR;XAROPARIA;93600;GERAL;172224;SET;2024;09/2024;;
PR;2701080001;PR2701080001;ACUCAR CRISTAL;AÇUCAR;XAROPARIA;93600;GERAL;172224;SET;2024;09/2024;;
MS;2701050020;MS2701050020;EMULSÃO COLA E-0388 ADM (NOVO);EMULSAO;XAROPARIA;50;ADM;19225,5;OUT;2024;10/2024;;
PR;2701050020;PR2701050020;EMULSÃO COLA E-0388 ADM (NOVO) (usar no 500 ml);EMULSAO;XAROPARIA;50;ADM;19225,5;OUT;2024;10/2024;;
PR;2801050014;PR2801050014;AROMA CLOUDING LEMON IN;AROMA;NOCH LEMON;200;BARENTZ;20628,399999999998;FEV;2025;02/2025;;
MS;2701050017;MS2701050017;AROMA IDENTICO AO NATURAL MELANCIA;AROMA;ENERGÉTICO;500;DUAS RODAS;18585;OUT;2024;10/2024;;
PR;2801050021;PR2801050021;AROMA IDENTICO AO NATURAL MELANCIA;AROMA;ENERGÉTICO;50;DUAS RODAS;1858,5;OUT;2024;10/2024;;
PR;2801050021;PR2801050021;AROMA IDENTICO AO NATURAL MELANCIA;AROMA;ENERGÉTICO;200;DUAS RODAS;7434;OUT;2024;10/2024;;
PR;2701130006;PR2701130006;EXTRATO DE GUARANA 200% DUAS RODAS;AROMA;ENERG./DELÍR.;100;DUAS RODAS;4993;OUT;2024;10/2024;;
MS;2701090005;MS2701090005;ANTIOXIDANTE;CERVEJARIA;OUTROS;300;AEB;9066;OUT;2024;10/2024;;
MS;2701060006;MS2701060006;CORANTE CARAMELO CERVEJA;CERVEJARIA;OUTROS;500;GERAL;3020;OUT;2024;10/2024;;
MS;2701210004;MS2701210004;ENZIMA ULTRA FLOW;CERVEJARIA;OUTROS;200;GERAL;15272;OUT;2024;10/2024;;
MS;2701210002;MS2701210002;SILICA HP 9000;CERVEJARIA;OUTROS;1000;GRACE ;36010;OUT;2024;10/2024;;
MS;2701120001;MS2701120001;PREMIX ENERG EMULVIT 8942;CONCENT./KITs;C.ENERGETICO;3500;QUANTIQ;63175;OUT;2024;10/2024;;
PR;2801120002;PR2801120002;PREMIX ENERG EMULVIT 8942;CONCENT./KITs;C.ENERGETICO;1500;QUANTIQ;27075;OUT;2024;10/2024;;
MS;2701060007;MS2701060007;CORANTE CARAMELO CLASE IV DPC;CORANTE;REFRIGERANTE;700;SAPORATI;5250;OUT;2024;10/2024;;
PR;2701060007;PR2701060007;CORANTE CARAMELO CLASE IV DPC;CORANTE;REFRIGERANTE;800;SAPORITI ;6000;OUT;2024;10/2024;;
MS;2701040009;MS2701040009;FILME STRETCH POLIETILENO 500X0023;FILME;STRETCH;5000;PACKSEVEN;114250;OUT;2024;10/2024;;
MS;2701040001;MS2701040001;FILME TERMO ENCOLHIVEL 420 X 0,05;FILME;JUJ/TERN;2500;PACKSEVEN;52500;OUT;2024;10/2024;;
PR;2701040004;PR2701040004;FILME TERMO ENCOLHIVEL 600 MM X 0,04 ;FILME;REFRI;2000;PACKESEVEN;28200;OUT;2024;10/2024;;
PR;2701040007;PR2701040007;FILME TERMO ENCOLHIVEL 860/0,06 MM;FILME;REFR/ENERG.;7000;PACKESEVEN;165025;OUT;2024;10/2024;;
MS;2701040025;MS2701040025;FILME TERMOENCOLHIVEL LISO 380X0,05MM;FILME;PET 500;1000;PACKSEVEN;21000;OUT;2024;10/2024;;
MS;2701040002;MS2701040002;FILME TERMO ENCOLHIVEL 420 X 0,06;FILME;REFR/ENERG.;4000;PACKSEVEN;94000;OUT;2024;10/2024;;
MS;2701040011;MS2701040011;SHRINK MOEMA 350ML - 390X0,06;FILME;MOEMA;10000;ERPLASTI;315100;OUT;2024;10/2024;;
PR;2701020097;PR2701020097;PREFORMA PET 200 ML VERDE 12 g ;PREFORMA;REFRIKO 200ML;1679040;GERAL;332362,60992000002;OUT;2024;10/2024;;
MS;2701020115;MS2701020115;PREFORMA 18 A 20G VERDE 500 ML - DESCONTINUAR;PREFORMA;REFRIKO 500ML;250560;ENGEPACK;51114,239999999998;OUT;2024;10/2024;;
PR;2701020059;PR2701020059;PREFORMA 41G CRISTAL;PREFORMA;REFRIKO 2L;162432;ENGEPACK;84659,558399999994;OUT;2024;10/2024;;
MS;2701020059;MS2701020059;PREFORMA 41 G CRISTAL;PREFORMA;REFRIKO 2L;90240;ENGEPACK;50110,272000000004;OUT;2024;10/2024;;
MS;2701020102;MS2701020102;PREFORMA 41 G VERDE;PREFORMA;REFRIKO 2L;1443840;GERAL;579412,99199999997;OUT;2024;10/2024;;
MS;2701020081;MS2701020081;PREFORMA 54,4GR CRISTAL SHORT;PREFORMA;REFRIKO 3L;26334;ENGEPACK;14726,499480000002;OUT;2024;10/2024;;
MS;2701020109;MS2701020109;PREFORMA 54,4GR VERDE SHORT;PREFORMA;REFRIKO 3L;87780;ENGEPACK;49088,331600000005;OUT;2024;10/2024;;
MS;2701020046;MS2701020046;PREFORMA 31,7G CRISTAL;PREFORMA;FURIOSO 1L;22608;ENGEPACK;9399,7281599999988;OUT;2024;10/2024;;
SP;2801020032;SP2801020032;PREFORMA 31,7G CRISTAL;PREFORMA;ÁGUA 1,5L;90432;ENGEPACK;37598,912639999995;OUT;2024;10/2024;;
MS;2701020075;MS2701020075;PREFORMA PET 46,7GR CRISTAL;PREFORMA;FURIOSO 2L;85440;ENGEPACK;50751,360000000001;OUT;2024;10/2024;;
MS;2701010115;MS2701010115;ROTULO ADESIVO BELLA ROMA;ROTULO;ADESIVO;200000;ALL4LABELL;28080;OUT;2024;10/2024;;
MS;2701010116;MS2701010116;ROTULO ADESIVO TUBAINA 300ML;ROTULO;ADESIVO;200000;ALL4LABELL;7996;OUT;2024;10/2024;;
PR;2801010099;PR2801010099;ROTULO FURIOSO 250ML;ROTULO;SLEEVE;2500000;ALL4LABELL;125942,5;OUT;2024;10/2024;;
MS;2701010191;MS2701010191;ROTULO FURIOSO 2L;ROTULO;SLEEVE;200000;ALL4LABELL;41240;OUT;2024;10/2024;;
PR;2801010100;PR2801010100;ROTULO FURIOSO 2L;ROTULO;SLEEVE;400000;ALL4LABELL;82480;OUT;2024;10/2024;;
PR;2801010093;PR2801010093;ROTULO FURIOSO AÇAI 250ML;ROTULO;SLEEVE;100000;ALL4LABELL;5037,7;OUT;2024;10/2024;;
PR;2801010094;PR2801010094;ROTULO FURIOSO CITRUS 250 ML;ROTULO;SLEEVE;100000;ALL4LABELL;5037,7;OUT;2024;10/2024;;
PR;2801010097;PR2801010097;ROTULO FURIOSO MELANCIA E MORANGO 250ML;ROTULO;SLEEVE;300000;ALL4LABELL;15113,099999999999;OUT;2024;10/2024;;
PR;2801010095;PR2801010095;ROTULO FURIOSO MELAO 250ML;ROTULO;SLEEVE;300000;ALL4LABELL;15113,099999999999;OUT;2024;10/2024;;
MS;2701010184;MS2701010184;ROTULO FURIOSO MELAO 2L;ROTULO;SLEEVE;200000;ALL4LABELL;41240;OUT;2024;10/2024;;
MS;2701010193;MS2701010193;ROTULO FURIOSO TROPICAL 2L;ROTULO;SLEEVE;100000;ALL4LABELL;20620;OUT;2024;10/2024;;
MS;2701030037;MS2701030037;TAMPA AMARELA LISA;TAMPA;PET;1512000;OXFORD;74088;OUT;2024;10/2024;;
PR;2701030037;PR2701030037;TAMPA AMARELA LISA;TAMPA;PET;6048000;OXFORD;268833,60000000003;OUT;2024;10/2024;;
MS;2701030043;MS2701030043;TAMPA LARANJA REFRIKO;TAMPA;PET;453600;OXFORD;22226,400000000001;OUT;2024;10/2024;;
PR;2701030043;PR2701030043;TAMPA LARANJA REFRIKO;TAMPA;PET;756000;OXFORD;33604,200000000004;OUT;2024;10/2024;;
PR;2701030044;PR2701030044;TAMPA LILAS LISA;TAMPA;PET;453600;OXFORD;20162,52;OUT;2024;10/2024;;
MS;2701030049;MS2701030049;TAMPA VERDE REFRIKO;TAMPA;PET;1058400;OXFORD;51861,599999999999;OUT;2024;10/2024;;
PR;2701030049;PR2701030049;TAMPA VERDE REFRIKO;TAMPA;PET;3326400;OXFORD;147858,48000000001;OUT;2024;10/2024;;
MS;2701030050;MS2701030050;TAMPA VERMELHA LISA;TAMPA;PET;604800;OXFORD;29635,200000000001;OUT;2024;10/2024;;
MS;2701150006;MS2701150006;VASILHAME AMBAR 300ML - LITRINHO;VASILHAME;NORMAL;101640;VERALLIA;75213,600000000006;OUT;2024;10/2024;;
MS;2701150004;MS2701150004;VASILHAME OW 600ML (BELLA ROMA);VASILHAME;NORMAL;56700;GERAL;64070,999999999993;OUT;2024;10/2024;;
MS;2701090004;MS2701090004;ACIDO TARTARICO ;ACID.E CONSERV.;NOCH/TON/BEL;250;MCASSAB;8875;NOV;2024;11/2024;;
MS;2701100002;MS2701100002;BENZOATO DE SODIO;ACID.E CONSERV.;REF/ENER/NOCH/TON;1000;BBCA;12100;NOV;2024;11/2024;;
PR;2701100002;PR2701100002;BENZOATO DE SODIO;ACID.E CONSERV.;REF/ENER/NOCH/TON;3000;BBCA;36300;NOV;2024;11/2024;;
MS;2701090006;MS2701090006;CITRATO DE SODIO;ACID.E CONSERV.;ENERG/DELIRIO;900;BBCA;7451,9999999999991;NOV;2024;11/2024;;
PR;2801090005;PR2801090005;CITRATO DE SODIO;ACID.E CONSERV.;ENERG/DELIRIO;600;BBCA;4968;NOV;2024;11/2024;;
PR;2801120003;PR2801120003;PREMIX ENERG EMULVIT 8959 - BOMBADÃO SAPORITI -IND;CONCENT./KITs;C.ENERGETICO;150;DUAS RODAS;27000;NOV;2024;11/2024;;
MS;2701130007;MS2701130007;AROMA EXTRATO GUARANA REFRIKO 28;AROMA;REFRIGERANTE;700;SAPORATI;22959,999999999996;NOV;2024;11/2024;;
PR;2701130007;PR2701130007;AROMA EXTRATO GUARANA REFRIKO 28;AROMA;REFRIGERANTE;1300;SARAPOTI;42639,999999999993;NOV;2024;11/2024;;
PR;2801050004;PR2801050004;AROMA NATURA DE CITRUS RB 25395;AROMA;ENERGÉTICO;50;GERAL;5250;NOV;2024;11/2024;;
MS;2701050001;MS2701050001;AROMA NATURAL MOUTHFEEL FASV259 ADM;AROMA;REFRIGERANTE;200;ADM;33080;NOV;2024;11/2024;;
PR;2801050003;PR2801050003;CONCENTRADO BEBIDAS ENERGETICA;AROMA;KIT ENERGÉTICO;6,963788301;WILD AMAZON;14239,32033426184;NOV;2024;11/2024;;
MS;2701050040;MS2701050040;CONCENTRADO BEBIDAS ENERGETICA;AROMA;KIT ENERGÉTICO;139,275766;ADM;289259,88857938722;NOV;2024;11/2024;;
PR;2801050003;PR2801050003;CONCENTRADO BEBIDAS ENERGETICA;AROMA;KIT ENERGÉTICO;261,1420613;WILD;533974,51253481896;NOV;2024;11/2024;;
MS;2701050022;MS2701050022;CONCENTRADO DE GUARANA IAB 7205;AROMA;REFRIGERANTE;2800;INTERAMERICA;72436;NOV;2024;11/2024;;
PR;2701050022;PR2701050022;CONCENTRADO DE GUARANA IAB 7205;AROMA;REFRIGERANTE;6000;INTERAMERICA;163020;NOV;2024;11/2024;;
MS;2701160012;MS2701160012;CX 12X300ML - TUBAINA;CAIXA;TUBAINA;20000;CARTONAGEM;33800;NOV;2024;11/2024;;
MS;2701090003;MS2701090003;ACIDO LACTICO - IBC;CERVEJARIA;OUTROS;1000;KATEC;10410;NOV;2024;11/2024;;
MS;2701250001;MS2701250001;CLORETO DE CALCIO - IBC;CERVEJARIA;OUTROS;1000;BELA VISTA;4070,0000000000005;NOV;2024;11/2024;;
PR;2701050023;PR2701050023;PREP ACIDO COLA ;CONCENT./KITs;KIT COLA;200;SAPORITI;5000;NOV;2024;11/2024;;
MS;2701050023;MS2701050023;PREP ACIDO COLA ;CONCENT./KITs;KIT COLA;200;SAPORITI;5000;NOV;2024;11/2024;;
MS;2701060010;MS2701060010;CORANTE AMARANTO;CORANTE;DELIRIO;30;SAPORATI;2565;NOV;2024;11/2024;;
PR;2701060010;PR2701060010;CORANTE AMARANTO;CORANTE;REFRIGERANTE;45;SAPORITI;3847,5;NOV;2024;11/2024;;
MS;2701060009;MS2701060009;CORANTE AMARELO SUNSET;CORANTE;XAROPARIA;20;SAPORATI;912,4;NOV;2024;11/2024;;
PR;2701060009;PR2701060009;CORANTE AMARELO SUNSET;CORANTE;XAROPARIA;20;SAPORITI;912,4;NOV;2024;11/2024;;
MS;2701070006;MS2701070006;ACESSULFAME DE POTASSIO;EDULCORANTE;XAROPARIA;200;QUANTIQ;5706;NOV;2024;11/2024;;
PR;2701070006;PR2701070006;ACESSULFAME DE POTASSIO;EDULCORANTE;XAROPARIA;500;QUANTIQ;14265;NOV;2024;11/2024;;
MS;2701070005;MS2701070005;ASPARTAME;EDULCORANTE;XAROPARIA;90;DAXIA;5513,4;NOV;2024;11/2024;;
PR;2701070005;PR2701070005;ASPARTAME;EDULCORANTE;XAROPARIA;110;DAXIA;6738,5999999999995;NOV;2024;11/2024;;
MS;2701070004;MS2701070004;CICLAMATO DE SÓDIO ;EDULCORANTE;XAROPARIA;200;QUANTIQ;2836;NOV;2024;11/2024;;
PR;2701070004;PR2701070004;CICLAMATO DE SÓDIO ;EDULCORANTE;XAROPARIA;300;QUANTIQ;4254;NOV;2024;11/2024;;
MS;2701070003;MS2701070003;NEOTAME;EDULCORANTE;XAROPARIA;30;DISPROQUIMA;5829;NOV;2024;11/2024;;
MS;2701070001;MS2701070001;SUCRALOSE;EDULCORANTE;XAROPARIA;200;QUANTIQ;16860;NOV;2024;11/2024;;
PR;2701070001;PR2701070001;SUCRALOSE;EDULCORANTE;XAROPARIA;300;QUANTIQ;26400;NOV;2024;11/2024;;
PR;2701040005;PR2701040005;FILME TERMO ENCOLHIVEL 660 MM X 0,04;FILME;ENERGÉTICO;2000;PACKSERVEN;47000;NOV;2024;11/2024;;
PR;2701040006;PR2701040006;FILME TERMO ENCOLHIVEL 860/5 MM;FILME;JUJ/TERN;5000;PACKESEVEN;117875;NOV;2024;11/2024;;
MS;2701010052;MS2701010052;CONTRA ROTULO BAMBOA 330ML (ARTE NOVA);ROTULO;ADESIVO;500000;ALL4LABELL;28055;NOV;2024;11/2024;;
MS;2701010052;MS2701010052;CONTRA ROTULO BAMBOA 330ML (ARTE NOVA);ROTULO;ADESIVO;500000;ALL4LABELL;28055;NOV;2024;11/2024;;
PR;2801010101;PR2801010101;ROTULO FURIOSO TROPICAL 250ML;ROTULO;SLEEVE;300000;GERAL;15113,099999999999;NOV;2024;11/2024;;
SP;2801010061;SP2801010061;ROTULO BOPP AGUA C/ GAS HIDRATAR 1,5L                    ;ROTULO;BOPP;200000;INOVAFLEX;3989,96;NOV;2024;11/2024;;
PR;2701010137;PR2701010137;ROTULO GUARANA REDUZIDO 200 ML ;ROTULO;BOPP;3000000;QUALITA;24000;NOV;2024;11/2024;;
MS;2701010163;MS2701010163;ROTULO TUBA JUJUBA 2L;ROTULO;BOPP;600000;MALFLEX;21299,999999999996;NOV;2024;11/2024;;
MS;2701010164;MS2701010164;ROTULO TUBAJUJUBA LARANJA S/SUCO 2L;ROTULO;BOPP;200000;GERAL;7099,9999999999991;NOV;2024;11/2024;;
MS;2701010145;MS2701010145;ROTULO REFRIKO LARANJA DQI1% 500 ML;ROTULO;BOPP;300000;ALL4LABELL;3840;NOV;2024;11/2024;;
PR;2701010143;PR2701010143;ROTULO REFRIKO LARANJA DQI1% 200 ML ;ROTULO;BOPP;1500000;QUALITA;12000;NOV;2024;11/2024;;
MS;2701240004;MS2701240004;CHAPA SEM IMPRESSAO 1000X1200 (NOVA);SEPARADOR DE CAMADAS;CHAPA;41000;CPEL;51250;NOV;2024;11/2024;;
PR;2701010141;PR2701010141;ROTULO GUARANA 200 ML ZERO ;ROTULO;BOPP;500000;GERAL;4000;NOV;2024;11/2024;;
PR;2701010142;PR2701010142;ROTULO GUARANA 2 LT ZERO;ROTULO;BOPP;200000;MABFLEX;7099,9999999999991;NOV;2024;11/2024;;
PA;10100012;PA10100012;BENZOATO DE SODIO;ACID.E CONSERV.;REF/ENER/NOCH/TON;2000;DAXIA;20704;OUT;2024;10/2024;;
PA;10100002;PA10100002;SORBATO DE POTASSIO 25KG;ACID.E CONSERV.;REF/ENER/ROM/DEL;200;OXYGEN;3710;OUT;2024;10/2024;;
PA;10010001;PA10010001;ACUCAR CRISTAL;AÇUCAR;XAROPARIA;120000;UNIEX;273350,39999999997;OUT;2024;10/2024;;
PA;10090017;PA10090017;EMULSAO LARANJA REFRIKO 98;EMULSAO;XAROPARIA;1600;SAPORITI;57600;OUT;2024;10/2024;;
PA;10020011;PA10020011;AROMA NATURAL MOUTHFEEL FASV259 ADM;AROMA;REFRIGERANTE;200;ADM;31504,000000000004;OUT;2024;10/2024;;
PA;10020012;PA10020012;AROMA DE GUARANA 31835 ADM;AROMA;REFRIGERANTE;1000;ADM;120200;OUT;2024;10/2024;;
PA;10100024;PA10100024;CICLAMATO DE SÓDIO ;EDULCORANTE;XAROPARIA;700;QUANTIQ;13909;OUT;2024;10/2024;;
PA;10090071;PA10090071;SUCRALOSE;EDULCORANTE;XAROPARIA;250;QUANTIQ;28515;OUT;2024;10/2024;;
PA;12030001;PA12030001;FILME STRETCH POLIETILENO 500X0023;FILME;STRETCH;1200;PRISMAPACK;11760;OUT;2024;10/2024;;
PA;11040793;PA11040793;FILME TERMO - 480X0,06;FILME;REFRI;5000;GERAL;51750;OUT;2024;10/2024;;
PA;11040005;PA11040005;FILME TERMO ENCOLHIVEL 300 MM X 0,04;FILME;REFRI;1000;GERAL;10350;OUT;2024;10/2024;;
PA;11040007;PA11040007;FILME TERMO ENCOLHIVEL 420 X 0,06;FILME;REFR/ENERG.;1500;NORPACK;15525;OUT;2024;10/2024;;
PA;11070012;PA11070012;PREFORMA 46,0G CRISTAL OU 45,7 G;PREFORMA;PET 2L PA;152028;GERAL;74493,72;OUT;2024;10/2024;;
PA;11070013;PA11070013;PREFORMA 46,0G VERDE OU 45,7 G;PREFORMA;PET 2L PA;101352;AMCOR;49662,479999999996;OUT;2024;10/2024;;
PA;11070032;PA11070032;PREFORMA 48GR CRISTAL OU 50,7 G;PREFORMA;PET 2,5L PA;268800;AMCOR;133862,39999999999;OUT;2024;10/2024;;
PA;11070033;PA11070033;PREFORMA 48GR VERDE OU 50,7 G;PREFORMA;PET 2,5L PA;268800;AMCOR;133862,39999999999;OUT;2024;10/2024;;
PA;11070041;PA11070041;PREFORMA PET 200 ML CRISTAL 12 G;PREFORMA;PET 200 PA;305280;CRISTALPET;48539,520000000004;OUT;2024;10/2024;;
PA;11070048;PA11070048;PREFORMA PET 200 ML VERDE 12 G;PREFORMA;PET 200 PA;122112;CRISTALPET;19415,808000000001;OUT;2024;10/2024;;
PA;11090001;PA11090001;TAMPA LARANJA REFRIKO;TAMPA;PET;302400;RAVIBRA;14113,008000000002;OUT;2024;10/2024;;
PA;11090034;PA11090034;TAMPA LILAS LISA;TAMPA;PET;302400;RAVIBRA;14113,008000000002;OUT;2024;10/2024;;
PA;11090031;PA11090031;TAMPA VERMELHA LISA;TAMPA;PET;1512000;RAVIBRA;70565,040000000008;OUT;2024;10/2024;;
PA;10090295;PA10090295;CONCENTRADO COLA IAB 7729 (NOVO);CONCENT./KITs;KIT COLA;2500;INTERAMERICA;55975;NOV;2024;11/2024;;
MS;2701190004;MS2701190004;XAROPE DE HIGH MALTOSE 25KG (BREWGILL);CERVEJARIA;OUTROS;30000;TEREOS;83400;OUT;2024;10/2024;;
MS;2701190004;MS2701190004;XAROPE DE HIGH MALTOSE 25KG (BREWGILL);CERVEJARIA;OUTROS;30000;TEREOS;83400;OUT;2024;10/2024;;
MS;2701190004;MS2701190004;XAROPE DE HIGH MALTOSE 25KG (BREWGILL);CERVEJARIA;OUTROS;30000;TEREOS;83400;OUT;2024;10/2024;;
MS;2701190004;MS2701190004;XAROPE DE HIGH MALTOSE 25KG (BREWGILL);CERVEJARIA;OUTROS;30000;TEREOS;83400;OUT;2024;10/2024;;
MS;2701150004;MS2701150004;VASILHAME OW 600ML (BELLA ROMA);VASILHAME;NORMAL;113400;GERAL;128141,99999999999;SET;2024;09/2024;;
MS;2701150004;MS2701150004;VASILHAME OW 600ML (BELLA ROMA);VASILHAME;NORMAL;56700;VERALLIA;64070,999999999993;SET;2024;09/2024;;
MS;2701150001;MS2701150001;VASILHAME GINGUALA 970ML;VASILHAME;NORMAL;39424;VIDROPORTO;61895,68;OUT;2024;10/2024;;
MS;2701150001;MS2701150001;VASILHAME GINGUALA 970ML;VASILHAME;NORMAL;39424;GERAL;61895,68;OUT;2024;10/2024;;
MS;2701150001;MS2701150001;VASILHAME GINGUALA 970ML;VASILHAME;NORMAL;39424;VIDROPORTO;61895,68;NOV;2024;11/2024;;
MS;2701150001;MS2701150001;VASILHAME GINGUALA 970ML;VASILHAME;NORMAL;39424;VIDROPORTO;61895,68;NOV;2024;11/2024;;
PR;2701010163;PR2701010163;ROTULO TUBA JUJUBA 2L;ROTULO;BOPP;300000;MABFLEX ;10649,999999999998;NOV;2024;11/2024;;
MS;2701140029;MS2701140029;TAMPA - LATA 350/269/473ML - B64;TAMPA;LATA;2920000;CROWN;700800;OUT;2024;10/2024;;
MS;2701140029;MS2701140029;TAMPA - LATA 350/269/473ML - B64;TAMPA;LATA;1460000;CROWN;350400;OUT;2024;10/2024;;
MS;2701140029;MS2701140029;TAMPA - LATA 350/269/473ML - B64;TAMPA;LATA;2920000;CROWN;700800;OUT;2024;10/2024;;
PR;2701080001;PR2701080001;ACUCAR CRISTAL;AÇUCAR;XAROPARIA;93600;GERAL;172224;OUT;2024;10/2024;;
PR;2701080001;PR2701080001;ACUCAR CRISTAL;AÇUCAR;XAROPARIA;93600;GERAL;172224;OUT;2024;10/2024;;
PR;2701080001;PR2701080001;ACUCAR CRISTAL;AÇUCAR;XAROPARIA;62400;GERAL;114816;OUT;2024;10/2024;;
PR;2701080001;PR2701080001;ACUCAR CRISTAL;AÇUCAR;XAROPARIA;93600;GERAL;172224;OUT;2024;10/2024;;
PR;2701080001;PR2701080001;ACUCAR CRISTAL;AÇUCAR;XAROPARIA;62400;GERAL;114816;OUT;2024;10/2024;;
MS;2701080001;MS2701080001;ACUCAR CRISTAL;AÇUCAR;XAROPARIA;57600;GERAL;105984;OUT;2024;10/2024;;
MS;2701080001;MS2701080001;ACUCAR CRISTAL;AÇUCAR;XAROPARIA;57600;GERAL;105984;OUT;2024;10/2024;;
MS;2701080001;MS2701080001;ACUCAR CRISTAL;AÇUCAR;XAROPARIA;57600;GERAL;105984;OUT;2024;10/2024;;
MS;2701080001;MS2701080001;ACUCAR CRISTAL;AÇUCAR;XAROPARIA;57600;GERAL;105984;OUT;2024;10/2024;;
MS;2701080001;MS2701080001;ACUCAR CRISTAL;AÇUCAR;XAROPARIA;57600;GERAL;105984;OUT;2024;10/2024;;
MS;2701190001;MS2701190001;MALTE PILSEN BAG 1000 - BARLEY;CERVEJARIA;MALTE;33640;BARLEY;110675,6;OUT;2024;10/2024;;
MS;2701190001;MS2701190001;MALTE PILSEN BAG 1000 - BARLEY;CERVEJARIA;MALTE;67280;BARLEY;221351,2;OUT;2024;10/2024;;
MS;2701190001;MS2701190001;MALTE PILSEN BAG 1000 - BARLEY;CERVEJARIA;MALTE;33640;BARLEY;110675,6;OUT;2024;10/2024;;
MS;2701190001;MS2701190001;MALTE PILSEN BAG 1000 - BARLEY;CERVEJARIA;MALTE;33640;BARLEY;110675,6;OUT;2024;10/2024;;
MS;2701190001;MS2701190001;MALTE PILSEN BAG 1000 - BARLEY;CERVEJARIA;MALTE;33640;BARLEY;110675,6;NOV;2024;11/2024;;
MS;2701190001;MS2701190001;MALTE PILSEN BAG 1000 - BARLEY;CERVEJARIA;MALTE;33640;BARLEY;110675,6;OUT;2024;10/2024;;
MS;3002020011;MS3002020011;TERRA DIATOMITA 341/HYFLOW (AZUL);TERRA;XAROPARIA;300;VENETO;2640;OUT;2024;10/2024;;
MS;3002020008;MS3002020008;TERRA DIATOMITA 215/FILTER CEL;TERRA;XAROPARIA;200;VENETO;1760,0000000000002;OUT;2024;10/2024;;
MS;3002020009;MS3002020009;TERRA CELITE DIATOMITA SPEEDFLOW/STANDARD (VERMELHO);TERRA;CERVEJARIA;385;VENETO;3388,0000000000005;OUT;2024;10/2024;;
PA;10090091;PA10090091;CONCENTRADO PARA REFRIGERANTE GUARANÁ AF 210 ;AROMA;REFRIGERANTE;1017;AMAZON ;49495,05;OUT;2024;10/2024;;
PA;10010001;PA10010001;ACUCAR CRISTAL;AÇUCAR;XAROPARIA;220000; ENERGY ;501142,39999999997;NOV;2024;11/2024;;
PA;12030001;PA12030001;FILME STRETCH POLIETILENO 500X0023;FILME;STRETCH;1000;PRISMAPACK;9800;NOV;2024;11/2024;;
PA;11040793;PA11040793;FILME TERMO - 480X0,06;FILME;REFRI;3500;GERAL;36225;NOV;2024;11/2024;;
PA;11040007;PA11040007;FILME TERMO ENCOLHIVEL 420 X 0,06;FILME;REFR/ENERG.;2000;NORPACK;20700;NOV;2024;11/2024;;
PA;11070012;PA11070012;PREFORMA 46,0G CRISTAL OU 45,7 G;PREFORMA;PET 2L PA;185812;GERAL;91047,88;NOV;2024;11/2024;;
PA;11070013;PA11070013;PREFORMA 46,0G VERDE OU 45,7 G;PREFORMA;PET 2L PA;253380;BRASPET;124156,2;NOV;2024;11/2024;;
PA;11070032;PA11070032;PREFORMA 48GR CRISTAL OU 50,7 G;PREFORMA;PET 2,5L PA;627200;AMCOR;312345,59999999998;NOV;2024;11/2024;;
PA;11070033;PA11070033;PREFORMA 48GR VERDE OU 50,7 G;PREFORMA;PET 2,5L PA;313600;AMCOR;156172,79999999999;NOV;2024;11/2024;;
PA;10090090;PA10090090;SUCO CONCENTRADO LARANJA;SUCO;XAROPARIA;600;INTERSUCOS;6300;NOV;2024;11/2024;;
PA;11090001;PA11090001;TAMPA LARANJA REFRIKO;TAMPA;PET;756000;RAVIBRA;35282,520000000004;NOV;2024;11/2024;;
PA;10090293;PA10090293;SUCO CONCENTRADO DE MACA;SUCO;XAROPARIA;3000;INTERSUCOS;34500;NOV;2024;11/2024;;
PA;10010001;PA10010001;ACUCAR CRISTAL;AÇUCAR;XAROPARIA;250000;GERAL;569480;DEZ;2024;12/2024;;
PA;10090295;PA10090295;CONCENTRADO COLA IAB 7729 (NOVO);CONCENT./KITs;KIT COLA;2500;INTERAMERICA;55975;DEZ;2024;12/2024;;
PA;10090056;PA10090056;CORANTE AMARELO SUNSET;CORANTE;XAROPARIA;20;SARAPOTI;836,80000000000007;DEZ;2024;12/2024;;
PA;10090037;PA10090037;CORANTE AZUL BRILHANTE;CORANTE;ENERGÉTICO;10;SAPORITI;993,7;DEZ;2024;12/2024;;
PA;11080243;PA11080243;ROTULO MICOS COLA 2L;ROTULO;BOPP-PA;300000;ELLOFLEX;12489;DEZ;2024;12/2024;;
PA;11080245;PA11080245;RÓTULO MICOS GUARANA 2,5L;ROTULO;BOPP-PA;600000;ELLOFLEX;20370;DEZ;2024;12/2024;;
PA;11080248;PA11080248;ROTULO MICOS GUARANA 500ML;ROTULO;BOPP-PA;500000;ELLOFLEX;16865;DEZ;2024;12/2024;;
PA;11080249;PA11080249;RÓTULO MICOS LARANJA 2,5L;ROTULO;BOPP-PA;500000;ELLOFLEX;16975;DEZ;2024;12/2024;;
PA;11080251;PA11080251;ROTULO MICOS LARANJA 2L;ROTULO;BOPP-PA;300000;ELLOFLEX;12489;DEZ;2024;12/2024;;
PA;11090001;PA11090001;TAMPA LARANJA REFRIKO;TAMPA;PET;907200;RAVIBRA;42339,024000000005;DEZ;2024;12/2024;;
PA;11090034;PA11090034;TAMPA LILAS LISA;TAMPA;PET;604800;RAVIBRA;28226,016000000003;DEZ;2024;12/2024;;
PA;11090031;PA11090031;TAMPA VERMELHA LISA;TAMPA;PET;216800;GERAL;10118,056;DEZ;2024;12/2024;;
PA;10090294;PA10090294;CORANTE CARAMELO CLASE IV DPC;CORANTE;REFRIGERANTE;500;SAPORITI ;2400;DEZ;2024;12/2024;;
MS;2701090002;MS2701090002;ACIDO CITRICO;ACID.E CONSERV.;REF/ENER/ROM/DEL;15000;INDEMIL;134250;NOV;2024;11/2024;;
PR;2701090002;PR2701090002;ACIDO CITRICO;ACID.E CONSERV.;REF/ENER/ROM/DEL;15000;INDEMIL;134250;NOV;2024;11/2024;;
PR;2801050006;PR2801050006;AROMA FRUTAS TROPICAIS;AROMA;ENERGÉTICO;200;GERAL;29914;NOV;2024;11/2024;;
PR;3002020007;PR3002020007;CARVÃO ATIVADO;TERRA;XAROPARIA;100;GUARAMEX;1250;NOV;2024;11/2024;;
PR;2701050018;PR2701050018;EMULSAO LARANJA REFRIKO 98;EMULSAO;XAROPARIA;1200;SAPORITI;39360;NOV;2024;11/2024;;
MS;2701130006;MS2701130006;EXTRATO DE GUARANA 200% DUAS RODAS;AROMA;ENERG./DELÍR.;100;DUAS RODAS;4993;NOV;2024;11/2024;;
PR;2701130006;PR2701130006;EXTRATO DE GUARANA 200% DUAS RODAS;AROMA;ENERG./DELÍR.;150;DUAS RODAS;7489,5;NOV;2024;11/2024;;
SP;2801040014;SP2801040014;FILME STRETCH POLIETILENO 500X0023;FILME;STRETCH;1000;GUANAPACK;22850;NOV;2024;11/2024;;
MS;2701040027;MS2701040027;FILME TERMO ENCOLHIVEL 330 MM X 0,04;FILME;NOCH;1000;PACKSEVEN;11350;NOV;2024;11/2024;;
PR;2701040004;PR2701040004;FILME TERMO ENCOLHIVEL 600 MM X 0,04 ;FILME;REFRI;2500;PACKESEVEN;35250;NOV;2024;11/2024;;
SP;2801040018;SP2801040018;FILME TERMOENCOLHIVEL LISO 390X0,05MM                    ;FILME;ÁGUA 500;4000;PACKSEVEN;94300;NOV;2024;11/2024;;
MS;2701200002;MS2701200002;LUPULO LSKE;CERVEJARIA;LUPULO;20;LNF LATINO;20349,400000000001;NOV;2024;11/2024;;
PR;2701020051;PR2701020051;PREFORMA PET 200 ML CRISTAL 12 g ;PREFORMA;REFRIKO 200ML;1679040;ENGEPACK;332362,60992000002;NOV;2024;11/2024;;
PR;2701020097;PR2701020097;PREFORMA PET 200 ML VERDE 12 g ;PREFORMA;REFRIKO 200ML;3174912;GERAL;628467,48057600006;NOV;2024;11/2024;;
MS;2701020090;MS2701020090;PREFORMA 18G CRISTAL 500 ML - DESCONTINUAR;PREFORMA;REFRIKO 500ML;354960;ENVASES;91096,934399999998;NOV;2024;11/2024;;
PR;2701020055;PR2701020055;PREFORMA 18G CRISTAL;PREFORMA;FURIOSO 250ML;3144960;GERAL;807122,53439999989;NOV;2024;11/2024;;
SP;2801020041;SP2801020041;PREFORMA 18G CRISTAL 500 ML;PREFORMA;PET 500 PA;334080;GERAL;85738,291199999992;NOV;2024;11/2024;;
MS;2701020115;MS2701020115;PREFORMA 18 A 20G VERDE 500 ML - DESCONTINUAR;PREFORMA;REFRIKO 500ML;125280;ENVASES;25557,119999999999;NOV;2024;11/2024;;
MS;2701020059;MS2701020059;PREFORMA 41 G CRISTAL;PREFORMA;REFRIKO 2L;270720;ENGEPACK;150330,81599999999;NOV;2024;11/2024;;
MS;2701020046;MS2701020046;PREFORMA 31,7G CRISTAL;PREFORMA;FURIOSO 1L;45216;ENGEPACK;18799,456319999998;NOV;2024;11/2024;;
MS;2701020075;MS2701020075;PREFORMA PET 46,7GR CRISTAL;PREFORMA;FURIOSO 2L;683520;GERAL;406010,88;NOV;2024;11/2024;;
PR;2801010089;PR2801010089;ROTULO BOMBADÃO 2L;ROTULO;SLEEVE;200000;ALL4LABELL;42571,199999999997;NOV;2024;11/2024;;
MS;2701010191;MS2701010191;ROTULO FURIOSO 2L;ROTULO;SLEEVE;300000;ALL4LABELL;61860;NOV;2024;11/2024;;
MS;2701040015;MS2701040015;FILME TERMOENCOLHIVEL LISO 380X0,06MM;FILME;VIDRO;2500;PACKSEVEN;52500;NOV;2024;11/2024;;
MS;2701130009;MS2701130009;SUCO CONCENTRADO DE MACA;SUCO;XAROPARIA;600;INTERSUCOS;7200;NOV;2024;11/2024;;
PR;2701130009;PR2701130009;SUCO CONCENTRADO DE MACA;SUCO;XAROPARIA;1400;INTERSUCOS;16800;NOV;2024;11/2024;;
MS;2701130001;MS2701130001;SUCO CONCENTRADO LARANJA;SUCO;XAROPARIA;150;INTERSUCOS;1800;NOV;2024;11/2024;;
PR;2701130001;PR2701130001;SUCO CONCENTRADO LARANJA;SUCO;XAROPARIA;200;INTERSUCOS;2400;NOV;2024;11/2024;;
PR;2701130002;PR2701130002;SUCO CONCENTRADO LIMÃO;SUCO;XAROPARIA;100;INTERSUCOS;1650;NOV;2024;11/2024;;
MS;2701030041;MS2701030041;TAMPA AZUL BAMBOA (VODKA BAMBOA);TAMPA;VIDRO NAC;250000;BRASTAMPAS;75000;NOV;2024;11/2024;;
PR;2701030043;PR2701030043;TAMPA LARANJA REFRIKO;TAMPA;PET;1512000;OXFORD;67208,400000000009;NOV;2024;11/2024;;
PR;2701030044;PR2701030044;TAMPA LILAS LISA;TAMPA;PET;604800;OXFORD;26883,360000000001;NOV;2024;11/2024;;
MS;2701030034;MS2701030034;TAMPA METALICA MOEMA;TAMPA;VIDRO NAC;500000;GERAL;22160;NOV;2024;11/2024;;
MS;2701030035;MS2701030035;TAMPA METALICA PRETA LISA;TAMPA;VIDRO NAC;300000;ARO EXP;14700;NOV;2024;11/2024;;
MS;2701030035;MS2701030035;TAMPA METALICA PRETA LISA;TAMPA;VIDRO NAC;200000;ARO EXP;9800;NOV;2024;11/2024;;
MS;2701030035;MS2701030035;TAMPA METALICA PRETA LISA;TAMPA;VIDRO NAC;500000;ARO EXP;24500;JAN;2025;01/2025;;
SP;2801030014;SP2801030014;TAMPA PLASTICA AZUL OMNI                             ;TAMPA;PET;1209600;OPS;52415,596800000007;NOV;2024;11/2024;;
PR;2701030049;PR2701030049;TAMPA VERDE REFRIKO;TAMPA;PET;2268000;OXFORD;100812,6;NOV;2024;11/2024;;
PR;2701030050;PR2701030050;TAMPA VERMELHA LISA;TAMPA;PET;756000;OXFORD;33604,200000000004;NOV;2024;11/2024;;
MS;3002020010;MS3002020010;TERRA CELITE DIATOMITA 2500/535;TERRA;CERVEJARIA;1929,5;VENETO;16979,600000000002;NOV;2024;11/2024;;
MS;3002020009;MS3002020009;TERRA CELITE DIATOMITA SPEEDFLOW/STANDARD (VERMELHO);TERRA;CERVEJARIA;1929,5;VENETO;16979,600000000002;NOV;2024;11/2024;;
PR;3002020009;PR3002020009;TERRA CELITE DIATOMITA SPEEDFLOW/STANDARD (VERMELHO);TERRA;XAROPARIA;113,5;VENETO;998,80000000000007;NOV;2024;11/2024;;
PR;3002020011;PR3002020011;TERRA DIATOMITA 341/HYFLOW (AZUL);TERRA;XAROPARIA;703,7;VENETO;6192,5599999999995;NOV;2024;11/2024;;
MS;3002020011;MS3002020011;TERRA DIATOMITA 341/HYFLOW (AZUL);TERRA;XAROPARIA;227;VENETO;1997,6000000000001;NOV;2024;11/2024;;
MS;2701150004;MS2701150004;VASILHAME OW 600ML (BELLA ROMA);VASILHAME;NORMAL;56700;VERALLIA;64070,999999999993;NOV;2024;11/2024;;
MS;2701240004;MS2701240004;CHAPA SEM IMPRESSAO 1000X1200 (NOVA);SEPARADOR DE CAMADAS;CHAPA;41000;GERAL;51250;DEZ;2024;12/2024;;
MS;2701050040;MS2701050040;CONCENTRADO BEBIDAS ENERGETICA;AROMA;KIT ENERGÉTICO;208,913649;ADM;433889,83286908077;DEZ;2024;12/2024;;
PR;2801050003;PR2801050003;CONCENTRADO BEBIDAS ENERGETICA;AROMA;KIT ENERGÉTICO;226,3231198;ADM;462777,91086350975;DEZ;2024;12/2024;;
SP;2801010063;SP2801010063;ROTULO BOPP AGUA C/ GAS HIDRATAR 500ML                   ;ROTULO;BOPP;2000000;GERAL;21120;DEZ;2024;12/2024;;
SP;2801010068;SP2801010068;ROTULO BOPP AGUA S/ GAS HIDRATAR 500ML                   ;ROTULO;BOPP;2000000;GERAL;21120;DEZ;2024;12/2024;;
SP;2801010067;SP2801010067;ROTULO BOPP AGUA S/ GAS HIDRATAR 330ML - REV-00;ROTULO;BOPP;500000;GERAL;6039,95;DEZ;2024;12/2024;;
SP;2801010062;SP2801010062;ROTULO BOPP AGUA C/ GAS HIDRATAR 330ML - REV-00;ROTULO;BOPP;500000;GERAL;6039,95;DEZ;2024;12/2024;;
PR;2701010156;PR2701010156;ROTULO BOPP REFRISHOW GUARANA 2 L;ROTULO;BOPP;1000000;MABFLEX ;35500;DEZ;2024;12/2024;;
PR;2801010089;PR2801010089;ROTULO BOMBADÃO 2L;ROTULO;SLEEVE;200000;MABFLEX ;42571,199999999997;DEZ;2024;12/2024;;
PR;2701010138;PR2701010138;ROTULO GUARANA 2L;ROTULO;BOPP;500000;MABFLEX ;17750;DEZ;2024;12/2024;;
MS;2701010139;MS2701010139;ROTULO GUARANA 3L;ROTULO;BOPP;100000;ALL4LABELL;3889,6;DEZ;2024;12/2024;;
MS;2701010140;MS2701010140;ROTULO GUARANA 500ML;ROTULO;BOPP;300000;ALL4LABELL;3840;DEZ;2024;12/2024;;
PR;2701010149;PR2701010149;ROTULO REFRIKO TUBAÍNA 200 ML ;ROTULO;BOPP;2000000;MABFLEX ;16000;DEZ;2024;12/2024;;
PR;2701010144;PR2701010144;ROTULO REFRIKO LARANJA DQI1% 2L;ROTULO;BOPP;300000;MABFLEX ;10649,999999999998;DEZ;2024;12/2024;;
PR;2701010155;PR2701010155;ROTULO REFRIKO UVA DQI1% 2L;ROTULO;BOPP;200000;MABFLEX ;7099,9999999999991;DEZ;2024;12/2024;;
PR;2701010147;PR2701010147;ROTULO REFRIKO LIMÃO DQI1% 2L;ROTULO;BOPP;200000;MABFLEX ;7099,9999999999991;DEZ;2024;12/2024;;
MS;2701010147;MS2701010147;ROTULO REFRIKO LIMÃO DQI1% 2L;ROTULO;BOPP;100000;ALL4LABELL;3549,9999999999995;DEZ;2024;12/2024;;
MS;2701010172;MS2701010172;ROTULO REFRIKO LARANJA DQI1% 600 ML;ROTULO;PAPEL;200000;GERAL;5160;DEZ;2024;12/2024;;
MS;2701010173;MS2701010173;ROTULO REFRIKO LIMÃO DQI1% 600 ML;ROTULO;PAPEL;200000;GERAL;5160;DEZ;2024;12/2024;;
MS;2701030037;MS2701030037;TAMPA AMARELA LISA;TAMPA;PET;1663200;OXFORD;81496,800000000003;DEZ;2024;12/2024;;
PR;2701030037;PR2701030037;TAMPA AMARELA LISA;TAMPA;PET;7560000;OXFORD;336042;NOV;2024;11/2024;;
MS;2701030043;MS2701030043;TAMPA LARANJA REFRIKO;TAMPA;PET;302400;OXFORD;14817,6;DEZ;2024;12/2024;;
PR;2701030043;PR2701030043;TAMPA LARANJA REFRIKO;TAMPA;PET;453600;OXFORD;20162,52;DEZ;2024;12/2024;;
PR;2701030044;PR2701030044;TAMPA LILAS LISA;TAMPA;PET;302400;OXFORD;13441,68;NOV;2024;11/2024;;
SP;2801030014;SP2801030014;TAMPA PLASTICA AZUL OMNI                             ;TAMPA;PET;1209600;GERAL;52415,596800000007;DEZ;2024;12/2024;;
SP;2801030017;SP2801030017;TAMPA PLASTICA PRETA OMNI 120 COM VEDANTE;TAMPA;PET;1512000;OPS;65519,496000000006;DEZ;2024;12/2024;;
MS;2701030049;MS2701030049;TAMPA VERDE REFRIKO;TAMPA;PET;907200;OXFORD;44452,800000000003;DEZ;2024;12/2024;;
PR;2701030049;PR2701030049;TAMPA VERDE REFRIKO;TAMPA;PET;2116800;OXFORD;94091,760000000009;DEZ;2024;12/2024;;
MS;2701030050;MS2701030050;TAMPA VERMELHA LISA;TAMPA;PET;604800;OXFORD;29635,200000000001;DEZ;2024;12/2024;;
PR;2701030050;PR2701030050;TAMPA VERMELHA LISA;TAMPA;PET;302400;OXFORD;13441,68;DEZ;2024;12/2024;;
MS;2701190004;MS2701190004;XAROPE DE HIGH MALTOSE 25KG (BREWGILL);CERVEJARIA;OUTROS;30000;TEREOS;83400;OUT;2024;10/2024;;
MS;2701190004;MS2701190004;XAROPE DE HIGH MALTOSE 25KG (BREWGILL);CERVEJARIA;OUTROS;30000;TEREOS;83400;NOV;2024;11/2024;;
MS;2701190004;MS2701190004;XAROPE DE HIGH MALTOSE 25KG (BREWGILL);CERVEJARIA;OUTROS;30000;TEREOS;83400;NOV;2024;11/2024;;
MS;2701190004;MS2701190004;XAROPE DE HIGH MALTOSE 25KG (BREWGILL);CERVEJARIA;OUTROS;30000;TEREOS;83400;NOV;2024;11/2024;;
MS;2701190004;MS2701190004;XAROPE DE HIGH MALTOSE 25KG (BREWGILL);CERVEJARIA;OUTROS;30000;TEREOS;83400;NOV;2024;11/2024;;
MS;2701190001;MS2701190001;MALTE PILSEN BAG 1000 - BARLEY;CERVEJARIA;MALTE;33500;BARLEY;110215;NOV;2024;11/2024;;
SP;2801160002;SP2801160002;TABULEIRO SEPARADOR DA CAIXA AGUA HIDRATAR 200ML;CAIXA;AGUA 200;25600;PCN;6400;NOV;2024;11/2024;;
MS;2701010115;MS2701010115;ROTULO ADESIVO BELLA ROMA;ROTULO;ADESIVO;200000;ALL4LABELL;28080;NOV;2024;11/2024;;
MS;2701010115;MS2701010115;ROTULO ADESIVO BELLA ROMA;ROTULO;ADESIVO;500000;ALL4LABELL;70200;JAN;2025;01/2025;;
MS;2701150009;MS2701150009;VASILHAME TUBAINA CRISTAL LONGNECK 355ML;VASILHAME;NORMAL;180000;GERAL;95400;NOV;2024;11/2024;;
MS;2701010118;MS2701010118;ROTULO ADESIVO TUBAINA 355ML  ;ROTULO;ADESIVO;180000;ALL4LABELL;9171;NOV;2024;11/2024;;
MS;2701160013;MS2701160013;CAIXA TUBAÍNA 12X355ML;CAIXA;TUBAINA;15000;CARTONAGEM;29550;NOV;2024;11/2024;;
MS;2701030036;MS2701030036;TAMPA METALICA TWISTOF;TAMPA;VIDRO NAC;500000;RENDA;24750;NOV;2024;11/2024;;
PA;10090273;PA10090273;ACESSULFAME DE POTASSIO;EDULCORANTE;XAROPARIA;150;DAXIA;5235;DEZ;2024;12/2024;;
PA;10020001;PA10020001;AROMA DE LARANJA IDENTICO AO NATURAL;AROMA;REFRIGERANTE;36;DUAS RODAS;2795,7599999999998;DEZ;2024;12/2024;;
PA;10020009;PA10020009;AROMA UVA REFRIKO 84;AROMA;REFRIGERANTE;1200;SAPORITI;28200;DEZ;2024;12/2024;;
PA;10090100;PA10090100;ASPARTAME;EDULCORANTE;XAROPARIA;200;DAXIA;14078;DEZ;2024;12/2024;;
PA;10100012;PA10100012;BENZOATO DE SODIO;ACID.E CONSERV.;REF/ENER/NOCH/TON;1200;DAXIA;12422,4;DEZ;2024;12/2024;;
PA;10090017;PA10090017;EMULSAO LARANJA REFRIKO 98;EMULSAO;XAROPARIA;1200;SAPORITI ;43200;DEZ;2024;12/2024;;
PA;12030001;PA12030001;FILME STRETCH POLIETILENO 500X0023;FILME;STRETCH;2736;PRISMAPACK;26812,800000000003;DEZ;2024;12/2024;;
PA;11040794;PA11040794;FILME TERMO - 390X0,05;FILME;REFRI;1368;NORPACK ;14158,8;DEZ;2024;12/2024;;
PA;11040007;PA11040007;FILME TERMO ENCOLHIVEL 420 X 0,06;FILME;REFR/ENERG.;1368;NORPACK;14158,8;DEZ;2024;12/2024;;
PA;11070012;PA11070012;PREFORMA 46,0G CRISTAL OU 45,7 G;PREFORMA;PET 2L PA;253380;GERAL;124156,2;DEZ;2024;12/2024;;
PA;11070013;PA11070013;PREFORMA 46,0G VERDE OU 45,7 G;PREFORMA;PET 2L PA;84460;AMCOR;41385,4;DEZ;2024;12/2024;;
PA;11070032;PA11070032;PREFORMA 48GR CRISTAL OU 50,7 G;PREFORMA;PET 2,5L PA;573440;AMCOR;285573,12;DEZ;2024;12/2024;;
PA;12084720;PA12084720;TERRA DIATOMITA GROSSA DICALITE 341 MC;TERRA;XAROPARIA;771,8;VENETO;6382,7859999999991;DEZ;2024;12/2024;;
PA;12085439;PA12085439;TERRA DIATOMITA CELITE FINA STANDART;TERRA;XAROPARIA;113,5;VENETO;938,64499999999998;DEZ;2024;12/2024;;
PA;10090295;PA10090295;CONCENTRADO COLA IAB 7729 (NOVO);CONCENT./KITs;KIT COLA;2500;INTERAMERICA;55975;JAN;2025;01/2025;;
PA;11080241;PA11080241;RÓTULO MICOS COLA 2,5L;ROTULO;BOPP-PA;1000000;ELLOFLEX;33950;JAN;2025;01/2025;;
PA;11080247;PA11080247;ROTULO MICOS GUARANA 2L;ROTULO;BOPP-PA;300000;GERAL;12489;JAN;2025;01/2025;;
PR;2701050010;PR2701050010;AROMA DE LARANJA IDENTICO AO NATURAL;AROMA;REFRIGERANTE;23;DUAS RODAS;1730,06;DEZ;2024;12/2024;;
PR;2701050011;PR2701050011;AROMA LIMAO REFRIKO 41;AROMA;REFRIGERANTE;450;SAPORITI;21600;DEZ;2024;12/2024;;
PR;2701050001;PR2701050001;AROMA NATURAL MOUTHFEEL FASV259 ADM;AROMA;REFRIGERANTE;250;ADM;41350;DEZ;2024;12/2024;;
PR;2701050027;PR2701050027;AROMA UVA REFRIKO 84;AROMA;REFRIGERANTE;500;SAPORITI;14000;DEZ;2024;12/2024;;
PR;2701050023;PR2701050023;PREP ACIDO COLA ;CONCENT./KITs;KIT COLA;100;SAPORITI;2500;DEZ;2024;12/2024;;
PR;2701050020;PR2701050020;EMULSÃO COLA E-0388 ADM (NOVO) (usar no 500 ml);EMULSAO;XAROPARIA;100;ADM;38451;DEZ;2024;12/2024;;
PR;2701040004;PR2701040004;FILME TERMO ENCOLHIVEL 600 MM X 0,04 ;FILME;REFRI;2000;PACKESEVEN;28200;DEZ;2024;12/2024;;
PR;2701040007;PR2701040007;FILME TERMO ENCOLHIVEL 860/0,06 MM;FILME;REFR/ENERG.;6000;PACKESEVEN;141450;DEZ;2024;12/2024;;
PR;2701020051;PR2701020051;PREFORMA PET 200 ML CRISTAL 12 g ;PREFORMA;REFRIKO 200ML;1373760;GERAL;271933,04448000004;DEZ;2024;12/2024;;
PR;2701020075;PR2701020075;PREFORMA PET 46,7GR CRISTAL ;PREFORMA;FURIOSO 2L;111072;ENGEPACK;76360,667136000004;DEZ;2024;12/2024;;
PR;2701130009;PR2701130009;SUCO CONCENTRADO DE MACA;SUCO;XAROPARIA;1000;INTERSUCOS;12000;DEZ;2024;12/2024;;
PR;2701130001;PR2701130001;SUCO CONCENTRADO LARANJA;SUCO;XAROPARIA;200;INTERSUCOS;2400;DEZ;2024;12/2024;;
PR;2701130002;PR2701130002;SUCO CONCENTRADO LIMÃO;SUCO;XAROPARIA;75;INTERSUCOS;1237,5;DEZ;2024;12/2024;;
PR;2801010088;PR2801010088;ROTULO AGUA TONICA MALDIVES 250 ML;ROTULO;SLEEVE;200000;ALL4LABELL;10142;DEZ;2024;12/2024;;
MS;2701050017;MS2701050017;AROMA IDENTICO AO NATURAL MELANCIA;AROMA;ENERGÉTICO;800;DUAS RODAS;29736;DEZ;2024;12/2024;;
MS;2701050021;MS2701050021;AROMA IDENTICO AO NATURAL MORANGO;AROMA;ENERGÉTICO;300;DUAS RODAS;22764;DEZ;2024;12/2024;;
MS;2701050027;MS2701050027;AROMA UVA REFRIKO 84;AROMA;REFRIGERANTE;300;SAPORITI;8400;DEZ;2024;12/2024;;
MS;2701160013;MS2701160013;CAIXA TUBAÍNA 12X355ML;CAIXA;TUBAINA;15000;CARTONAGEM;29550;DEZ;2024;12/2024;;
MS;2701240002;MS2701240002;CANTONEIRA DE PAPELAO 110x110x1580;CANTONEIRA;CANTONEIRA;7000;CARTONAGEM;11340;DEZ;2024;12/2024;;
MS;2701210005;MS2701210005;ALGINATO DE PROPILENO GLICOL;CERVEJARIA;OUTROS;200;GERAL;56758,000000000007;DEZ;2024;12/2024;;
MS;2701120001;MS2701120001;PREMIX ENERG EMULVIT 8942;CONCENT./KITs;C.ENERGETICO;3000;GERAL;54150;DEZ;2024;12/2024;;
MS;2701050023;MS2701050023;PREP ACIDO COLA ;CONCENT./KITs;KIT COLA;200;SAPORITI;5000;DEZ;2024;12/2024;;
MS;2701040009;MS2701040009;FILME STRETCH POLIETILENO 500X0023;FILME;STRETCH;1368;GUANAPACK;31258,800000000003;DEZ;2024;12/2024;;
MS;2701040003;MS2701040003;FILME TERMO ENCOLHÍVEL DE 560X006;FILME;DIVERSOS;1100;PACKESEVEN;25850;DEZ;2024;12/2024;;
MS;2701040019;MS2701040019;SHRINK BAMBOA 350ML -360X0,06 LAGER;FILME;BAMBOA;1000;ERPLASTI;14500;DEZ;2024;12/2024;;
MS;2701040025;MS2701040025;FILME TERMOENCOLHIVEL LISO 380X0,05MM;FILME;PET 500;500;PACKSEVEN;10500;DEZ;2024;12/2024;;
MS;2701040002;MS2701040002;FILME TERMO ENCOLHIVEL 420 X 0,06;FILME;REFR/ENERG.;2500;PACKSEVEN;58750;DEZ;2024;12/2024;;
MS;2701040012;MS2701040012;SHRINK MOEMA 269ML - 350X0,06;FILME;MOEMA;1000;ERPLASTI;14500;DEZ;2024;12/2024;;
MS;2701040011;MS2701040011;SHRINK MOEMA 350ML - 390X0,06;FILME;MOEMA;8000;ERPLASTI;252080;DEZ;2024;12/2024;;
MS;2701040010;MS2701040010;SHRINK MOEMA 473ML - 400X0,06;FILME;MOEMA;2000;ERPLASTI;29000;DEZ;2024;12/2024;;
MS;2701020115;MS2701020115;PREFORMA 18 A 20G VERDE 500 ML - DESCONTINUAR;PREFORMA;REFRIKO 500ML;146160;GERAL;29816,639999999999;JAN;2025;01/2025;;
MS;2701020075;MS2701020075;PREFORMA PET 46,7GR CRISTAL;PREFORMA;FURIOSO 2L;68352;GERAL;40601,087999999996;DEZ;2024;12/2024;;
MS;2701010118;MS2701010118;ROTULO ADESIVO TUBAINA 355ML  ;ROTULO;ADESIVO;200000;ALL4LABELL;10190;DEZ;2024;12/2024;;
MS;2701010187;MS2701010187;ROTULO FURIOSO MELANCIA E MORANGO 2L;ROTULO;SLEEVE;300000;ALL4LABELL;61860;DEZ;2024;12/2024;;
MS;2701130001;MS2701130001;SUCO CONCENTRADO LARANJA;SUCO;XAROPARIA;100;INTERSUCOS;1200;DEZ;2024;12/2024;;
MS;2701130002;MS2701130002;SUCO CONCENTRADO LIMÃO;SUCO;XAROPARIA;75;INTERSUCOS;1237,5;DEZ;2024;12/2024;;
MS;3002020010;MS3002020010;TERRA CELITE DIATOMITA 2500/535;TERRA;CERVEJARIA;4086;VENETO;35956,800000000003;DEZ;2024;12/2024;;
MS;3002020009;MS3002020009;TERRA CELITE DIATOMITA SPEEDFLOW/STANDARD (VERMELHO);TERRA;CERVEJARIA;1362;VENETO;11985,6;DEZ;2024;12/2024;;
MS;3002020008;MS3002020008;TERRA DIATOMITA 215/FILTER CEL;TERRA;XAROPARIA;385,9;VENETO;3395,92;DEZ;2024;12/2024;;
MS;3002020011;MS3002020011;TERRA DIATOMITA 341/HYFLOW (AZUL);TERRA;XAROPARIA;385,9;VENETO;3395,92;DEZ;2024;12/2024;;
MS;2701150006;MS2701150006;VASILHAME AMBAR 300ML - LITRINHO;VASILHAME;NORMAL;101640;GERAL;75213,600000000006;DEZ;2024;12/2024;;
MS;2701150001;MS2701150001;VASILHAME GINGUALA 970ML;VASILHAME;NORMAL;39424;VIDROPORTO;61895,68;DEZ;2024;12/2024;;
MS;2701150001;MS2701150001;VASILHAME GINGUALA 970ML;VASILHAME;NORMAL;39424;VIDROPORTO;61895,68;DEZ;2024;12/2024;;
MS;2701150009;MS2701150009;VASILHAME TUBAINA CRISTAL LONGNECK 355ML;VASILHAME;NORMAL;180000;GERAL;95400;DEZ;2024;12/2024;;
MS;2701150004;MS2701150004;VASILHAME OW 600ML (BELLA ROMA);VASILHAME;NORMAL;56400;VERALLIA;63731,999999999993;DEZ;2024;12/2024;;
MS;2701150004;MS2701150004;VASILHAME OW 600ML (BELLA ROMA);VASILHAME;NORMAL;56400;GERAL;63731,999999999993;DEZ;2024;12/2024;;
SP;2801040018;SP2801040018;FILME TERMOENCOLHIVEL LISO 390X0,05MM                    ;FILME;ÁGUA 500;2000;PACKSEVEN;47150;DEZ;2024;12/2024;;
SP;2801040017;SP2801040017;FILME TERMO ENCOLHIVEL 420X0,05MM;FILME;AGUA 1,5L;600;GERAL;12600;DEZ;2024;12/2024;;
SP;2801020042;SP2801020042;PREFORMA 15G CRISTAL;PREFORMA;PET 500 PA;480000;GERAL;106238,39999999999;MAR;2024;03/2024;;
SP;2801020041;SP2801020041;PREFORMA 18G CRISTAL 500 ML;PREFORMA;PET 500 PA;1085760;GERAL;278649,44639999996;SET;2024;09/2024;;
SP;2801020032;SP2801020032;PREFORMA 31,7G CRISTAL;PREFORMA;ÁGUA 1,5L;67824;GERAL;28199,18448;SET;2024;09/2024;;
PR;2701080001;PR2701080001;ACUCAR CRISTAL;AÇUCAR;XAROPARIA;93600;GERAL;172224;NOV;2024;11/2024;;
PR;2701080001;PR2701080001;ACUCAR CRISTAL;AÇUCAR;XAROPARIA;93600;GERAL;172224;NOV;2024;11/2024;;
PR;2701080001;PR2701080001;ACUCAR CRISTAL;AÇUCAR;XAROPARIA;93600;GERAL;172224;NOV;2024;11/2024;;
MS;2701080001;MS2701080001;ACUCAR CRISTAL;AÇUCAR;XAROPARIA;86400;GERAL;158976;NOV;2024;11/2024;;
MS;2701080001;MS2701080001;ACUCAR CRISTAL;AÇUCAR;XAROPARIA;57600;GERAL;105984;NOV;2024;11/2024;;
MS;2701080001;MS2701080001;ACUCAR CRISTAL;AÇUCAR;XAROPARIA;86400;GERAL;158976;NOV;2024;11/2024;;
MS;2701190001;MS2701190001;MALTE PILSEN BAG 1000 - BARLEY;CERVEJARIA;MALTE;33500;BARLEY;110215;NOV;2024;11/2024;;
MS;2701190001;MS2701190001;MALTE PILSEN BAG 1000 - BARLEY;CERVEJARIA;MALTE;33500;BARLEY;110215;NOV;2024;11/2024;;
MS;2701190001;MS2701190001;MALTE PILSEN BAG 1000 - BARLEY;CERVEJARIA;MALTE;33500;BARLEY;110215;NOV;2024;11/2024;;
MS;2701190001;MS2701190001;MALTE PILSEN BAG 1000 - BARLEY;CERVEJARIA;MALTE;33500;BARLEY;110215;NOV;2024;11/2024;;
MS;2701190001;MS2701190001;MALTE PILSEN BAG 1000 - BARLEY;CERVEJARIA;MALTE;33500;BARLEY;110215;NOV;2024;11/2024;;
MS;2701190004;MS2701190004;XAROPE DE HIGH MALTOSE 25KG (BREWGILL);CERVEJARIA;OUTROS;30000;TEREOS;83400;NOV;2024;11/2024;;
MS;2701140029;MS2701140029;TAMPA - LATA 350/269/473ML - B64;TAMPA;LATA;2920000;CROWN;700800;NOV;2024;11/2024;;
MS;2701140029;MS2701140029;TAMPA - LATA 350/269/473ML - B64;TAMPA;LATA;7300000;GERAL;1752000;DEZ;2024;12/2024;;
MS;2701140029;MS2701140029;TAMPA - LATA 350/269/473ML - B64;TAMPA;LATA;7188480;CROWN;1725235,2;FEV;2025;02/2025;;
PR;2701070004;PR2701070004;CICLAMATO DE SÓDIO ;EDULCORANTE;XAROPARIA;500;QUANTIQ;7090;JAN;2025;01/2025;;
PR;2701060010;PR2701060010;CORANTE AMARANTO;CORANTE;REFRIGERANTE;30;SAPORITI;2565;JAN;2025;01/2025;;
MS;2701060007;MS2701060007;CORANTE CARAMELO CLASE IV DPC;CORANTE;REFRIGERANTE;450;SAPORITI;3375;JAN;2025;01/2025;;
PR;2701060007;PR2701060007;CORANTE CARAMELO CLASE IV DPC;CORANTE;REFRIGERANTE;500;sAPORITI;3750;JAN;2025;01/2025;;
MS;2701060001;MS2701060001;CORANTE PONCEAU ;CORANTE;ENERGÉTICO;30;SAPORITI;2010;JAN;2025;01/2025;;
PR;2801010099;PR2801010099;ROTULO FURIOSO 250ML;ROTULO;SLEEVE;1500000;ALL4LABELL;75565,5;JAN;2025;01/2025;;
MS;2701010191;MS2701010191;ROTULO FURIOSO 2L;ROTULO;SLEEVE;300000;ALL4LABELL;61860;JAN;2025;01/2025;;
PR;2801010093;PR2801010093;ROTULO FURIOSO AÇAI 250ML;ROTULO;SLEEVE;100000;ALL4LABELL;5037,7;JAN;2025;01/2025;;
PR;2801010094;PR2801010094;ROTULO FURIOSO CITRUS 250 ML;ROTULO;SLEEVE;200000;ALL4LABELL;10075,4;JAN;2025;01/2025;;
PR;2801010097;PR2801010097;ROTULO FURIOSO MELANCIA E MORANGO 250ML;ROTULO;SLEEVE;200000;ALL4LABELL;10075,4;JAN;2025;01/2025;;
MS;2701010184;MS2701010184;ROTULO FURIOSO MELAO 2L;ROTULO;SLEEVE;100000;ALL4LABELL;20620;JAN;2025;01/2025;;
MS;2701010193;MS2701010193;ROTULO FURIOSO TROPICAL 2L;ROTULO;SLEEVE;100000;ALL4LABELL;20620;JAN;2025;01/2025;;
MS;2701070002;MS2701070002;SACARINA SÓDICA;EDULCORANTE;XAROPARIA;100;QUANTIQ;2965;JAN;2025;01/2025;;
PR;2701070002;PR2701070002;SACARINA SÓDICA;EDULCORANTE;XAROPARIA;300;QUANTIQ;8895;JAN;2025;01/2025;;
MS;2701210002;MS2701210002;SILICA HP 9000;CERVEJARIA;OUTROS;2000;GRACE ;72020;JAN;2025;01/2025;;
MS;2701070001;MS2701070001;SUCRALOSE;EDULCORANTE;XAROPARIA;100;QUANTIQ;8430;JAN;2025;01/2025;;
PR;2701080001;PR2701080001;ACUCAR CRISTAL;AÇUCAR;XAROPARIA;218400;GERAL;401856;DEZ;2024;12/2024;;
MS;2701080001;MS2701080001;ACUCAR CRISTAL;AÇUCAR;XAROPARIA;288000;GERAL;529920;DEZ;2024;12/2024;;
MS;2701190004;MS2701190004;XAROPE DE HIGH MALTOSE 25KG (BREWGILL);CERVEJARIA;OUTROS;0;GERAL;0;DEZ;2024;12/2024;;
MS;2701190001;MS2701190001;MALTE PILSEN BAG 1000 - BARLEY;CERVEJARIA;MALTE;33340;GERAL;109688,6;DEZ;2024;12/2024;;
MS;2701190001;MS2701190001;MALTE PILSEN BAG 1000 - BARLEY;CERVEJARIA;MALTE;33340;BARLEY;109688,6;DEZ;2024;12/2024;;
MS;2701190001;MS2701190001;MALTE PILSEN BAG 1000 - BARLEY;CERVEJARIA;MALTE;33340;BARLEY;109688,6;DEZ;2024;12/2024;;
MS;2701190001;MS2701190001;MALTE PILSEN BAG 1000 - BARLEY;CERVEJARIA;MALTE;33340;GERAL;109688,6;DEZ;2024;12/2024;;
MS;2701190001;MS2701190001;MALTE PILSEN BAG 1000 - BARLEY;CERVEJARIA;MALTE;33340;BARLEY;109688,6;DEZ;2024;12/2024;;
MS;2701190001;MS2701190001;MALTE PILSEN BAG 1000 - BARLEY;CERVEJARIA;MALTE;33340;BARLEY;109688,6;DEZ;2024;12/2024;;
MS;2701190001;MS2701190001;MALTE PILSEN BAG 1000 - BARLEY;CERVEJARIA;MALTE;33340;BARLEY;109688,6;DEZ;2024;12/2024;;
SP;2801020042;SP2801020042;PREFORMA 15G CRISTAL;PREFORMA;PET 500 PA;480000;GERAL;106238,39999999999;DEZ;2024;12/2024;;
SP;2801020041;SP2801020041;PREFORMA 18G CRISTAL 500 ML;PREFORMA;PET 500 PA;1085760;ENVASES;278649,44639999996;DEZ;2024;12/2024;;
SP;2801020032;SP2801020032;PREFORMA 31,7G CRISTAL;PREFORMA;ÁGUA 1,5L;67824;GERAL;28199,18448;DEZ;2024;12/2024;;
PR;2701130007;PR2701130007;AROMA EXTRATO GUARANA REFRIKO 28;AROMA;REFRIGERANTE;800;SAPORITI;26239,999999999996;JAN;2025;01/2025;;
PR;2801050021;PR2801050021;AROMA IDENTICO AO NATURAL MELANCIA;AROMA;ENERGÉTICO;115;DUAS RODAS;4274,55;JAN;2025;01/2025;;
MS;2701050002;MS2701050002;DESTILADO DE ERVAS AROMÁT PARA GIN;AROMA;JAMES COOK;1000;BRUNHOLI;19200;JAN;2025;01/2025;;
MS;2701160001;MS2701160001;CX AUTO GIN JAMES COOK 6X1-;CAIXA;JAMES COOK;5000;BLUMEN;14800;JAN;2025;01/2025;;
MS;2701160002;MS2701160002;CX FUNDO AUTO VODKA JAMES COOK 6X1;CAIXA;JAMES COOK;5000;BLUMEN;14800;JAN;2025;01/2025;;
MS;2701050018;MS2701050018;EMULSAO LARANJA REFRIKO 98;EMULSAO;XAROPARIA;300;SARAPOTI;9840;JAN;2025;01/2025;;
PR;2701050018;PR2701050018;EMULSAO LARANJA REFRIKO 98;EMULSAO;XAROPARIA;500;SAPORITI;16400;JAN;2025;01/2025;;
MS;2701040009;MS2701040009;FILME STRETCH POLIETILENO 500X0023;FILME;STRETCH;2500;GUANAPACK;57125;JAN;2025;01/2025;;
PR;2701040004;PR2701040004;FILME TERMO ENCOLHIVEL 600 MM X 0,04 ;FILME;REFRI;3000;PACKESEVEN;42300;JAN;2025;01/2025;;
MS;2701040003;MS2701040003;FILME TERMO ENCOLHÍVEL DE 560X006;FILME;DIVERSOS;1500;PACKESEVEN;35250;JAN;2025;01/2025;;
MS;2701040019;MS2701040019;SHRINK BAMBOA 350ML -360X0,06 LAGER;FILME;BAMBOA;2000;ERPLASTI;29000;JAN;2025;01/2025;;
MS;2701040015;MS2701040015;FILME TERMOENCOLHIVEL LISO 380X0,06MM;FILME;VIDRO;1500;PACKSEVEN;31500;JAN;2025;01/2025;;
MS;2701040002;MS2701040002;FILME TERMO ENCOLHIVEL 420 X 0,06;FILME;REFR/ENERG.;3000;PACKSEVEN;70500;JAN;2025;01/2025;;
PR;2701020097;PR2701020097;PREFORMA PET 200 ML VERDE 12 g ;PREFORMA;REFRIKO 200ML;427392;ENGEPACK;84601,391616000008;JAN;2025;01/2025;;
PR;2701020101;PR2701020101;PREFORMA 39,7G VERDE;PREFORMA;REFRISHOW;469248;ENGEPACK;208815,36000000002;JAN;2025;01/2025;;
MS;2701020102;MS2701020102;PREFORMA 41 G VERDE;PREFORMA;REFRIKO 2L;938496;GERAL;376618,4448;JAN;2025;01/2025;;
MS;2701020081;MS2701020081;PREFORMA 54,4GR CRISTAL SHORT;PREFORMA;REFRIKO 3L;17556;GERAL;9817,6663200000003;MAR;2025;03/2025;;
SP;2801020032;SP2801020032;PREFORMA 31,7G CRISTAL;PREFORMA;ÁGUA 1,5L;90432;GERAL;37598,912639999995;JAN;2025;01/2025;;
MS;2701020075;MS2701020075;PREFORMA PET 46,7GR CRISTAL;PREFORMA;FURIOSO 2L;290496;ENGEPACK;172554,62399999998;JAN;2025;01/2025;;
PR;2701020075;PR2701020075;PREFORMA PET 46,7GR CRISTAL ;PREFORMA;FURIOSO 2L;102528;ENGEPACK;70486,769663999992;JAN;2025;01/2025;;
MS;2701010178;MS2701010178;ROT SLEE NOCH MARACUJA 270ML ;ROTULO;SLEEVE;100000;ALL4LABELL;12000;FEV;2025;02/2025;;
MS;2701010179;MS2701010179;ROT SLEE NOCH MELANCIA E MORAN 270ML;ROTULO;SLEEVE;100000;ALL4LABELL;12000;FEV;2025;02/2025;;
MS;2701010200;MS2701010200;ROTULO SLEEVE VODKA JAMES COOK 900ML;ROTULO;SLEEVE;50000;GERAL;16600;JAN;2025;01/2025;;
MS;2701010198;MS2701010198;ROTULO SLEEVE GIN JAMES ACET 900ML;ROTULO;SLEEVE;50000;GERAL;16600;JAN;2025;01/2025;;
MS;2701130009;MS2701130009;SUCO CONCENTRADO DE MACA;SUCO;XAROPARIA;200;INTERSUCOS;2400;JAN;2025;01/2025;;
PR;2701130009;PR2701130009;SUCO CONCENTRADO DE MACA;SUCO;XAROPARIA;600;INTERSUCOS;7200;JAN;2025;01/2025;;
PR;2701130002;PR2701130002;SUCO CONCENTRADO LIMÃO;SUCO;XAROPARIA;100;INTERSUCOS;1650;JAN;2025;01/2025;;
PR;2801030013;PR2801030013;TAMPA AZUL LISA;TAMPA;PET;302400;OXFORD;13103,899200000002;JAN;2025;01/2025;;
PR;2701030043;PR2701030043;TAMPA LARANJA REFRIKO;TAMPA;PET;1058400;OXFORD;47045,880000000005;JAN;2025;01/2025;;
PR;2701030044;PR2701030044;TAMPA LILAS LISA;TAMPA;PET;604800;OXFORD;26883,360000000001;JAN;2025;01/2025;;
MS;2701030032;MS2701030032;TAMPA METALICA LISA;TAMPA;VIDRO NAC;500000;ARO;24750;JAN;2025;01/2025;;
PR;2701030050;PR2701030050;TAMPA VERMELHA LISA;TAMPA;PET;151200;OXFORD;6720,84;JAN;2025;01/2025;;
PR;3002020009;PR3002020009;TERRA CELITE DIATOMITA SPEEDFLOW/STANDARD (VERMELHO);TERRA;XAROPARIA;68,1;VENETO;599,28;JAN;2025;01/2025;;
PR;3002020011;PR3002020011;TERRA DIATOMITA 341/HYFLOW (AZUL);TERRA;XAROPARIA;817,2;VENETO;7191,36;JAN;2025;01/2025;;
MS;2701120001;MS2701120001;PREMIX ENERG EMULVIT 8942;CONCENT./KITs;C.ENERGETICO;2400;CALDIC;43320;FEV;2025;02/2025;;
PR;2801120002;PR2801120002;PREMIX ENERG EMULVIT 8942;CONCENT./KITs;C.ENERGETICO;900;QUANTIQ;16245;FEV;2025;02/2025;;
SP;2801010066;SP2801010066;ROTULO BOPP AGUA S/ GAS HIDRATAR 1,5L                    ;ROTULO;BOPP;200000;ELLOFLEX;3989,96;FEV;2025;02/2025;;
PR;2701010150;PR2701010150;ROTULO TUBAINA 2L;ROTULO;BOPP;200000;MABFLEX;7099,9999999999991;FEV;2025;02/2025;;
PR;2701010155;PR2701010155;ROTULO REFRIKO UVA DQI1% 2L;ROTULO;BOPP;200000;MABFLEX;7099,9999999999991;FEV;2025;02/2025;;
PR;2701010147;PR2701010147;ROTULO REFRIKO LIMÃO DQI1% 2L;ROTULO;BOPP;200000;MABFLEX;7099,9999999999991;FEV;2025;02/2025;;
PR;2701010143;PR2701010143;ROTULO REFRIKO LARANJA DQI1% 200 ML ;ROTULO;BOPP;1500000;TRIA;12000;FEV;2025;02/2025;;
PR;2701010146;PR2701010146;ROTULO REFRIKO LIMÃO DQI1% 200 ML ;ROTULO;BOPP;1500000;TRIA;12000;FEV;2025;02/2025;;
PR;2701010154;PR2701010154;ROTULO REFRIKO UVA DQI1% 200 ML ;ROTULO;BOPP;1500000;GERAL;12000;FEV;2025;02/2025;;
PA;10020012;PA10020012;AROMA DE GUARANA 31835 ADM;AROMA;REFRIGERANTE;300;ADM;36060;JAN;2025;01/2025;;
PA;10020011;PA10020011;AROMA NATURAL MOUTHFEEL FASV259 ADM;AROMA;REFRIGERANTE;200;ADM;31504,000000000004;JAN;2025;01/2025;;
PA;10100024;PA10100024;CICLAMATO DE SÓDIO ;EDULCORANTE;XAROPARIA;250;GERAL;4967,5;JAN;2025;01/2025;;
PA;10090071;PA10090071;SUCRALOSE;EDULCORANTE;XAROPARIA;200;GERAL;22812;JAN;2025;01/2025;;
PA;11070046;PA11070046;PREFORMA 18 ou 20,6G CRISTAL;PREFORMA;PET 500 PA;250560;CRISTALPET;59132,159999999996;JAN;2025;01/2025;;
PA;11070012;PA11070012;PREFORMA 46,0G CRISTAL OU 45,7 G;PREFORMA;PET 2L PA;270272;CRISTALPET;132433,28;JAN;2025;01/2025;;
PA;11070032;PA11070032;PREFORMA 48GR CRISTAL OU 50,7 G;PREFORMA;PET 2,5L PA;215040;AMCOR;107089,92;JAN;2025;01/2025;;
PA;11070033;PA11070033;PREFORMA 48GR VERDE OU 50,7 G;PREFORMA;PET 2,5L PA;241920;AMCOR;120476,16;JAN;2025;01/2025;;
PA;11070041;PA11070041;PREFORMA PET 200 ML CRISTAL 12 G;PREFORMA;PET 200 PA;213696;CRISTALPET;33977,663999999997;JAN;2025;01/2025;;
PA;11070048;PA11070048;PREFORMA PET 200 ML VERDE 12 G;PREFORMA;PET 200 PA;61056;CRISTALPET;9707,9040000000005;JAN;2025;01/2025;;
PA;10090293;PA10090293;SUCO CONCENTRADO DE MACA;SUCO;XAROPARIA;3500;INTERSUCOS;40250;JAN;2025;01/2025;;
PA;10090090;PA10090090;SUCO CONCENTRADO LARANJA;SUCO;XAROPARIA;600;INTERSUCOS;6300;JAN;2025;01/2025;;
PA;10020012;PA10020012;AROMA DE GUARANA 31835 ADM;AROMA;REFRIGERANTE;300;ADM;36060;FEV;2025;02/2025;;
PA;10090295;PA10090295;CONCENTRADO COLA IAB 7729 (NOVO);CONCENT./KITs;KIT COLA;1500;INTERAMERICA;33585;FEV;2025;02/2025;;
PA;10010001;PA10010001;ACUCAR CRISTAL;AÇUCAR;XAROPARIA;150000; TIETE ;341688;JAN;2025;01/2025;;
MS;2701150004;MS2701150004;VASILHAME OW 600ML (BELLA ROMA);VASILHAME;NORMAL;170100;VERALLIA;192212,99999999997;DEZ;2024;12/2024;;
MS;2701190001;MS2701190001;MALTE PILSEN BAG 1000 - BARLEY;CERVEJARIA;MALTE;33340;BARLEY;109688,6;JAN;2025;01/2025;;
MS;2701190001;MS2701190001;MALTE PILSEN BAG 1000 - BARLEY;CERVEJARIA;MALTE;33340;BARLEY;109688,6;JAN;2025;01/2025;;
MS;2701190001;MS2701190001;MALTE PILSEN BAG 1000 - BARLEY;CERVEJARIA;MALTE;33340;GERAL;109688,6;JAN;2025;01/2025;;
MS;2701190001;MS2701190001;MALTE PILSEN BAG 1000 - BARLEY;CERVEJARIA;MALTE;67960;GERAL;223588,4;JAN;2025;01/2025;;
MS;2701190004;MS2701190004;XAROPE DE HIGH MALTOSE 25KG (BREWGILL);CERVEJARIA;OUTROS;30000;TEREOS;83400;JAN;2025;01/2025;;
MS;2701190004;MS2701190004;XAROPE DE HIGH MALTOSE 25KG (BREWGILL);CERVEJARIA;OUTROS;60000;TEREOS;166800;JAN;2025;01/2025;;
MS;2701190004;MS2701190004;XAROPE DE HIGH MALTOSE 25KG (BREWGILL);CERVEJARIA;OUTROS;30000;TEREOS;83400;JAN;2025;01/2025;;
MS;2701190004;MS2701190004;XAROPE DE HIGH MALTOSE 25KG (BREWGILL);CERVEJARIA;OUTROS;29240;TEREOS;81287,199999999997;JAN;2025;01/2025;;
MS;2701200002;MS2701200002;LUPULO LSKE;CERVEJARIA;LUPULO;19,6;LNF LATINO;19942,412;JAN;2025;01/2025;;
MS;2701020081;MS2701020081;PREFORMA 54,4GR CRISTAL SHORT;PREFORMA;REFRIKO 3L;29088;ENGEPACK;16266,591360000002;DEZ;2024;12/2024;;
MS;2701020109;MS2701020109;PREFORMA 54,4GR VERDE SHORT;PREFORMA;REFRIKO 3L;36360;ENGEPACK;20333,239200000004;DEZ;2024;12/2024;;
PR;2701080001;PR2701080001;ACUCAR CRISTAL;AÇUCAR;XAROPARIA;187200;RAIZEN;344448;JAN;2025;01/2025;;
MS;2701080001;MS2701080001;ACUCAR CRISTAL;AÇUCAR;XAROPARIA;247200;GERAL;454848;JAN;2025;01/2025;;
MS;2701170003;MS2701170003;VINHO DE MESA TINTO SECO GRANEL;VINHO;TANQUE;37000; GAZZI;155400;JAN;2025;01/2025;;
MS;2701170003;MS2701170003;VINHO DE MESA TINTO SECO GRANEL;VINHO;TANQUE;37000; GAZZI;155400;JAN;2025;01/2025;;
MS;2701170003;MS2701170003;VINHO DE MESA TINTO SECO GRANEL;VINHO;TANQUE;37000; GAZZI;155400;JAN;2025;01/2025;;
MS;2701170003;MS2701170003;VINHO DE MESA TINTO SECO GRANEL;VINHO;TANQUE;37000; GAZZI;155400;JAN;2025;01/2025;;
MS;2701170002;MS2701170002;ETANOL NEUTRO ALCOOL ETILICO POT 96º-IND;ETANOL;TANQUE;91244;PEROLA;408225,65600000002;JAN;2025;01/2025;;
PA;10010001;PA10010001;ACUCAR CRISTAL;AÇUCAR;XAROPARIA;147420;VALE;335810,96639999998;FEV;2025;02/2025;;
PA;10100024;PA10100024;CICLAMATO DE SÓDIO ;EDULCORANTE;XAROPARIA;200;QUANTIQ;3974;FEV;2025;02/2025;;
PA;10090295;PA10090295;CONCENTRADO COLA IAB 7729 (NOVO);CONCENT./KITs;KIT COLA;1500;INTERAMERICA;33585;FEV;2025;02/2025;;
PA;11070046;PA11070046;PREFORMA 18 ou 20,6G CRISTAL;PREFORMA;PET 500 PA;125280;AMCOR;29566,079999999998;FEV;2025;02/2025;;
PA;11070032;PA11070032;PREFORMA 48GR CRISTAL OU 50,7 G;PREFORMA;PET 2,5L PA;322560;AMCOR;160634,88;FEV;2025;02/2025;;
PA;11070033;PA11070033;PREFORMA 48GR VERDE OU 50,7 G;PREFORMA;PET 2,5L PA;89600;AMCOR;44620,800000000003;FEV;2025;02/2025;;
PA;10090017;PA10090017;EMULSAO LARANJA REFRIKO 98;EMULSAO;XAROPARIA;150;SAPORITI ;5400;MAR;2025;03/2025;;
PA;10020011;PA10020011;AROMA NATURAL MOUTHFEEL FASV259 ADM;AROMA;REFRIGERANTE;200;ADM;31504,000000000004;MAR;2025;03/2025;;
PA;10090291;PA10090291;EXTRATO DE GUARANA 200% DUAS RODAS;AROMA;REFRIGERANTE;150;DUAS RODAS;7180,5;MAR;2025;03/2025;;
PA;12030001;PA12030001;FILME STRETCH POLIETILENO 500X0023;FILME;STRETCH;1000;PRISMAPACK;9800;MAR;2025;03/2025;;
PA;11040793;PA11040793;FILME TERMO - 480X0,06;FILME;REFRI;3700;PRISMAPACK;38295;MAR;2025;03/2025;;
PA;11040007;PA11040007;FILME TERMO ENCOLHIVEL 420 X 0,06;FILME;REFR/ENERG.;2200;PRISMAPACK;22770;MAR;2025;03/2025;;
PA;11080244;PA11080244;ROTULO MICOS COLA 500ML;ROTULO;BOPP-PA;500000;ELLOFLEX;16865;MAR;2025;03/2025;;
PA;11080245;PA11080245;RÓTULO MICOS GUARANA 2,5L;ROTULO;BOPP-PA;600000;ELLOFLEX ;20370;MAR;2025;03/2025;;
PA;11080252;PA11080252;ROTULO MICOS LARANJA 500ML;ROTULO;BOPP-PA;500000;ELLOFLEX;16865;MAR;2025;03/2025;;
PA;11080264;PA11080264;ROTULO TUCA LARANJA 2L;ROTULO;BOPP-PA;600000;ELLOFLEX;24978;MAR;2025;03/2025;;
PA;11090034;PA11090034;TAMPA LILAS LISA;TAMPA;PET;453600;RAVIBRAS;21169,512000000002;MAR;2025;03/2025;;
PA;11090031;PA11090031;TAMPA VERMELHA LISA;TAMPA;PET;1663200;RAVIBRAS;77621,544000000009;MAR;2025;03/2025;;
PR;2701050037;PR2701050037;AROMA IDENTICO AO NATURAL FRAMBOESA 77587 SAPORITI;AROMA;REFRIGERANTE;100;SAPORITI;6200;FEV;2025;02/2025;;
PR;2701130007;PR2701130007;AROMA EXTRATO GUARANA REFRIKO 28;AROMA;REFRIGERANTE;700;SAPORITI;22959,999999999996;FEV;2025;02/2025;;
PR;2701050011;PR2701050011;AROMA LIMAO REFRIKO 41;AROMA;REFRIGERANTE;150;SAPORITI;7200;FEV;2025;02/2025;;
PR;2701050001;PR2701050001;AROMA NATURAL MOUTHFEEL FASV259 ADM;AROMA;REFRIGERANTE;200;ADM ;33080;FEV;2025;02/2025;;
PR;2701050027;PR2701050027;AROMA UVA REFRIKO 84;AROMA;REFRIGERANTE;300;SAPORITI;8400;FEV;2025;02/2025;;
PR;2701050022;PR2701050022;CONCENTRADO DE GUARANA IAB 7205;AROMA;REFRIGERANTE;4000;INTERAMERICA;108680;FEV;2025;02/2025;;
PR;2701070001;PR2701070001;SUCRALOSE;EDULCORANTE;XAROPARIA;250;QUANTIQ;22000;FEV;2025;02/2025;;
PR;2701050020;PR2701050020;EMULSÃO COLA E-0388 ADM (NOVO) (usar no 500 ml);EMULSAO;XAROPARIA;50;ADM;19225,5;FEV;2025;02/2025;;
PR;2701040009;PR2701040009;FILME STRETCH POLIETILENO 500X0023;FILME;STRETCH;1000;GUANAPACK;20000;FEV;2025;02/2025;;
PR;2701040005;PR2701040005;FILME TERMO ENCOLHIVEL 660 MM X 0,04;FILME;ENERGÉTICO;1100;PACKESEVEN;25850;FEV;2025;02/2025;;
PR;2701040006;PR2701040006;FILME TERMO ENCOLHIVEL 860/5 MM;FILME;JUJ/TERN;1000;PACKESEVEN;23575;FEV;2025;02/2025;;
PR;2701040007;PR2701040007;FILME TERMO ENCOLHIVEL 860/0,06 MM;FILME;REFR/ENERG.;3000;PACKESEVEN;70725;FEV;2025;02/2025;;
PR;2701020055;PR2701020055;PREFORMA 18G CRISTAL;PREFORMA;FURIOSO 250ML;2096640;ENGEPACK;538081,68959999993;FEV;2025;02/2025;;
PR;2701020101;PR2701020101;PREFORMA 39,7G VERDE;PREFORMA;REFRISHOW;469248;ENGEPACK;208815,36000000002;FEV;2025;02/2025;;
PR;2701020102;PR2701020102;PREFORMA 41G VERDE;PREFORMA;REFRIKO 2L;469248;ENGEPACK;244572,0576;FEV;2025;02/2025;;
PR;2701130009;PR2701130009;SUCO CONCENTRADO DE MACA;SUCO;XAROPARIA;350;INTERSUCOS;4200;FEV;2025;02/2025;;
PR;2701130001;PR2701130001;SUCO CONCENTRADO LARANJA;SUCO;XAROPARIA;150;INTERSUCOS;1800;FEV;2025;02/2025;;
PR;2801050025;PR2801050025;AROMA IDENTICO AO NATURAL MORANGO;AROMA;ENERGÉTICO;50;DUAS RODAS;3794;FEV;2025;02/2025;;
PR;2801050015;PR2801050015;AROMA MAÇA VERDE COD;AROMA;ENERGÉTICO;50;DUAS RODAS;2322,5;FEV;2025;02/2025;;
PR;2801050021;PR2801050021;AROMA IDENTICO AO NATURAL MELANCIA;AROMA;ENERGÉTICO;50;DUAS RODAS;1858,5;FEV;2025;02/2025;;
PR;2801130002;PR2801130002;POLPA DE AÇAI DESIDRATA SOL.;AROMA;ENERGÉTICO;100;SANRISIL;5140;FEV;2025;02/2025;;
PR;2801010100;PR2801010100;ROTULO FURIOSO 2L;ROTULO;SLEEVE;200000;ALL4LABELL;41240;FEV;2025;02/2025;;
PR;2801010097;PR2801010097;ROTULO FURIOSO MELANCIA E MORANGO 250ML;ROTULO;SLEEVE;200000;ALL4LABELL;10075,4;FEV;2025;02/2025;;
PR;2801010095;PR2801010095;ROTULO FURIOSO MELAO 250ML;ROTULO;SLEEVE;200000;ALL4LABELL;10075,4;FEV;2025;02/2025;;
MS;2701090007;MS2701090007;ACIDO MALICO;ACID.E CONSERV.;NOCH;100;TOTAL ING;975;FEV;2025;02/2025;;
MS;2701100002;MS2701100002;BENZOATO DE SODIO;ACID.E CONSERV.;REF/ENER/NOCH/TON;800;BBCA;9680;FEV;2025;02/2025;;
MS;2701090006;MS2701090006;CITRATO DE SODIO;ACID.E CONSERV.;ENERG/DELIRIO;600;bBCA;4968;FEV;2025;02/2025;;
MS;2701130007;MS2701130007;AROMA EXTRATO GUARANA REFRIKO 28;AROMA;REFRIGERANTE;300;SARAPOTI;9840;FEV;2025;02/2025;;
MS;2701050008;MS2701050008;AROMA FRUTAS TROPICAIS;AROMA;ENERGÉTICO;200;MONARCH;29914;FEV;2025;02/2025;;
MS;2701050021;MS2701050021;AROMA IDENTICO AO NATURAL MORANGO;AROMA;ENERGÉTICO;150;DUAS RODAS;11382;FEV;2025;02/2025;;
MS;2701050011;MS2701050011;AROMA LIMAO REFRIKO 41;AROMA;REFRIGERANTE;100;SARAPOTI;4800;FEV;2025;02/2025;;
MS;2701050013;MS2701050013;AROMA MAÇA VERDE COD;AROMA;ENERGÉTICO;150;DUAS RODAS;6967,5;FEV;2025;02/2025;;
MS;2701050019;MS2701050019;AROMA MELAO ;AROMA;ENERGÉTICO;200;DUAS RODAS;11794;FEV;2025;02/2025;;
MS;2701050001;MS2701050001;AROMA NATURAL MOUTHFEEL FASV259 ADM;AROMA;REFRIGERANTE;150;GERAL;24810;FEV;2025;02/2025;;
MS;2701050028;MS2701050028;AROMA NATURAL PARA VODKA ;AROMA;VODKA;200;DUAS RODAS;5176;FEV;2025;02/2025;;
MS;2701050022;MS2701050022;CONCENTRADO DE GUARANA IAB 7205;AROMA;REFRIGERANTE;1700;INTERAMERICA;43979;FEV;2025;02/2025;;
MS;2701160012;MS2701160012;CX 12X300ML - TUBAINA;CAIXA;TUBAINA;20000;JAUENSE;33800;FEV;2025;02/2025;;
MS;2701240002;MS2701240002;CANTONEIRA DE PAPELAO 110x110x1580;CANTONEIRA;CANTONEIRA;10000;GERAL;16200,000000000002;FEV;2025;02/2025;;
MS;2701090003;MS2701090003;ACIDO LACTICO - IBC;CERVEJARIA;OUTROS;1000;KATEC;10410;FEV;2025;02/2025;;
MS;2701090005;MS2701090005;ANTIOXIDANTE;CERVEJARIA;OUTROS;100;AEB;3022;FEV;2025;02/2025;;
MS;2701250001;MS2701250001;CLORETO DE CALCIO - IBC;CERVEJARIA;OUTROS;500;BELA VISTA;2035,0000000000002;FEV;2025;02/2025;;
MS;2701050023;MS2701050023;PREP ACIDO COLA ;CONCENT./KITs;KIT COLA;200;SARAPOTI;5000;FEV;2025;02/2025;;
MS;2701070001;MS2701070001;SUCRALOSE;EDULCORANTE;XAROPARIA;50;CALDIC;4215;FEV;2025;02/2025;;
MS;2701050020;MS2701050020;EMULSÃO COLA E-0388 ADM (NOVO);EMULSAO;XAROPARIA;70;ADM;26915,7;FEV;2025;02/2025;;
MS;2701050018;MS2701050018;EMULSAO LARANJA REFRIKO 98;EMULSAO;XAROPARIA;200;SARAPOTI;6559,9999999999991;FEV;2025;02/2025;;
MS;2701040009;MS2701040009;FILME STRETCH POLIETILENO 500X0023;FILME;STRETCH;3000;GUANAPACK;68550;FEV;2025;02/2025;;
MS;2701040003;MS2701040003;FILME TERMO ENCOLHÍVEL DE 560X006;FILME;DIVERSOS;1000;GERAL;23500;FEV;2025;02/2025;;
MS;2701040015;MS2701040015;FILME TERMOENCOLHIVEL LISO 380X0,06MM;FILME;VIDRO;1000;PACKSEVEN;21000;FEV;2025;02/2025;;
MS;2701040002;MS2701040002;FILME TERMO ENCOLHIVEL 420 X 0,06;FILME;REFR/ENERG.;3500;PACKSEVEN;82250;FEV;2025;02/2025;;
MS;2701040010;MS2701040010;SHRINK MOEMA 473ML - 400X0,06;FILME;MOEMA;2500;ERPLASTI;36250;FEV;2025;02/2025;;
MS;2701260003;MS2701260003;LACRE BARRIL MOEMA;LACRE;CHOPP;2000;GERAL;730;FEV;2025;02/2025;;
MS;2701020102;MS2701020102;PREFORMA 41 G VERDE;PREFORMA;REFRIKO 2L;469248;GERAL;188309,2224;FEV;2025;02/2025;;
MS;2701020109;MS2701020109;PREFORMA 54,4GR VERDE SHORT;PREFORMA;REFRIKO 3L;52668;GERAL;29452,998960000004;MAR;2025;03/2025;;
MS;2701020075;MS2701020075;PREFORMA PET 46,7GR CRISTAL;PREFORMA;FURIOSO 2L;666432;GERAL;395860,60800000001;FEV;2025;02/2025;;
MS;2701010178;MS2701010178;ROT SLEE NOCH MARACUJA 270ML ;ROTULO;SLEEVE;100000;GERAL;12000;FEV;2025;02/2025;;
MS;2701010179;MS2701010179;ROT SLEE NOCH MELANCIA E MORAN 270ML;ROTULO;SLEEVE;100000;GERAL;12000;FEV;2025;02/2025;;
MS;2701010116;MS2701010116;ROTULO ADESIVO TUBAINA 300ML;ROTULO;ADESIVO;200000;ALL4LABELL;7996;FEV;2025;02/2025;;
MS;2701130009;MS2701130009;SUCO CONCENTRADO DE MACA;SUCO;XAROPARIA;350;INTERSUCOS;4200;FEV;2025;02/2025;;
MS;2701130001;MS2701130001;SUCO CONCENTRADO LARANJA;SUCO;XAROPARIA;75;INTERSUCOS;900;FEV;2025;02/2025;;
MS;2701130003;MS2701130003;SUCO CONCENTRADO UVA;SUCO;XAROPARIA;100;INTERSUCOS;1300;FEV;2025;02/2025;;
MS;2701030041;MS2701030041;TAMPA AZUL BAMBOA (VODKA BAMBOA);TAMPA;VIDRO NAC;300000;BRASTAMPAS;90000;FEV;2025;02/2025;;
MS;3002020009;MS3002020009;TERRA CELITE DIATOMITA SPEEDFLOW/STANDARD (VERMELHO);TERRA;CERVEJARIA;1702,5;VENETO;14982,000000000002;FEV;2025;02/2025;;
MS;3002020011;MS3002020011;TERRA DIATOMITA 341/HYFLOW (AZUL);TERRA;XAROPARIA;113,5;VENETO;998,80000000000007;FEV;2025;02/2025;;
SP;2801040018;SP2801040018;FILME TERMOENCOLHIVEL LISO 390X0,05MM                    ;FILME;ÁGUA 500;2000;PACKSEVEN;47150;FEV;2025;02/2025;;
SP;2801020042;SP2801020042;PREFORMA 15G CRISTAL;PREFORMA;PET 500 PA;998400;GERAL;220975,872;FEV;2025;02/2025;;
SP;2801020041;SP2801020041;PREFORMA 18G CRISTAL 500 ML;PREFORMA;PET 500 PA;2171520;GERAL;557298,89279999991;FEV;2025;02/2025;;
PR;2801120002;PR2801120002;PREMIX ENERG EMULVIT 8942;CONCENT./KITs;C.ENERGETICO;700;GERAL;12635;MAR;2025;03/2025;;
PR;2701010138;PR2701010138;ROTULO GUARANA 2L;ROTULO;BOPP;300000;MABFLEX;10649,999999999998;MAR;2025;03/2025;;
PR;2701010163;PR2701010163;ROTULO TUBA JUJUBA 2L;ROTULO;BOPP;200000;MABFLEX;7099,9999999999991;MAR;2025;03/2025;;
PR;2701010144;PR2701010144;ROTULO REFRIKO LARANJA DQI1% 2L;ROTULO;BOPP;150000;MABFLEX;5324,9999999999991;MAR;2025;03/2025;;
MS;2701240004;MS2701240004;CHAPA SEM IMPRESSAO 1000X1200 (NOVA);SEPARADOR DE CAMADAS;CHAPA;41000;CPEL;51250;MAR;2025;03/2025;;
MS;2701120001;MS2701120001;PREMIX ENERG EMULVIT 8942;CONCENT./KITs;C.ENERGETICO;2000;CALDIC;36100;MAR;2025;03/2025;;
MS;2701010133;MS2701010133;ROTULO REFRIKO COLA 3L;ROTULO;BOPP;100000;C-MAB;3889,6;MAR;2025;03/2025;;
MS;2701010163;MS2701010163;ROTULO TUBA JUJUBA 2L;ROTULO;BOPP;200000;C-MAB;7099,9999999999991;MAR;2025;03/2025;;
MS;2701010151;MS2701010151;ROTULO TUBAINA 3L;ROTULO;BOPP;100000;C-MAB;3889,6;MAR;2025;03/2025;;
MS;2701010144;MS2701010144;ROTULO REFRIKO LARANJA DQI1% 2L;ROTULO;BOPP;50000;C-MAB;1774,9999999999998;MAR;2025;03/2025;;
SP;2801010063;SP2801010063;ROTULO BOPP AGUA C/ GAS HIDRATAR 500ML                   ;ROTULO;BOPP;4000000;GERAL;42240;MAR;2025;03/2025;;
SP;2801010068;SP2801010068;ROTULO BOPP AGUA S/ GAS HIDRATAR 500ML                   ;ROTULO;BOPP;3862659;GERAL;40789,679040000003;MAR;2025;03/2025;;
MS;2701150006;MS2701150006;VASILHAME AMBAR 300ML - LITRINHO;VASILHAME;NORMAL;101640;GERAL;75213,600000000006;FEV;2025;02/2025;;
MS;2701150001;MS2701150001;VASILHAME GINGUALA 970ML;VASILHAME;NORMAL;128520;GERAL;201776,4;FEV;2025;02/2025;;
MS;2701150004;MS2701150004;VASILHAME OW 600ML (BELLA ROMA);VASILHAME;NORMAL;60750;GERAL;68647,5;FEV;2025;02/2025;;
PR;2701080001;PR2701080001;ACUCAR CRISTAL;AÇUCAR;XAROPARIA;312000;RAIZEN;574080;FEV;2025;02/2025;;
MS;2701080001;MS2701080001;ACUCAR CRISTAL;AÇUCAR;XAROPARIA;148000;RAIZEN;272320;FEV;2025;02/2025;;
MS;2701190004;MS2701190004;XAROPE DE HIGH MALTOSE 25KG (BREWGILL);CERVEJARIA;OUTROS;30000;GERAL;83400;FEV;2025;02/2025;;
MS;2701190004;MS2701190004;XAROPE DE HIGH MALTOSE 25KG (BREWGILL);CERVEJARIA;OUTROS;30000;GERAL;83400;FEV;2025;02/2025;;
MS;2701190004;MS2701190004;XAROPE DE HIGH MALTOSE 25KG (BREWGILL);CERVEJARIA;OUTROS;30000;GERAL;83400;FEV;2025;02/2025;;
MS;2701190004;MS2701190004;XAROPE DE HIGH MALTOSE 25KG (BREWGILL);CERVEJARIA;OUTROS;30000;GERAL;83400;FEV;2025;02/2025;;
MS;2701190004;MS2701190004;XAROPE DE HIGH MALTOSE 25KG (BREWGILL);CERVEJARIA;OUTROS;59880;GERAL;166466,4;FEV;2025;02/2025;;
MS;2701190001;MS2701190001;MALTE PILSEN BAG 1000 - BARLEY;CERVEJARIA;MALTE;33340;GERAL;109688,6;FEV;2025;02/2025;;
MS;2701190001;MS2701190001;MALTE PILSEN BAG 1000 - BARLEY;CERVEJARIA;MALTE;33340;GERAL;109688,6;FEV;2025;02/2025;;
MS;2701190001;MS2701190001;MALTE PILSEN BAG 1000 - BARLEY;CERVEJARIA;MALTE;33340;GERAL;109688,6;FEV;2025;02/2025;;
MS;2701190001;MS2701190001;MALTE PILSEN BAG 1000 - BARLEY;CERVEJARIA;MALTE;33340;GERAL;109688,6;FEV;2025;02/2025;;
MS;2701190001;MS2701190001;MALTE PILSEN BAG 1000 - BARLEY;CERVEJARIA;MALTE;33340;GERAL;109688,6;FEV;2025;02/2025;;
MS;2701190001;MS2701190001;MALTE PILSEN BAG 1000 - BARLEY;CERVEJARIA;MALTE;105800;GERAL;348082;FEV;2025;02/2025;;
MS;2701150004;MS2701150004;VASILHAME OW 600ML (BELLA ROMA);VASILHAME;NORMAL;56700;GERAL;64070,999999999993;FEV;2025;02/2025;;
MS;2701150004;MS2701150004;VASILHAME OW 600ML (BELLA ROMA);VASILHAME;NORMAL;56700;GERAL;64070,999999999993;FEV;2025;02/2025;;
MS;3002020007;MS3002020007;CARVÃO ATIVADO;TERRA;XAROPARIA;150;GERAL;1875;FEV;2025;02/2025;;
PR;3002020007;PR3002020007;CARVÃO ATIVADO;TERRA;XAROPARIA;200;GUARAMEX;2500;FEV;2025;02/2025;;
PR;2701040005;PR2701040005;FILME TERMO ENCOLHIVEL 660 MM X 0,04;FILME;ENERGÉTICO;1500;PACKSEVEN;35250;JAN;2025;01/2025;;
PA;10090273;PA10090273;ACESSULFAME DE POTASSIO;EDULCORANTE;XAROPARIA;50;QUANTIQ;1745;MAR;2025;03/2025;;
PA;10100003;PA10100003;ACIDO CITRICO;ACID.E CONSERV.;REF/ENER/ROM/DEL;5000;INDEMIL;50500;MAR;2025;03/2025;;
PA;10010001;PA10010001;ACUCAR CRISTAL;AÇUCAR;XAROPARIA;49140;GERAL;111936,98879999999;MAR;2025;03/2025;;
PA;10010001;PA10010001;ACUCAR CRISTAL;AÇUCAR;XAROPARIA;49140;GERAL;111936,98879999999;MAR;2025;03/2025;;
PA;10010001;PA10010001;ACUCAR CRISTAL;AÇUCAR;XAROPARIA;49140;GERAL;111936,98879999999;MAR;2025;03/2025;;
PA;10010001;PA10010001;ACUCAR CRISTAL;AÇUCAR;XAROPARIA;49140;GERAL;111936,98879999999;MAR;2025;03/2025;;
PA;10090100;PA10090100;ASPARTAME;EDULCORANTE;XAROPARIA;150;QUANTIQ ;10558,5;MAR;2025;03/2025;;
PA;10100012;PA10100012;BENZOATO DE SODIO;ACID.E CONSERV.;REF/ENER/NOCH/TON;1500;BBCA;15528;MAR;2025;03/2025;;
PA;10100024;PA10100024;CICLAMATO DE SÓDIO ;EDULCORANTE;XAROPARIA;250;QUANTIQ;4967,5;MAR;2025;03/2025;;
PA;10100006;PA10100006;CITRATO DE SODIO;ACID.E CONSERV.;ENERG/DELIRIO;200;BBCA;2074;MAR;2025;03/2025;;
PA;11070046;PA11070046;PREFORMA 18 ou 20,6G CRISTAL;PREFORMA;PET 500 PA;354960;AMCOR;83770,559999999998;MAR;2025;03/2025;;
PA;11070012;PA11070012;PREFORMA 46,0G CRISTAL OU 45,7 G;PREFORMA;PET 2L PA;354732;AMCOR;173818,68;MAR;2025;03/2025;;
PA;11070032;PA11070032;PREFORMA 48GR CRISTAL OU 50,7 G;PREFORMA;PET 2,5L PA;546560;AMCOR;272186,88;MAR;2025;03/2025;;
PA;11070033;PA11070033;PREFORMA 48GR VERDE OU 50,7 G;PREFORMA;PET 2,5L PA;286720;AMCOR;142786,56;MAR;2025;03/2025;;
PA;11070041;PA11070041;PREFORMA PET 200 ML CRISTAL 12 G;PREFORMA;PET 200 PA;122112;AMCOR;19415,808000000001;MAR;2025;03/2025;;
PA;11080253;PA11080253;RÓTULO MICOS UVA 2,5L;ROTULO;BOPP-PA;300000;ELLOFLEX;10185;MAR;2025;03/2025;;
PA;11080254;PA11080254;RÓTULO MICOS UVA 200ML;ROTULO;BOPP-PA;500000;ELLOFLEX;2950;MAR;2025;03/2025;;
PA;10090032;PA10090032;SACARINA SÓDICA;EDULCORANTE;XAROPARIA;150;QUANTIQ;5760;MAR;2025;03/2025;;
PA;10100002;PA10100002;SORBATO DE POTASSIO 25KG;ACID.E CONSERV.;REF/ENER/ROM/DEL;500;KATEC;9275;MAR;2025;03/2025;;
PA;10090071;PA10090071;SUCRALOSE;EDULCORANTE;XAROPARIA;220;QUANTIQ;25093,200000000001;MAR;2025;03/2025;;
PA;10020012;PA10020012;AROMA DE GUARANA 31835 ADM;AROMA;REFRIGERANTE;300;ADM;36060;ABR;2025;04/2025;;
PA;10090274;PA10090274;CONCENTRADO BEBIDAS ENERGETICA;AROMA;KIT ENERGÉTICO;500;WILD;82362,378133704755;ABR;2025;04/2025;;
MS;2701090003;MS2701090003;ACIDO LACTICO - IBC;CERVEJARIA;OUTROS;1000;KATEC;10410;MAR;2025;03/2025;;
MS;2701090005;MS2701090005;ANTIOXIDANTE;CERVEJARIA;OUTROS;200;AEB;6044;MAR;2025;03/2025;;
MS;2701050010;MS2701050010;AROMA DE LARANJA IDENTICO AO NATURAL;AROMA;REFRIGERANTE;14;DUAS RODAS;1053,08;MAR;2025;03/2025;;
MS;2701050008;MS2701050008;AROMA FRUTAS TROPICAIS;AROMA;ENERGÉTICO;100;MONARCH;14957;MAR;2025;03/2025;;
PR;2801050006;PR2801050006;AROMA FRUTAS TROPICAIS;AROMA;ENERGÉTICO;100;MONARCH;14957;MAR;2025;03/2025;;
PR;2701050011;PR2701050011;AROMA LIMAO REFRIKO 41;AROMA;REFRIGERANTE;250;BBCA;12000;MAR;2025;03/2025;;
MS;2701050019;MS2701050019;AROMA MELAO ;AROMA;ENERGÉTICO;250;DUAS RODAS;14742,5;MAR;2025;03/2025;;
MS;2701050027;MS2701050027;AROMA UVA REFRIKO 84;AROMA;REFRIGERANTE;100;SAPORITI;2800;MAR;2025;03/2025;;
PR;2701050027;PR2701050027;AROMA UVA REFRIKO 84;AROMA;REFRIGERANTE;300;BBCA;8400;MAR;2025;03/2025;;
MS;2701070005;MS2701070005;ASPARTAME;EDULCORANTE;XAROPARIA;75;CALDIC;4594,5;MAR;2025;03/2025;;
PR;2701070005;PR2701070005;ASPARTAME;EDULCORANTE;XAROPARIA;50;CALDIC;3063;MAR;2025;03/2025;;
MS;2701100002;MS2701100002;BENZOATO DE SODIO;ACID.E CONSERV.;REF/ENER/NOCH/TON;700;GERAL;8470;MAR;2025;03/2025;;
PR;2701100002;PR2701100002;BENZOATO DE SODIO;ACID.E CONSERV.;REF/ENER/NOCH/TON;2300;BBCA;27830;MAR;2025;03/2025;;
MS;2701090006;MS2701090006;CITRATO DE SODIO;ACID.E CONSERV.;ENERG/DELIRIO;600;GERAL;4968;MAR;2025;03/2025;;
PR;2801090005;PR2801090005;CITRATO DE SODIO;ACID.E CONSERV.;ENERG/DELIRIO;200;BBCA;1655,9999999999998;MAR;2025;03/2025;;
MS;2701250001;MS2701250001;CLORETO DE CALCIO - IBC;CERVEJARIA;OUTROS;1000;BELA VISTA;4070,0000000000005;MAR;2025;03/2025;;
PR;2701050022;PR2701050022;CONCENTRADO DE GUARANA IAB 7205;AROMA;REFRIGERANTE;4000;INTERAMERICA;108680;MAR;2025;03/2025;;
MS;2701060007;MS2701060007;CORANTE CARAMELO CLASE IV DPC;CORANTE;REFRIGERANTE;300;SAPORITI;2250;MAR;2025;03/2025;;
PR;2701060007;PR2701060007;CORANTE CARAMELO CLASE IV DPC;CORANTE;REFRIGERANTE;400;SAPORITI;3000;MAR;2025;03/2025;;
MS;2701060006;MS2701060006;CORANTE CARAMELO CERVEJA;CERVEJARIA;OUTROS;500;GERAL;3020;MAR;2025;03/2025;;
PR;2701050018;PR2701050018;EMULSAO LARANJA REFRIKO 98;EMULSAO;XAROPARIA;700;SAPORITI;22959,999999999996;MAR;2025;03/2025;;
MS;2701210004;MS2701210004;ENZIMA ULTRA FLOW;CERVEJARIA;OUTROS;100;PROZYN ;7636;MAR;2025;03/2025;;
MS;2701040009;MS2701040009;FILME STRETCH POLIETILENO 500X0023;FILME;STRETCH;2000;GUANAPACK;45700;MAR;2025;03/2025;;
PR;2701040009;PR2701040009;FILME STRETCH POLIETILENO 500X0023;FILME;STRETCH;1500;GUANAPACK;30000;MAR;2025;03/2025;;
MS;2701040001;MS2701040001;FILME TERMO ENCOLHIVEL 420 X 0,05;FILME;JUJ/TERN;1000;PACKSEVEN;21000;MAR;2025;03/2025;;
PR;2701040005;PR2701040005;FILME TERMO ENCOLHIVEL 660 MM X 0,04;FILME;ENERGÉTICO;3000;PACKSEVEN;70500;MAR;2025;03/2025;;
PR;2701040006;PR2701040006;FILME TERMO ENCOLHIVEL 860/5 MM;FILME;JUJ/TERN;2800;PACKSEVEN;66010;MAR;2025;03/2025;;
PR;2701040007;PR2701040007;FILME TERMO ENCOLHIVEL 860/0,06 MM;FILME;REFR/ENERG.;6000;PACKESEVEN;141450;MAR;2025;03/2025;;
MS;2701040023;MS2701040023;FILME TERMO ENCOLHÍVEL DE 500X0,06 ;FILME;B.ROMA;1000;PACKSEVEN;11400;MAR;2025;03/2025;;
SP;2801040018;SP2801040018;FILME TERMOENCOLHIVEL LISO 390X0,05MM                    ;FILME;ÁGUA 500;2000;PACKSEVEN;47150;MAR;2025;03/2025;;
MS;2701150006;MS2701150006;VASILHAME AMBAR 300ML - LITRINHO;VASILHAME;NORMAL;101640;GERAL;75213,600000000006;MAR;2025;03/2025;;
MS;2701150001;MS2701150001;VASILHAME GINGUALA 970ML;VASILHAME;NORMAL;84480;GERAL;132633,60000000001;MAR;2025;03/2025;;
PR;2701050023;PR2701050023;PREP ACIDO COLA ;CONCENT./KITs;KIT COLA;200;SAPORITI;5000;MAR;2025;03/2025;;
PR;2801010088;PR2801010088;ROTULO AGUA TONICA MALDIVES 250 ML;ROTULO;SLEEVE;200000;ALL4LABELL;10142;MAR;2025;03/2025;;
PR;2801010099;PR2801010099;ROTULO FURIOSO 250ML;ROTULO;SLEEVE;1800000;ALL4LABELL;90678,599999999991;MAR;2025;03/2025;;
MS;2701010191;MS2701010191;ROTULO FURIOSO 2L;ROTULO;SLEEVE;300000;ALL4LABELL;61860;MAR;2025;03/2025;;
PR;2801010100;PR2801010100;ROTULO FURIOSO 2L;ROTULO;SLEEVE;300000;ALL4LABELL;61860;MAR;2025;03/2025;;
PR;2801010093;PR2801010093;ROTULO FURIOSO AÇAI 250ML;ROTULO;SLEEVE;200000;ALL4LABELL;10075,4;MAR;2025;03/2025;;
MS;2701010184;MS2701010184;ROTULO FURIOSO MELAO 2L;ROTULO;SLEEVE;150000;ALL4LABELL;30930;MAR;2025;03/2025;;
PR;2801010101;PR2801010101;ROTULO FURIOSO TROPICAL 250ML;ROTULO;SLEEVE;200000;ALL4LABELL;10075,4;MAR;2025;03/2025;;
MS;2701040010;MS2701040010;SHRINK MOEMA 473ML - 400X0,06;FILME;MOEMA;2000;ERPLASTI;29000;MAR;2025;03/2025;;
MS;2701210002;MS2701210002;SILICA HP 9000;CERVEJARIA;OUTROS;2500;GRACE ;90025;MAR;2025;03/2025;;
PR;2701130009;PR2701130009;SUCO CONCENTRADO DE MACA;SUCO;XAROPARIA;1500;INTERSUCOS;18000;MAR;2025;03/2025;;
PR;2701130001;PR2701130001;SUCO CONCENTRADO LARANJA;SUCO;XAROPARIA;200;INTERSUCOS;2400;MAR;2025;03/2025;;
PR;2701130002;PR2701130002;SUCO CONCENTRADO LIMÃO;SUCO;XAROPARIA;200;INTERSUCOS;3300;MAR;2025;03/2025;;
PR;2701030037;PR2701030037;TAMPA AMARELA LISA;TAMPA;PET;1058400;OPS;47045,880000000005;MAR;2025;03/2025;;
SP;2801030017;SP2801030017;TAMPA PLASTICA PRETA OMNI 120 COM VEDANTE;TAMPA;PET;2116800;OPS;91727,294400000013;MAR;2025;03/2025;;
PR;2701030049;PR2701030049;TAMPA VERDE REFRIKO;TAMPA;PET;756000;OPS ;33604,200000000004;MAR;2025;03/2025;;
PR;2701030050;PR2701030050;TAMPA VERMELHA LISA;TAMPA;PET;302400;OPS;13441,68;MAR;2025;03/2025;;
MS;3002020010;MS3002020010;TERRA CELITE DIATOMITA 2500/535;TERRA;CERVEJARIA;8172;VENETO;71913,600000000006;MAR;2025;03/2025;;
MS;3002020009;MS3002020009;TERRA CELITE DIATOMITA SPEEDFLOW/STANDARD (VERMELHO);TERRA;CERVEJARIA;1135;VENETO;9988;MAR;2025;03/2025;;
MS;3002020011;MS3002020011;TERRA DIATOMITA 341/HYFLOW (AZUL);TERRA;XAROPARIA;249,7;VENETO;2197,36;MAR;2025;03/2025;;
MS;2701150004;MS2701150004;VASILHAME OW 600ML (BELLA ROMA);VASILHAME;NORMAL;56700;GERAL;64070,999999999993;MAR;2025;03/2025;;
PR;2701020051;PR2701020051;PREFORMA PET 200 ML CRISTAL 12 g ;PREFORMA;REFRIKO 200ML;763200;ENGEPACK;151073,9136;MAR;2025;03/2025;;
PR;2701020097;PR2701020097;PREFORMA PET 200 ML VERDE 12 g ;PREFORMA;REFRIKO 200ML;1892736;ENGEPACK;374663,30572800001;MAR;2025;03/2025;;
PR;2701020055;PR2701020055;PREFORMA 18G CRISTAL;PREFORMA;FURIOSO 250ML;1653120;GERAL;424256,71679999999;MAR;2025;03/2025;;
PR;2701020059;PR2701020059;PREFORMA 41G CRISTAL;PREFORMA;REFRIKO 2L;234624;ENGEPACK;122286,0288;MAR;2025;03/2025;;
MS;2701020059;MS2701020059;PREFORMA 41 G CRISTAL;PREFORMA;REFRIKO 2L;99264;ENGEPACK;55121,299200000001;MAR;2025;03/2025;;
PR;2701020101;PR2701020101;PREFORMA 39,7G VERDE;PREFORMA;REFRISHOW;631680;ENGEPACK;281097,59999999998;MAR;2025;03/2025;;
PR;2701020102;PR2701020102;PREFORMA 41G VERDE;PREFORMA;REFRIKO 2L;812160;ENGEPACK;423297,79200000002;MAR;2025;03/2025;;
MS;2701020075;MS2701020075;PREFORMA PET 46,7GR CRISTAL;PREFORMA;FURIOSO 2L;299040;ENGEPACK;177629,75999999998;MAR;2025;03/2025;;
PR;2701020075;PR2701020075;PREFORMA PET 46,7GR CRISTAL ;PREFORMA;FURIOSO 2L;128160;ENGEPACK;88108,462079999998;MAR;2025;03/2025;;
PR;2701050001;PR2701050001;AROMA NATURAL MOUTHFEEL FASV259 ADM;AROMA;REFRIGERANTE;200;ADM;33080;ABR;2025;04/2025;;
MS;2701240004;MS2701240004;CHAPA SEM IMPRESSAO 1000X1200 (NOVA);SEPARADOR DE CAMADAS;CHAPA;41000;CPEL;51250;ABR;2025;04/2025;;
MS;2701050040;MS2701050040;CONCENTRADO BEBIDAS ENERGETICA;AROMA;KIT ENERGÉTICO;113,1615599;ADM;235023,65947075209;ABR;2025;04/2025;;
PR;2801050003;PR2801050003;CONCENTRADO BEBIDAS ENERGETICA;AROMA;KIT ENERGÉTICO;139,275766;ADM;284786,40668523678;ABR;2025;04/2025;;
MS;2701050020;MS2701050020;EMULSÃO COLA E-0388 ADM (NOVO);EMULSAO;XAROPARIA;25;ADM ;9612,75;ABR;2025;04/2025;;
PR;2701050020;PR2701050020;EMULSÃO COLA E-0388 ADM (NOVO) (usar no 500 ml);EMULSAO;XAROPARIA;75;ADM;28838,25;ABR;2025;04/2025;;
PR;2801120002;PR2801120002;PREMIX ENERG EMULVIT 8942;CONCENT./KITs;C.ENERGETICO;600;QUANTIQ;10830;ABR;2025;04/2025;;
PR;2701010131;PR2701010131;ROTULO REFRIKO COLA REDUZIDO 200 ML ;ROTULO;BOPP;2000000;TRIA;16000;ABR;2025;04/2025;;
PR;2701010132;PR2701010132;ROTULO REFRIKO COLA 2L;ROTULO;BOPP;200000;MABFLEX;7099,9999999999991;ABR;2025;04/2025;;
PR;2701010131;PR2701010131;ROTULO REFRIKO COLA REDUZIDO 200 ML ;ROTULO;BOPP;1000000;TRIA;8000;ABR;2025;04/2025;;
PR;2701010163;PR2701010163;ROTULO TUBA JUJUBA 2L;ROTULO;BOPP;300000;MABFLEX;10649,999999999998;ABR;2025;04/2025;;
PR;2701010160;PR2701010160;ROTULO TERNURA LARANJA S/ SUCO 2L;ROTULO;BOPP;200000;MABFLEX;7099,9999999999991;ABR;2025;04/2025;;
MS;2701030028;MS2701030028;TAMPA ABRE FACIL AMARELA;TAMPA;VIDRO IMP;2000000;PELICONI;221600;MAI;2025;05/2025;;
MS;2701200003;MS2701200003;LUPULO NUGGET;CERVEJARIA;LUPULO IMP;5000;ELIM HK;196884,4;JUN;2025;06/2025;;
MS;2701050026;MS2701050026;AROMA IDENTICO AO NATURAL DE PESSEGO;AROMA;NOCH DEMAIS;250;SAPORITI;14500;MAR;2025;03/2025;;
MS;2701010195;MS2701010195;ROTULO SLEEVE FURIOSO UVA VERDE E PESSEGO 269ML;ROTULO;SLEEVE;120000;ALL4LABELL;6045,24;MAR;2025;03/2025;;
MS;2701010197;MS2701010197;ROTULO SLEEVE FURIOSO UVA VERDE E PESSEGO 473ML;ROTULO;SLEEVE;180000;ALL4LABELL;22500;MAR;2025;03/2025;;
PR;2801010104;PR2801010104;ROTULO SLEEVE FURIOSO UVA VERDE E PESSEGO 2L;ROTULO;SLEEVE;300000;ALL4LABELL;63204;MAR;2025;03/2025;;
MS;2701050033;MS2701050033;AROMA ID. AO NATURAL DE UVA VERDE SAPORITI;AROMA;ENERGÉTICO;350;SAPORITI;37800;MAR;2025;03/2025;;
MS;2701070006;MS2701070006;ACESSULFAME DE POTASSIO;EDULCORANTE;XAROPARIA;50;CALDIC;1426,5;ABR;2025;04/2025;;
MS;2701070006;MS2701070006;ACESSULFAME DE POTASSIO;EDULCORANTE;XAROPARIA;50;CALDIC;1426,5;MAI;2025;05/2025;;
PR;2701070004;PR2701070004;CICLAMATO DE SÓDIO ;EDULCORANTE;XAROPARIA;300;CALDIC;4254;ABR;2025;04/2025;;
PR;2701070004;PR2701070004;CICLAMATO DE SÓDIO ;EDULCORANTE;XAROPARIA;200;CALDIC;2836;MAI;2025;05/2025;;
MS;2701070004;MS2701070004;CICLAMATO DE SÓDIO ;EDULCORANTE;XAROPARIA;100;CALDIC;1418;ABR;2025;04/2025;;
MS;2701070004;MS2701070004;CICLAMATO DE SÓDIO ;EDULCORANTE;XAROPARIA;50;CALDIC;709;MAI;2025;05/2025;;
PA;10100024;PA10100024;CICLAMATO DE SÓDIO ;EDULCORANTE;XAROPARIA;250;QUANTIQ;4967,5;ABR;2025;04/2025;;
PA;10100024;PA10100024;CICLAMATO DE SÓDIO ;EDULCORANTE;XAROPARIA;300;QUANTIQ;5961;MAI;2025;05/2025;;
MS;2701120001;MS2701120001;PREMIX ENERG EMULVIT 8942;CONCENT./KITs;C.ENERGETICO;2500;CALDIC;45125;ABR;2025;04/2025;;
MS;2701120001;MS2701120001;PREMIX ENERG EMULVIT 8942;CONCENT./KITs;C.ENERGETICO;2500;CALDIC;45125;MAI;2025;05/2025;;
PR;2801120002;PR2801120002;PREMIX ENERG EMULVIT 8942;CONCENT./KITs;C.ENERGETICO;400;CALDIC;7220;MAI;2025;05/2025;;
MS;2701070001;MS2701070001;SUCRALOSE;EDULCORANTE;XAROPARIA;150;CALDIC;12645;ABR;2025;04/2025;;
MS;2701070001;MS2701070001;SUCRALOSE;EDULCORANTE;XAROPARIA;100;CALDIC;8430;MAI;2025;05/2025;;
PA;10090071;PA10090071;SUCRALOSE;EDULCORANTE;XAROPARIA;100;QUANTIQ;11406;ABR;2025;04/2025;;
PA;10090071;PA10090071;SUCRALOSE;EDULCORANTE;XAROPARIA;100;QUANTIQ ;11406;MAI;2025;05/2025;;
PR;2701070001;PR2701070001;SUCRALOSE;EDULCORANTE;XAROPARIA;150;CALDIC;13200;ABR;2025;04/2025;;
PR;2701070001;PR2701070001;SUCRALOSE;EDULCORANTE;XAROPARIA;150;CALDIC;13200;MAI;2025;05/2025;;
PR;2701070002;PR2701070002;SACARINA SÓDICA;EDULCORANTE;XAROPARIA;150;CALDIC;4447,5;MAI;2025;05/2025;;
PR;2701080001;PR2701080001;ACUCAR CRISTAL;AÇUCAR;XAROPARIA;291200;GERAL;535808;MAR;2025;03/2025;;
MS;2701190004;MS2701190004;XAROPE DE HIGH MALTOSE 25KG (BREWGILL);CERVEJARIA;OUTROS;30000;GERAL;83400;MAR;2025;03/2025;;
MS;2701190004;MS2701190004;XAROPE DE HIGH MALTOSE 25KG (BREWGILL);CERVEJARIA;OUTROS;30000;GERAL;83400;MAR;2025;03/2025;;
MS;2701190004;MS2701190004;XAROPE DE HIGH MALTOSE 25KG (BREWGILL);CERVEJARIA;OUTROS;54650;GERAL;151927;MAR;2025;03/2025;;
MS;2701190004;MS2701190004;XAROPE DE HIGH MALTOSE 25KG (BREWGILL);CERVEJARIA;OUTROS;60000;GERAL;166800;MAR;2025;03/2025;;
MS;2701080001;MS2701080001;ACUCAR CRISTAL;AÇUCAR;XAROPARIA;167800;RAIZEN;308752;MAR;2025;03/2025;;
MS;2701140029;MS2701140029;TAMPA - LATA 350/269/473ML - B64;TAMPA;LATA;7188480;GERAL;1725235,2;MAR;2025;03/2025;;
MS;2701200002;MS2701200002;LUPULO LSKE;CERVEJARIA;LUPULO;29;LNF LATINO;29506,63;MAR;2025;03/2025;;
MS;2701140029;MS2701140029;TAMPA - LATA 350/269/473ML - B64;TAMPA;LATA;3594240;GERAL;862617,59999999998;ABR;2025;04/2025;;
MS;2701140029;MS2701140029;TAMPA - LATA 350/269/473ML - B64;TAMPA;LATA;3594240;GERAL;862617,59999999998;MAI;2025;05/2025;;
MS;2701090002;MS2701090002;ACIDO CITRICO;ACID.E CONSERV.;REF/ENER/ROM/DEL;12000;INDEMIL;107399,99999999999;ABR;2025;04/2025;;
PR;2701090002;PR2701090002;ACIDO CITRICO;ACID.E CONSERV.;REF/ENER/ROM/DEL;12000;GERAL;107399,99999999999;ABR;2025;04/2025;;
MS;2701090004;MS2701090004;ACIDO TARTARICO ;ACID.E CONSERV.;NOCH/TON/BEL;200;MCASSAB;7100;ABR;2025;04/2025;;
PR;2801090003;PR2801090003;ACIDO TARTARICO;ACID.E CONSERV.;NOCH/TON/BEL;75;MCASSAB;2662,5;ABR;2025;04/2025;;
MS;2701100002;MS2701100002;BENZOATO DE SODIO;ACID.E CONSERV.;REF/ENER/NOCH/TON;700;SAPORITI;8470;ABR;2025;04/2025;;
PR;2701100002;PR2701100002;BENZOATO DE SODIO;ACID.E CONSERV.;REF/ENER/NOCH/TON;1500;KATEC;18150;ABR;2025;04/2025;;
PR;2801090005;PR2801090005;CITRATO DE SODIO;ACID.E CONSERV.;ENERG/DELIRIO;550;KATEC;4554;ABR;2025;04/2025;;
PR;2701100001;PR2701100001;SORBATO DE POTASSIO 25KG;ACID.E CONSERV.;REF/ENER/ROM/DEL;500;KATEC;7860;ABR;2025;04/2025;;
PR;2701130007;PR2701130007;AROMA EXTRATO GUARANA REFRIKO 28;AROMA;REFRIGERANTE;1000;SAPORITI;32800;ABR;2025;04/2025;;
MS;2701050021;MS2701050021;AROMA IDENTICO AO NATURAL MORANGO;AROMA;ENERGÉTICO;200;DUAS RODAS;15176;ABR;2025;04/2025;;
PR;2801050025;PR2801050025;AROMA IDENTICO AO NATURAL MORANGO;AROMA;ENERGÉTICO;75;DUAS RODAS;5691;ABR;2025;04/2025;;
PR;2801050013;PR2801050013;AROMA IN LIMAO SICILIANO;AROMA;ENERGÉTICO;10;DUAS RODAS;2275;ABR;2025;04/2025;;
MS;2701050013;MS2701050013;AROMA MAÇA VERDE COD;AROMA;ENERGÉTICO;200;DUAS RODAS;9290;ABR;2025;04/2025;;
PR;2801050015;PR2801050015;AROMA MAÇA VERDE COD;AROMA;ENERGÉTICO;100;DUAS RODAS;4645;ABR;2025;04/2025;;
MS;2701050019;MS2701050019;AROMA MELAO ;AROMA;ENERGÉTICO;300;DUAS RODAS;17691;ABR;2025;04/2025;;
PR;2801050021;PR2801050021;AROMA IDENTICO AO NATURAL MELANCIA;AROMA;ENERGÉTICO;200;DUAS RODAS;7434;ABR;2025;04/2025;;
MS;2701050028;MS2701050028;AROMA NATURAL PARA VODKA ;AROMA;VODKA;300;DUAS RODAS;7764;ABR;2025;04/2025;;
MS;2701050022;MS2701050022;CONCENTRADO DE GUARANA IAB 7205;AROMA;REFRIGERANTE;1700;INTERAMERICAS;43979;ABR;2025;04/2025;;
PR;2701050022;PR2701050022;CONCENTRADO DE GUARANA IAB 7205;AROMA;REFRIGERANTE;3000;INTERAMERICA;81510;ABR;2025;04/2025;;
MS;2701130006;MS2701130006;EXTRATO DE GUARANA 200% DUAS RODAS;AROMA;ENERG./DELÍR.;50;DUAS RODAS;2496,5;ABR;2025;04/2025;;
PR;2701130006;PR2701130006;EXTRATO DE GUARANA 200% DUAS RODAS;AROMA;ENERG./DELÍR.;150;DUAS RODAS;7489,5;ABR;2025;04/2025;;
MS;2701160011;MS2701160011;CX ONE WAY BAMBOA 12X330ML;CAIXA;CERVEJA;10000;CARTONAGEM;18400;ABR;2025;04/2025;;
MS;2701090003;MS2701090003;ACIDO LACTICO - IBC;CERVEJARIA;OUTROS;1000;KATEC;10410;ABR;2025;04/2025;;
PR;2801120003;PR2801120003;PREMIX ENERG EMULVIT 8959 - BOMBADÃO SAPORITI -IND;CONCENT./KITs;C.ENERGETICO;25;SAPORITI;4500;ABR;2025;04/2025;;
MS;2701060008;MS2701060008;CORANTE AZUL BRILHANTE;CORANTE;ENERGÉTICO;5;SAPORITI;580;ABR;2025;04/2025;;
MS;2701060007;MS2701060007;CORANTE CARAMELO CLASE IV DPC;CORANTE;REFRIGERANTE;450;SAPORITI;3375;ABR;2025;04/2025;;
PR;2701060007;PR2701060007;CORANTE CARAMELO CLASE IV DPC;CORANTE;REFRIGERANTE;400;SAPORITI;3000;ABR;2025;04/2025;;
SP;2801040014;SP2801040014;FILME STRETCH POLIETILENO 500X0023;FILME;STRETCH;1340;GERAL;30619,000000000004;ABR;2025;04/2025;;
MS;2701040009;MS2701040009;FILME STRETCH POLIETILENO 500X0023;FILME;STRETCH;4000;GUANAPACK;91400;ABR;2025;04/2025;;
PR;2701040009;PR2701040009;FILME STRETCH POLIETILENO 500X0023;FILME;STRETCH;1340;GUANAPACK;26800;ABR;2025;04/2025;;
MS;2701040001;MS2701040001;FILME TERMO ENCOLHIVEL 420 X 0,05;FILME;JUJ/TERN;1200;PACKSEVEN;25200;ABR;2025;04/2025;;
PR;2701040004;PR2701040004;FILME TERMO ENCOLHIVEL 600 MM X 0,04 ;FILME;REFRI;1800;PACKSEVEN;25380;ABR;2025;04/2025;;
PR;2701040005;PR2701040005;FILME TERMO ENCOLHIVEL 660 MM X 0,04;FILME;ENERGÉTICO;1500;PACKSEVEN;35250;ABR;2025;04/2025;;
PR;2701040006;PR2701040006;FILME TERMO ENCOLHIVEL 860/5 MM;FILME;JUJ/TERN;2000;PACKSEVEN;47150;ABR;2025;04/2025;;
PR;2701040007;PR2701040007;FILME TERMO ENCOLHIVEL 860/0,06 MM;FILME;REFR/ENERG.;3500;PACKSEVEN;82512,5;ABR;2025;04/2025;;
MS;2701040003;MS2701040003;FILME TERMO ENCOLHÍVEL DE 560X006;FILME;DIVERSOS;1500;PACKESEVEN;35250;ABR;2025;04/2025;;
SP;2801040018;SP2801040018;FILME TERMOENCOLHIVEL LISO 390X0,05MM                    ;FILME;ÁGUA 500;3500;PACKSEVEN;82512,5;ABR;2025;04/2025;;
MS;2701040015;MS2701040015;FILME TERMOENCOLHIVEL LISO 380X0,06MM;FILME;VIDRO;1000;PACKSEVEN;21000;ABR;2025;04/2025;;
MS;2701040002;MS2701040002;FILME TERMO ENCOLHIVEL 420 X 0,06;FILME;REFR/ENERG.;2800;PACKSEVEN;65800;ABR;2025;04/2025;;
MS;2701040011;MS2701040011;SHRINK MOEMA 350ML - 390X0,06;FILME;MOEMA;12000;ERPLASTI;378120;ABR;2025;04/2025;;
PR;2801010092;PR2801010092;ROT SLEE NOCH MELANCIA E MORAN 270ML-IND;ROTULO;SLEEVE;200000;ALL4LABELL;24000;ABR;2025;04/2025;;
PR;2801010099;PR2801010099;ROTULO FURIOSO 250ML;ROTULO;SLEEVE;400000;ALL4LABELL;20150,8;ABR;2025;04/2025;;
PR;2801010097;PR2801010097;ROTULO FURIOSO MELANCIA E MORANGO 250ML;ROTULO;SLEEVE;200000;ALL4LABELL;10075,4;ABR;2025;04/2025;;
PR;2801010095;PR2801010095;ROTULO FURIOSO MELAO 250ML;ROTULO;SLEEVE;200000;ALL4LABELL;10075,4;ABR;2025;04/2025;;
PR;2801010101;PR2801010101;ROTULO FURIOSO TROPICAL 250ML;ROTULO;SLEEVE;200000;ALL4LABELL;10075,4;ABR;2025;04/2025;;
MS;2701130009;MS2701130009;SUCO CONCENTRADO DE MACA;SUCO;XAROPARIA;350;INTERSUCOS;4200;ABR;2025;04/2025;;
PR;2701130009;PR2701130009;SUCO CONCENTRADO DE MACA;SUCO;XAROPARIA;1000;INTERSUCOS;12000;ABR;2025;04/2025;;
PR;2701130001;PR2701130001;SUCO CONCENTRADO LARANJA;SUCO;XAROPARIA;200;INTERSUCOS;2400;ABR;2025;04/2025;;
MS;3002020007;MS3002020007;CARVÃO ATIVADO;TERRA;XAROPARIA;200;GUARAMEX;2500;ABR;2025;04/2025;;
MS;3002020010;MS3002020010;TERRA CELITE DIATOMITA 2500/535;TERRA;CERVEJARIA;2837,5;VENETO;24970,000000000004;ABR;2025;04/2025;;
MS;3002020009;MS3002020009;TERRA CELITE DIATOMITA SPEEDFLOW/STANDARD (VERMELHO);TERRA;CERVEJARIA;3155,3;VENETO;27766,639999999999;ABR;2025;04/2025;;
MS;2701150006;MS2701150006;VASILHAME AMBAR 300ML - LITRINHO;VASILHAME;NORMAL;101640;VIDROPORTO;75213,600000000006;ABR;2025;04/2025;;
MS;2701150001;MS2701150001;VASILHAME GINGUALA 970ML;VASILHAME;NORMAL;84480;GERAL;132633,60000000001;ABR;2025;04/2025;;
MS;2701150004;MS2701150004;VASILHAME OW 600ML (BELLA ROMA);VASILHAME;NORMAL;113400;VERALLIA;128141,99999999999;ABR;2025;04/2025;;
MS;2701030037;MS2701030037;TAMPA AMARELA LISA;TAMPA;PET;151200;OXFORD;7408,8;ABR;2025;04/2025;;
PR;2701030037;PR2701030037;TAMPA AMARELA LISA;TAMPA;PET;3326400;OXFORD;147858,48000000001;ABR;2025;04/2025;;
PR;2801030015;PR2801030015;TAMPA DOURADA LISA;TAMPA;PET;302400;OXFORD;13103,899200000002;ABR;2025;04/2025;;
PR;2701030043;PR2701030043;TAMPA LARANJA REFRIKO;TAMPA;PET;756000;OXFORD;33604,200000000004;ABR;2025;04/2025;;
PR;2701030044;PR2701030044;TAMPA LILAS LISA;TAMPA;PET;453600;OXFORD;20162,52;ABR;2025;04/2025;;
SP;2801030014;SP2801030014;TAMPA PLASTICA AZUL OMNI                             ;TAMPA;PET;453600;GERAL;19655,8488;ABR;2025;04/2025;;
SP;2801030017;SP2801030017;TAMPA PLASTICA PRETA OMNI 120 COM VEDANTE;TAMPA;PET;1663200;GERAL;72071,445600000006;ABR;2025;04/2025;;
PR;2701030049;PR2701030049;TAMPA VERDE REFRIKO;TAMPA;PET;2570400;OXFORD;114254,28000000001;ABR;2025;04/2025;;
PR;2701030050;PR2701030050;TAMPA VERMELHA LISA;TAMPA;PET;604800;OXFORD;26883,360000000001;ABR;2025;04/2025;;
PR;2801020035;PR2801020035;PREFORMA PET 200 ML CRISTAL 12 g;PREFORMA;REFRIKO 200ML;1373760;ENGEPACK;271933,04448000004;ABR;2025;04/2025;;
PR;2701020097;PR2701020097;PREFORMA PET 200 ML VERDE 12 g ;PREFORMA;REFRIKO 200ML;2289600;ENGEPACK;453221,74080000003;ABR;2025;04/2025;;
SP;2801020042;SP2801020042;PREFORMA 15G CRISTAL;PREFORMA;PET 500 PA;902400;GERAL;199728,19200000001;ABR;2025;04/2025;;
MS;2701020090;MS2701020090;PREFORMA 18G CRISTAL 500 ML - DESCONTINUAR;PREFORMA;REFRIKO 500ML;125280;GERAL;32151,859199999999;ABR;2025;04/2025;;
PR;2701020055;PR2701020055;PREFORMA 18G CRISTAL;PREFORMA;FURIOSO 250ML;2217600;ENVASES;569124,86399999994;ABR;2025;04/2025;;
SP;2801020041;SP2801020041;PREFORMA 18G CRISTAL 500 ML;PREFORMA;PET 500 PA;2025360;ENGEPACK;519788,39039999997;ABR;2025;04/2025;;
PR;2701020058;PR2701020058;PREFORMA 39,7G CRISTAL;PREFORMA;TERNURA LARANJA;90240;AMCOR;40156,800000000003;ABR;2025;04/2025;;
PR;2701020059;PR2701020059;PREFORMA 41G CRISTAL;PREFORMA;REFRIKO 2L;90240;ENGEPACK;47033,087999999996;ABR;2025;04/2025;;
MS;2701020059;MS2701020059;PREFORMA 41 G CRISTAL;PREFORMA;REFRIKO 2L;63168;ENGEPACK;35077,190399999999;ABR;2025;04/2025;;
PR;2701020101;PR2701020101;PREFORMA 39,7G VERDE;PREFORMA;REFRISHOW;541440;AMCOR;240940,80000000002;ABR;2025;04/2025;;
MS;2701020102;MS2701020102;PREFORMA 41 G VERDE;PREFORMA;REFRIKO 2L;496320;ENGEPACK;199173,21599999999;ABR;2025;04/2025;;
MS;2701020081;MS2701020081;PREFORMA 54,4GR CRISTAL SHORT;PREFORMA;REFRIKO 3L;26334;GERAL;14726,499480000002;ABR;2025;04/2025;;
SP;2801020032;SP2801020032;PREFORMA 31,7G CRISTAL;PREFORMA;ÁGUA 1,5L;135648;ENGEPCK;56398,36896;ABR;2025;04/2025;;
MS;2701020075;MS2701020075;PREFORMA PET 46,7GR CRISTAL;PREFORMA;FURIOSO 2L;726240;CRISTALPE;431386,56;ABR;2025;04/2025;;
MS;2701100002;MS2701100002;BENZOATO DE SODIO;ACID.E CONSERV.;REF/ENER/NOCH/TON;700;KATEC;8470;MAI;2025;05/2025;;
PR;2701100002;PR2701100002;BENZOATO DE SODIO;ACID.E CONSERV.;REF/ENER/NOCH/TON;1400;KATEC;16940;MAI;2025;05/2025;;
MS;2701090006;MS2701090006;CITRATO DE SODIO;ACID.E CONSERV.;ENERG/DELIRIO;800;KATEC;6623,9999999999991;MAI;2025;05/2025;;
MS;2701050008;MS2701050008;AROMA FRUTAS TROPICAIS;AROMA;ENERGÉTICO;150; MONARCH;22435,5;MAI;2025;05/2025;;
PR;2801050006;PR2801050006;AROMA FRUTAS TROPICAIS;AROMA;ENERGÉTICO;75;MONARCH;11217,75;MAI;2025;05/2025;;
PR;2801050021;PR2801050021;AROMA IDENTICO AO NATURAL MELANCIA;AROMA;ENERGÉTICO;300;DUAS RODAS;11151;MAI;2025;05/2025;;
MS;2701050001;MS2701050001;AROMA NATURAL MOUTHFEEL FASV259 ADM;AROMA;REFRIGERANTE;50;ADM;8270;MAI;2025;05/2025;;
PR;2701050001;PR2701050001;AROMA NATURAL MOUTHFEEL FASV259 ADM;AROMA;REFRIGERANTE;120;ADM;19848;MAI;2025;05/2025;;
PR;2801050007;PR2801050007;CONCENTRADO B. ENERGETICA AÇAI;AROMA;KIT ENERGÉTICO;9,778534923;ADM;21883,177955706982;MAI;2025;05/2025;;
MS;2701050040;MS2701050040;CONCENTRADO BEBIDAS ENERGETICA;AROMA;KIT ENERGÉTICO;104,4568245;ADM;216944,91643454038;MAI;2025;05/2025;;
PR;2801050003;PR2801050003;CONCENTRADO BEBIDAS ENERGETICA;AROMA;KIT ENERGÉTICO;174,0947075;ADM;355983,00835654599;MAI;2025;05/2025;;
MS;2701210005;MS2701210005;ALGINATO DE PROPILENO GLICOL;CERVEJARIA;OUTROS;200;PROZYN;56758,000000000007;MAI;2025;05/2025;;
MS;2701090005;MS2701090005;ANTIOXIDANTE;CERVEJARIA;OUTROS;250;AEB;7555;MAI;2025;05/2025;;
MS;2701060006;MS2701060006;CORANTE CARAMELO CERVEJA;CERVEJARIA;OUTROS;400;GERAL;2416;MAI;2025;05/2025;;
MS;2701210004;MS2701210004;ENZIMA ULTRA FLOW;CERVEJARIA;OUTROS;100;GERAL;7636;MAI;2025;05/2025;;
PR;2701050023;PR2701050023;PREP ACIDO COLA ;CONCENT./KITs;KIT COLA;150;GERAL;3750;MAI;2025;05/2025;;
MS;2701050023;MS2701050023;PREP ACIDO COLA ;CONCENT./KITs;KIT COLA;150;SAPORITI;3750;MAI;2025;05/2025;;
MS;2701050018;MS2701050018;EMULSAO LARANJA REFRIKO 98;EMULSAO;XAROPARIA;100;SAPORITI;3279,9999999999995;MAI;2025;05/2025;;
PR;2701050018;PR2701050018;EMULSAO LARANJA REFRIKO 98;EMULSAO;XAROPARIA;550;SAPORITI;18040;MAI;2025;05/2025;;
PR;2801010091;PR2801010091;ROT SLEE NOCH MARACUJA 270ML;ROTULO;SLEEVE;150000;ALL4LABELL;18000;MAI;2025;05/2025;;
PR;2801010092;PR2801010092;ROT SLEE NOCH MELANCIA E MORAN 270ML-IND;ROTULO;SLEEVE;150000;ALL4LABELL;18000;MAI;2025;05/2025;;
PR;2701010156;PR2701010156;ROTULO BOPP REFRISHOW GUARANA 2 L;ROTULO;BOPP;500000;MABFLEX;17750;MAI;2025;05/2025;;
PR;2801010099;PR2801010099;ROTULO FURIOSO 250ML;ROTULO;SLEEVE;1500000;ALL4LABELL;75565,5;MAI;2025;05/2025;;
MS;2701010191;MS2701010191;ROTULO FURIOSO 2L;ROTULO;SLEEVE;200000;GERAL;41240;MAI;2025;05/2025;;
PR;2801010097;PR2801010097;ROTULO FURIOSO MELANCIA E MORANGO 250ML;ROTULO;SLEEVE;150000;ALL4LABELL;7556,5499999999993;MAI;2025;05/2025;;
MS;2701010187;MS2701010187;ROTULO FURIOSO MELANCIA E MORANGO 2L;ROTULO;SLEEVE;150000;GERAL;30930;MAI;2025;05/2025;;
PR;2801010095;PR2801010095;ROTULO FURIOSO MELAO 250ML;ROTULO;SLEEVE;200000;ALL4LABELL;10075,4;MAI;2025;05/2025;;
MS;2701010184;MS2701010184;ROTULO FURIOSO MELAO 2L;ROTULO;SLEEVE;100000;ALL4LABELL;20620;MAI;2025;05/2025;;
PR;2801010101;PR2801010101;ROTULO FURIOSO TROPICAL 250ML;ROTULO;SLEEVE;200000;ALL4LABELL;10075,4;MAI;2025;05/2025;;
PR;2701010138;PR2701010138;ROTULO GUARANA 2L;ROTULO;BOPP;600000;MABFLEX;21299,999999999996;MAI;2025;05/2025;;
MS;2701010163;MS2701010163;ROTULO TUBA JUJUBA 2L;ROTULO;BOPP;500000;C-MAB;17750;MAI;2025;05/2025;;
PR;2701010144;PR2701010144;ROTULO REFRIKO LARANJA DQI1% 2L;ROTULO;BOPP;300000;MABFLEX;10649,999999999998;MAI;2025;05/2025;;
MS;2701240004;MS2701240004;CHAPA SEM IMPRESSAO 1000X1200 (NOVA);SEPARADOR DE CAMADAS;CHAPA;41000;CPEL;51250;MAI;2025;05/2025;;
PR;2801050014;PR2801050014;AROMA CLOUDING LEMON IN;AROMA;NOCH LEMON;0;CANCELADO;0;JUN;2025;06/2025;;
MS;2701050020;MS2701050020;EMULSÃO COLA E-0388 ADM (NOVO);EMULSAO;XAROPARIA;50;ADM;19225,5;JUL;2025;07/2025;;
PR;2701050020;PR2701050020;EMULSÃO COLA E-0388 ADM (NOVO) (usar no 500 ml);EMULSAO;XAROPARIA;50;ADM;19225,5;JUL;2025;07/2025;;
PA;10010001;PA10010001;ACUCAR CRISTAL;AÇUCAR;XAROPARIA;50000;CERTANO;113896;ABR;2025;04/2025;;
PA;10020009;PA10020009;AROMA UVA REFRIKO 84;AROMA;REFRIGERANTE;1000;SAPORITI;23500;ABR;2025;04/2025;;
PA;12030001;PA12030001;FILME STRETCH POLIETILENO 500X0023;FILME;STRETCH;500;PRISMAPACK;4900;ABR;2025;04/2025;;
PA;11040794;PA11040794;FILME TERMO - 390X0,05;FILME;REFRI;500;PRISMAPACK;5175;ABR;2025;04/2025;;
PA;11040793;PA11040793;FILME TERMO - 480X0,06;FILME;REFRI;3000;PRISMAPACK;31050;ABR;2025;04/2025;;
PA;11040005;PA11040005;FILME TERMO ENCOLHIVEL 300 MM X 0,04;FILME;REFRI;500;PRISMAPACK;5175;ABR;2025;04/2025;;
PA;11040007;PA11040007;FILME TERMO ENCOLHIVEL 420 X 0,06;FILME;REFR/ENERG.;1500;PRISMAPACK;15525;ABR;2025;04/2025;;
PA;11070032;PA11070032;PREFORMA 48GR CRISTAL OU 50,7 G;PREFORMA;PET 2,5L PA;358400;AMCOR;178483,20000000001;ABR;2025;04/2025;;
PA;11070033;PA11070033;PREFORMA 48GR VERDE OU 50,7 G;PREFORMA;PET 2,5L PA;107520;AMCOR;53544,959999999999;ABR;2025;04/2025;;
PA;11070041;PA11070041;PREFORMA PET 200 ML CRISTAL 12 G;PREFORMA;PET 200 PA;444600;ENVASES;70691,399999999994;ABR;2025;04/2025;;
PA;11070048;PA11070048;PREFORMA PET 200 ML VERDE 12 G;PREFORMA;PET 200 PA;280800;ENVASES;44647,199999999997;ABR;2025;04/2025;;
PA;11070046;PA11070046;PREFORMA 18 ou 20,6G CRISTAL;PREFORMA;PET 500 PA;414288;ENVASES;97771,967999999993;ABR;2025;04/2025;;
PA;10100003;PA10100003;ACIDO CITRICO;ACID.E CONSERV.;REF/ENER/ROM/DEL;5000;INDEMIL;50500;MAI;2025;05/2025;;
PA;10020012;PA10020012;AROMA DE GUARANA 31835 ADM;AROMA;REFRIGERANTE;300;ADM;36060;MAI;2025;05/2025;;
PA;10020001;PA10020001;AROMA DE LARANJA IDENTICO AO NATURAL;AROMA;REFRIGERANTE;27;GERAL;2096,8199999999997;MAI;2025;05/2025;;
PA;10090017;PA10090017;EMULSAO LARANJA REFRIKO 98;EMULSAO;XAROPARIA;800;SAPORITI;28800;MAI;2025;05/2025;;
PA;10020011;PA10020011;AROMA NATURAL MOUTHFEEL FASV259 ADM;AROMA;REFRIGERANTE;200;ADM;31504,000000000004;MAI;2025;05/2025;;
PA;10090295;PA10090295;CONCENTRADO COLA IAB 7729 (NOVO);CONCENT./KITs;KIT COLA;2500;INTERAMERICA;55975;MAI;2025;05/2025;;
PA;10090292;PA10090292;CORANTE AMARANTO;CORANTE;REFRIGERANTE;55;SAPORITI;3739,45;MAI;2025;05/2025;;
PA;10090056;PA10090056;CORANTE AMARELO SUNSET;CORANTE;XAROPARIA;30;SAPORITI;1255,2;MAI;2025;05/2025;;
PA;10090294;PA10090294;CORANTE CARAMELO CLASE IV DPC;CORANTE;REFRIGERANTE;300;SAPORITI;1440;MAI;2025;05/2025;;
PA;11080246;PA11080246;RÓTULO MICOS GUARANÁ 200ML;ROTULO;BOPP-PA;500000;ELLOFLEX;2950;MAI;2025;05/2025;;
PA;11080249;PA11080249;RÓTULO MICOS LARANJA 2,5L;ROTULO;BOPP-PA;500000;ELLOFLEX;16975;MAI;2025;05/2025;;
PA;11080255;PA11080255;ROTULO MICOS UVA 2L;ROTULO;BOPP-PA;200000;ELLOFLEX;8326;MAI;2025;05/2025;;
PA;10090293;PA10090293;SUCO CONCENTRADO DE MACA;SUCO;XAROPARIA;1500;INTERSUCOS;17250;MAI;2025;05/2025;;
PA;10090090;PA10090090;SUCO CONCENTRADO LARANJA;SUCO;XAROPARIA;300;INTERSUCOS;3150;MAI;2025;05/2025;;
PA;10090094;PA10090094;SUCO CONCENTRADO UVA;SUCO;XAROPARIA;300;INTERSUCOS;3150;MAI;2025;05/2025;;
PA;11090001;PA11090001;TAMPA LARANJA REFRIKO;TAMPA;PET;302400;RAVIBRAS;14113,008000000002;MAI;2025;05/2025;;
PA;11090034;PA11090034;TAMPA LILAS LISA;TAMPA;PET;302400;RAVIBRAS;14113,008000000002;MAI;2025;05/2025;;
PA;11090031;PA11090031;TAMPA VERMELHA LISA;TAMPA;PET;1512000;RAVIBRAS;70565,040000000008;MAI;2025;05/2025;;
MS;2701010118;MS2701010118;ROTULO ADESIVO TUBAINA 355ML  ;ROTULO;ADESIVO;240000;ALL4LABELL;12228;ABR;2025;04/2025;;
MS;2701160013;MS2701160013;CAIXA TUBAÍNA 12X355ML;CAIXA;TUBAINA;20000;CARTONAGEM;39400;ABR;2025;04/2025;;
MS;2701080001;MS2701080001;ACUCAR CRISTAL;AÇUCAR;XAROPARIA;110474;GERAL;203272,16;ABR;2025;04/2025;;
PR;2701080001;PR2701080001;ACUCAR CRISTAL;AÇUCAR;XAROPARIA;193200;GERAL;355488;ABR;2025;04/2025;;
MS;2701190001;MS2701190001;MALTE PILSEN BAG 1000 - BARLEY;CERVEJARIA;MALTE;236260;GERAL;777295,4;MAR;2025;03/2025;;
MS;2701190001;MS2701190001;MALTE PILSEN BAG 1000 - BARLEY;CERVEJARIA;MALTE;237820;GERAL;782427,8;ABR;2025;04/2025;;
MS;2701190004;MS2701190004;XAROPE DE HIGH MALTOSE 25KG (BREWGILL);CERVEJARIA;OUTROS;181930;GERAL;505765,39999999997;ABR;2025;04/2025;;
PA;12030001;PA12030001;FILME STRETCH POLIETILENO 500X0023;FILME;STRETCH;1500;E.P.A;14700,000000000002;MAI;2025;05/2025;;
PA;11040794;PA11040794;FILME TERMO - 390X0,05;FILME;REFRI;0;CANCELADO;0;MAI;2025;05/2025;;
PA;11040793;PA11040793;FILME TERMO - 480X0,06;FILME;REFRI;7000;E.P.A;72450;MAI;2025;05/2025;;
PA;11040005;PA11040005;FILME TERMO ENCOLHIVEL 300 MM X 0,04;FILME;REFRI;1500;PRISMAPACK;15525;MAI;2025;05/2025;;
PA;11040007;PA11040007;FILME TERMO ENCOLHIVEL 420 X 0,06;FILME;REFR/ENERG.;2500;E.P.A;25875;MAI;2025;05/2025;;
PA;10090291;PA10090291;EXTRATO DE GUARANA 200% DUAS RODAS;AROMA;REFRIGERANTE;200;DUAS RODAS;9574;MAI;2025;05/2025;;
PR;2701160004;PR2701160004;CAIXA PACK FURIOSO 4X250 ML ( PROPRIO);CAIXA;FURIOSO;65000;BLUMEN;47450;ABR;2025;04/2025;;
PR;2701090002;PR2701090002;ACIDO CITRICO;ACID.E CONSERV.;REF/ENER/ROM/DEL;12000;INDEMIL;107399,99999999999;MAI;2025;05/2025;;
PR;2801090005;PR2801090005;CITRATO DE SODIO;ACID.E CONSERV.;ENERG/DELIRIO;1000;KATEC;8280;MAI;2025;05/2025;;
PR;2701050037;PR2701050037;AROMA IDENTICO AO NATURAL FRAMBOESA 77587 SAPORITI;AROMA;REFRIGERANTE;100;SAPORITI;6200;MAI;2025;05/2025;;
MS;2701050010;MS2701050010;AROMA DE LARANJA IDENTICO AO NATURAL;AROMA;REFRIGERANTE;14;DUAS RODAS;1053,08;MAI;2025;05/2025;;
PR;2701050010;PR2701050010;AROMA DE LARANJA IDENTICO AO NATURAL;AROMA;REFRIGERANTE;54;DUAS RODAS;4061,88;MAI;2025;05/2025;;
MS;2701130007;MS2701130007;AROMA EXTRATO GUARANA REFRIKO 28;AROMA;REFRIGERANTE;300;sAPORITI;9840;MAI;2025;05/2025;;
PR;2701130007;PR2701130007;AROMA EXTRATO GUARANA REFRIKO 28;AROMA;REFRIGERANTE;1800;SAPORITI;59039,999999999993;MAI;2025;05/2025;;
MS;2701050011;MS2701050011;AROMA LIMAO REFRIKO 41;AROMA;REFRIGERANTE;50;SAPORITI;2400;MAI;2025;05/2025;;
PR;2701050011;PR2701050011;AROMA LIMAO REFRIKO 41;AROMA;REFRIGERANTE;400;SAPORITI;19200;MAI;2025;05/2025;;
PR;2801050010;PR2801050010;AROMA NATURAL DE LIMAO VERDE;AROMA;NOCH DEMAIS;23;GERAL;828;MAI;2025;05/2025;;
MS;2701050027;MS2701050027;AROMA UVA REFRIKO 84;AROMA;REFRIGERANTE;150;SAPORITI;4200;MAI;2025;05/2025;;
PR;2701050027;PR2701050027;AROMA UVA REFRIKO 84;AROMA;REFRIGERANTE;600;SAPORITI;16800;MAI;2025;05/2025;;
MS;2701050022;MS2701050022;CONCENTRADO DE GUARANA IAB 7205;AROMA;REFRIGERANTE;1600;INTERSUCOS;41392;MAI;2025;05/2025;;
PR;2701050022;PR2701050022;CONCENTRADO DE GUARANA IAB 7205;AROMA;REFRIGERANTE;4500;INTERAMERICA;122265,00000000001;MAI;2025;05/2025;;
MS;2701050002;MS2701050002;DESTILADO DE ERVAS AROMÁT PARA GIN;AROMA;JAMES COOK;1000;BRUNHOLI;19200;MAI;2025;05/2025;;
PR;2701130006;PR2701130006;EXTRATO DE GUARANA 200% DUAS RODAS;AROMA;ENERG./DELÍR.;100;DUAS RODAS;4993;MAI;2025;05/2025;;
PR;2801130002;PR2801130002;POLPA DE AÇAI DESIDRATA SOL.;AROMA;ENERGÉTICO;100;SANRISIL;5140;MAI;2025;05/2025;;
MS;2701240002;MS2701240002;CANTONEIRA DE PAPELAO 110x110x1580;CANTONEIRA;CANTONEIRA;7000;CARTONAGEM;11340;MAI;2025;05/2025;;
MS;2701060010;MS2701060010;CORANTE AMARANTO;CORANTE;DELIRIO;15;SAPORITI;1282,5;MAI;2025;05/2025;;
PR;2701060010;PR2701060010;CORANTE AMARANTO;CORANTE;REFRIGERANTE;25;SAPORITI;2137,5;MAI;2025;05/2025;;
PR;2701060009;PR2701060009;CORANTE AMARELO SUNSET;CORANTE;XAROPARIA;15;SAPORITI;684,3;MAI;2025;05/2025;;
PR;2701060008;PR2701060008;CORANTE AZUL BRILHANTE;CORANTE;ENERGÉTICO;5;SAPORITI;580;MAI;2025;05/2025;;
MS;2701060007;MS2701060007;CORANTE CARAMELO CLASE IV DPC;CORANTE;REFRIGERANTE;400;SAPORITI;3000;MAI;2025;05/2025;;
PR;2701060007;PR2701060007;CORANTE CARAMELO CLASE IV DPC;CORANTE;REFRIGERANTE;600;SAPORITI;4500;MAI;2025;05/2025;;
PR;2701060003;PR2701060003;CORANTE TARTRAZINA;CORANTE;ENERGÉTICO;5;SAPORITI;245;MAI;2025;05/2025;;
PR;2701070006;PR2701070006;ACESSULFAME DE POTASSIO;EDULCORANTE;XAROPARIA;200;QUANTIC;5706;MAI;2025;05/2025;;
MS;2701070005;MS2701070005;ASPARTAME;EDULCORANTE;XAROPARIA;75;CALDIC;4594,5;MAI;2025;05/2025;;
PR;2701070005;PR2701070005;ASPARTAME;EDULCORANTE;XAROPARIA;150;CALDIC;9189;MAI;2025;05/2025;;
MS;2701040009;MS2701040009;FILME STRETCH POLIETILENO 500X0023;FILME;STRETCH;2000;GUANAPACK;45700;MAI;2025;05/2025;;
PR;2701040009;PR2701040009;FILME STRETCH POLIETILENO 500X0023;FILME;STRETCH;2500;GUANAPACK;50000;MAI;2025;05/2025;;
MS;2701040001;MS2701040001;FILME TERMO ENCOLHIVEL 420 X 0,05;FILME;JUJ/TERN;700;PACKSEVEN;14700;MAI;2025;05/2025;;
PR;2701040004;PR2701040004;FILME TERMO ENCOLHIVEL 600 MM X 0,04 ;FILME;REFRI;1600;PACKESEVEN;22560;MAI;2025;05/2025;;
PR;2701040005;PR2701040005;FILME TERMO ENCOLHIVEL 660 MM X 0,04;FILME;ENERGÉTICO;900;PACKSEVEN;21150;MAI;2025;05/2025;;
PR;2701040006;PR2701040006;FILME TERMO ENCOLHIVEL 860/5 MM;FILME;JUJ/TERN;2800;GERAL;66010;MAI;2025;05/2025;;
PR;2701040007;PR2701040007;FILME TERMO ENCOLHIVEL 860/0,06 MM;FILME;REFR/ENERG.;9000;PACKSEVEN;212175;MAI;2025;05/2025;;
MS;2701040003;MS2701040003;FILME TERMO ENCOLHÍVEL DE 560X006;FILME;DIVERSOS;1800;PACKESEVEN;42300;MAI;2025;05/2025;;
SP;2801040018;SP2801040018;FILME TERMOENCOLHIVEL LISO 390X0,05MM                    ;FILME;ÁGUA 500;2300;PACKSEVEN;54222,5;MAI;2025;05/2025;;
SP;2801040017;SP2801040017;FILME TERMO ENCOLHIVEL 420X0,05MM;FILME;AGUA 1,5L;500;PACKSEVEN;10500;MAI;2025;05/2025;;
MS;2701040015;MS2701040015;FILME TERMOENCOLHIVEL LISO 380X0,06MM;FILME;VIDRO;600;PACKSEVEN;12600;MAI;2025;05/2025;;
MS;2701040002;MS2701040002;FILME TERMO ENCOLHIVEL 420 X 0,06;FILME;REFR/ENERG.;1500;PACKSEVEN;35250;MAI;2025;05/2025;;
MS;2701040012;MS2701040012;SHRINK MOEMA 269ML - 350X0,06;FILME;MOEMA;1000;PACKSEVEN;14500;MAI;2025;05/2025;;
MS;2701040011;MS2701040011;SHRINK MOEMA 350ML - 390X0,06;FILME;MOEMA;12000;PACKSEVEN;378120;MAI;2025;05/2025;;
PR;2801020035;PR2801020035;PREFORMA PET 200 ML CRISTAL 12 g;PREFORMA;REFRIKO 200ML;610560;ENGEPACK;120859,13088000001;MAI;2025;05/2025;;
PR;2801020053;PR2801020053;PREFORMA PET 200 ML VERDE 12 g;PREFORMA;REFRIKO 200ML;2136960;ENGEPACK;423006,95808000001;MAI;2025;05/2025;;
SP;2801020042;SP2801020042;PREFORMA 15G CRISTAL;PREFORMA;PET 500 PA;1152000;CRISTALPET;254972,16;MAI;2025;05/2025;;
PR;2701020055;PR2701020055;PREFORMA 18G CRISTAL;PREFORMA;FURIOSO 250ML;1411200;ENGEPACK;362170,36799999996;MAI;2025;05/2025;;
SP;2801020041;SP2801020041;PREFORMA 18G CRISTAL 500 ML;PREFORMA;PET 500 PA;2088000;CRISTALPET;535864,31999999995;MAI;2025;05/2025;;
PR;2701020058;PR2701020058;PREFORMA 39,7G CRISTAL;PREFORMA;TERNURA LARANJA;108288;Amcor;48188,160000000003;MAI;2025;05/2025;;
PR;2701020059;PR2701020059;PREFORMA 41G CRISTAL;PREFORMA;REFRIKO 2L;469248;ENGEPACK;244572,0576;MAI;2025;05/2025;;
MS;2701020059;MS2701020059;PREFORMA 41 G CRISTAL;PREFORMA;REFRIKO 2L;153408;ENVASES;85187,462400000004;MAI;2025;05/2025;;
PR;2701020101;PR2701020101;PREFORMA 39,7G VERDE;PREFORMA;REFRISHOW;586560;Amcor;261019,2;MAI;2025;05/2025;;
PR;2701020102;PR2701020102;PREFORMA 41G VERDE;PREFORMA;REFRIKO 2L;829056;ENVA/ENGEPACK;432103,98719999997;MAI;2025;05/2025;;
MS;2701020102;MS2701020102;PREFORMA 41 G VERDE;PREFORMA;REFRIKO 2L;297792;GERAL;119503,9296;MAI;2025;05/2025;;
MS;2701020109;MS2701020109;PREFORMA 54,4GR VERDE SHORT;PREFORMA;REFRIKO 3L;43890;ENVASES;24544,165800000002;MAI;2025;05/2025;;
SP;2801020032;SP2801020032;PREFORMA 31,7G CRISTAL;PREFORMA;ÁGUA 1,5L;45216;CRISTALPET;18799,456319999998;MAI;2025;05/2025;;
MS;2701020075;MS2701020075;PREFORMA PET 46,7GR CRISTAL;PREFORMA;FURIOSO 2L;85440;ENVASES;50751,360000000001;MAI;2025;05/2025;;
PR;2701020075;PR2701020075;PREFORMA PET 46,7GR CRISTAL ;PREFORMA;FURIOSO 2L;683520;ENGEPACK;469911,79775999999;MAI;2025;05/2025;;
MS;2701010116;MS2701010116;ROTULO ADESIVO TUBAINA 300ML;ROTULO;ADESIVO;200000;ALL4LABELL;7996;MAI;2025;05/2025;;
MS;2701010119;MS2701010119;ROTULO BAMBOA TRADICIONAL VODKA;ROTULO;ADESIVO;200000;ALL4LABELL;15400;MAI;2025;05/2025;;
PR;2801010100;PR2801010100;ROTULO FURIOSO 2L;ROTULO;SLEEVE;300000;ALL4LABELL;61860;MAI;2025;05/2025;;
PR;2701010161;PR2701010161;ROTULO TERNURA TUBAINA 2L;ROTULO;BOPP;300000;MABFLEX;10649,999999999998;MAI;2025;05/2025;;
MS;2701130009;MS2701130009;SUCO CONCENTRADO DE MACA;SUCO;XAROPARIA;400;INTERSUCOS;4800;MAI;2025;05/2025;;
PR;2701130009;PR2701130009;SUCO CONCENTRADO DE MACA;SUCO;XAROPARIA;1300;INTERSUCOS;15600;MAI;2025;05/2025;;
MS;2701130001;MS2701130001;SUCO CONCENTRADO LARANJA;SUCO;XAROPARIA;100;INTERSUCOS;1200;MAI;2025;05/2025;;
PR;2701130001;PR2701130001;SUCO CONCENTRADO LARANJA;SUCO;XAROPARIA;100;INTERSUCOS;1200;MAI;2025;05/2025;;
PR;2701130002;PR2701130002;SUCO CONCENTRADO LIMÃO;SUCO;XAROPARIA;100;INTERSUCOS;1650;MAI;2025;05/2025;;
MS;2701130003;MS2701130003;SUCO CONCENTRADO UVA;SUCO;XAROPARIA;100;INTERSUCOS;1300;MAI;2025;05/2025;;
PR;2701130003;PR2701130003;SUCO CONCENTRADO UVA;SUCO;XAROPARIA;400;INTERSUCOS;5200;MAI;2025;05/2025;;
MS;2701030037;MS2701030037;TAMPA AMARELA LISA;TAMPA;PET;1512000;OXFORD;74088;MAI;2025;05/2025;;
PR;2701030037;PR2701030037;TAMPA AMARELA LISA;TAMPA;PET;3024000;OXFORD;134416,80000000002;MAI;2025;05/2025;;
PR;2801030015;PR2801030015;TAMPA DOURADA LISA;TAMPA;PET;302400;OXFORD;13103,899200000002;MAI;2025;05/2025;;
PR;2701030043;PR2701030043;TAMPA LARANJA REFRIKO;TAMPA;PET;907200;OXFORD;40325,040000000001;MAI;2025;05/2025;;
MS;2701030044;MS2701030044;TAMPA LILAS LISA;TAMPA;PET;151200;OXFORD;7408,8;MAI;2025;05/2025;;
PR;2701030044;PR2701030044;TAMPA LILAS LISA;TAMPA;PET;302400;OXFORD;13441,68;MAI;2025;05/2025;;
PR;2701030048;PR2701030048;TAMPA ROSA MAGENTA REFRIKO;TAMPA;PET;151200;OXFORD;6720,84;MAI;2025;05/2025;;
SP;2801030014;SP2801030014;TAMPA PLASTICA AZUL OMNI                             ;TAMPA;PET;453600;OPS;19655,8488;MAI;2025;05/2025;;
SP;2801030017;SP2801030017;TAMPA PLASTICA PRETA OMNI 120 COM VEDANTE;TAMPA;PET;1360800;OPS;58967,546400000007;MAI;2025;05/2025;;
PR;2701030049;PR2701030049;TAMPA VERDE REFRIKO;TAMPA;PET;2268000;OXFORD;100812,6;MAI;2025;05/2025;;
PR;2701030050;PR2701030050;TAMPA VERMELHA LISA;TAMPA;PET;302400;OXFORD;13441,68;MAI;2025;05/2025;;
PR;3002020007;PR3002020007;CARVÃO ATIVADO;TERRA;XAROPARIA;40;GUARAMEX;500;MAI;2025;05/2025;;
MS;3002020010;MS3002020010;TERRA CELITE DIATOMITA 2500/535;TERRA;CERVEJARIA;7967,7;VENETO;70115,760000000009;MAI;2025;05/2025;;
MS;3002020009;MS3002020009;TERRA CELITE DIATOMITA SPEEDFLOW/STANDARD (VERMELHO);TERRA;CERVEJARIA;2655,9;VENETO;23371,919999999998;MAI;2025;05/2025;;
MS;3002020011;MS3002020011;TERRA DIATOMITA 341/HYFLOW (AZUL);TERRA;XAROPARIA;182;VENETO;1601,6000000000001;MAI;2025;05/2025;;
MS;2701150006;MS2701150006;VASILHAME AMBAR 300ML - LITRINHO;VASILHAME;NORMAL;101640;VIDROPORTO;75213,600000000006;MAI;2025;05/2025;;
MS;2701150001;MS2701150001;VASILHAME GINGUALA 970ML;VASILHAME;NORMAL;84480;VIDROPORTO;132633,60000000001;MAI;2025;05/2025;;
MS;2701150005;MS2701150005;VASILHAME SPIDER 900ML GIN/VODKA;VASILHAME;JAMES COOK;39424;VIDRO PORTO;90675,199999999997;MAI;2025;05/2025;;
MS;2701150009;MS2701150009;VASILHAME TUBAINA CRISTAL LONGNECK 355ML;VASILHAME;NORMAL;92400;VIDROPORTO;48972;MAI;2025;05/2025;;
MS;2701150004;MS2701150004;VASILHAME OW 600ML (BELLA ROMA);VASILHAME;NORMAL;113400;VERALLIA;128141,99999999999;MAI;2025;05/2025;;
PR;2701050001;PR2701050001;AROMA NATURAL MOUTHFEEL FASV259 ADM;AROMA;REFRIGERANTE;300;ADM;49620;JUN;2025;06/2025;;
MS;2701050040;MS2701050040;CONCENTRADO BEBIDAS ENERGETICA;AROMA;KIT ENERGÉTICO;69,63788301;ADM;144629,94428969361;JUN;2025;06/2025;;
PR;2801050003;PR2801050003;CONCENTRADO BEBIDAS ENERGETICA;AROMA;KIT ENERGÉTICO;243,7325905;ADM;498376,21169916436;JUN;2025;06/2025;;
MS;2701160012;MS2701160012;CX 12X300ML - TUBAINA;CAIXA;TUBAINA;20000;CARTONAGEM;33800;JUN;2025;06/2025;;
MS;2701160011;MS2701160011;CX ONE WAY BAMBOA 12X330ML;CAIXA;CERVEJA;10000;CARTONAGEM;18400;JUN;2025;06/2025;;
MS;2701090003;MS2701090003;ACIDO LACTICO - IBC;CERVEJARIA;OUTROS;1000;KATEC;10410;JUN;2025;06/2025;;
MS;2701210005;MS2701210005;ALGINATO DE PROPILENO GLICOL;CERVEJARIA;OUTROS;200;PROZYN;56758,000000000007;JUN;2025;06/2025;;
MS;2701090005;MS2701090005;ANTIOXIDANTE;CERVEJARIA;OUTROS;300;AEB;9066;JUN;2025;06/2025;;
MS;2701060006;MS2701060006;CORANTE CARAMELO CERVEJA;CERVEJARIA;OUTROS;400;GERAL;2416;JUN;2025;06/2025;;
MS;2701210004;MS2701210004;ENZIMA ULTRA FLOW;CERVEJARIA;OUTROS;100;PROZYN ;7636;JUN;2025;06/2025;;
MS;2701210002;MS2701210002;SILICA HP 9000;CERVEJARIA;OUTROS;2200;GRACE;79222;JUN;2025;06/2025;;
MS;2701120001;MS2701120001;PREMIX ENERG EMULVIT 8942;CONCENT./KITs;C.ENERGETICO;1500;CALDIC;27075;JUN;2025;06/2025;;
PR;2801120002;PR2801120002;PREMIX ENERG EMULVIT 8942;CONCENT./KITs;C.ENERGETICO;1000;CALDIC;18050;JUN;2025;06/2025;;
PR;2701050023;PR2701050023;PREP ACIDO COLA ;CONCENT./KITs;KIT COLA;275;SAPORITI;6875;JUN;2025;06/2025;;
MS;2701050023;MS2701050023;PREP ACIDO COLA ;CONCENT./KITs;KIT COLA;125;SAPORITI;3125;JUN;2025;06/2025;;
MS;2701070004;MS2701070004;CICLAMATO DE SÓDIO ;EDULCORANTE;XAROPARIA;75;CALDIC;1063,5;JUN;2025;06/2025;;
PR;2701070004;PR2701070004;CICLAMATO DE SÓDIO ;EDULCORANTE;XAROPARIA;275;CALDIC;3899,5;JUN;2025;06/2025;;
PR;2701070003;PR2701070003;NEOTAME;EDULCORANTE;XAROPARIA;20;SAPORITI;3886;JUN;2025;06/2025;;
MS;2701070002;MS2701070002;SACARINA SÓDICA;EDULCORANTE;XAROPARIA;25;CALDIC;741,25;JUN;2025;06/2025;;
PR;2701070002;PR2701070002;SACARINA SÓDICA;EDULCORANTE;XAROPARIA;175;CALDIC;5188,75;JUN;2025;06/2025;;
MS;2701070001;MS2701070001;SUCRALOSE;EDULCORANTE;XAROPARIA;50;CALDIC;4215;JUN;2025;06/2025;;
PR;2701070001;PR2701070001;SUCRALOSE;EDULCORANTE;XAROPARIA;250;CALDIC;22000;JUN;2025;06/2025;;
MS;2701050018;MS2701050018;EMULSAO LARANJA REFRIKO 98;EMULSAO;XAROPARIA;350;SAPORITI;11479,999999999998;JUN;2025;06/2025;;
PR;2701050018;PR2701050018;EMULSAO LARANJA REFRIKO 98;EMULSAO;XAROPARIA;900;SAPORITI;29519,999999999996;JUN;2025;06/2025;;
SP;2801040014;SP2801040014;FILME STRETCH POLIETILENO 500X0023;FILME;STRETCH;500;MEGA PACK;11425;AGO;2025;08/2025;;
MS;2701040009;MS2701040009;FILME STRETCH POLIETILENO 500X0023;FILME;STRETCH;3200;MEGA PACK;73120;AGO;2025;08/2025;;
PR;2701040009;PR2701040009;FILME STRETCH POLIETILENO 500X0023;FILME;STRETCH;1600;PACKSEVEN;32000;AGO;2025;08/2025;;
MS;2701040001;MS2701040001;FILME TERMO ENCOLHIVEL 420 X 0,05;FILME;JUJ/TERN;1000;MEGA PACK;21000;AGO;2025;08/2025;;
PR;2701040004;PR2701040004;FILME TERMO ENCOLHIVEL 600 MM X 0,04 ;FILME;REFRI;1600;E.P.A;22560;JUN;2025;06/2025;;
PR;2701040005;PR2701040005;FILME TERMO ENCOLHIVEL 660 MM X 0,04;FILME;ENERGÉTICO;1300;MEGA PACK;30550;AGO;2025;08/2025;;
PR;2701040006;PR2701040006;FILME TERMO ENCOLHIVEL 860/5 MM;FILME;JUJ/TERN;2300;PACKSEVEN;54222,5;AGO;2025;08/2025;;
PR;2701040007;PR2701040007;FILME TERMO ENCOLHIVEL 860/0,06 MM;FILME;REFR/ENERG.;5200;MEGA PACK;122590;AGO;2025;08/2025;;
MS;2701040003;MS2701040003;FILME TERMO ENCOLHÍVEL DE 560X006;FILME;DIVERSOS;1000;PACKESEVEN;23500;AGO;2025;08/2025;;
SP;2801040018;SP2801040018;FILME TERMOENCOLHIVEL LISO 390X0,05MM                    ;FILME;ÁGUA 500;2600;MEGAPACK;61295;AGO;2025;08/2025;;
MS;2701040015;MS2701040015;FILME TERMOENCOLHIVEL LISO 380X0,06MM;FILME;VIDRO;1300;PACKSEVEN;27300;AGO;2025;08/2025;;
MS;2701040002;MS2701040002;FILME TERMO ENCOLHIVEL 420 X 0,06;FILME;REFR/ENERG.;2400;MEGAPACK;56400;AGO;2025;08/2025;;
PR;2801010089;PR2801010089;ROTULO BOMBADÃO 2L;ROTULO;SLEEVE;200000;MABFLEX ;42571,199999999997;JUN;2025;06/2025;;
PR;2801010099;PR2801010099;ROTULO FURIOSO 250ML;ROTULO;SLEEVE;1300000;ALL4LABELL;65490,1;JUN;2025;06/2025;;
MS;2701010191;MS2701010191;ROTULO FURIOSO 2L;ROTULO;SLEEVE;200000;ALL4LABELL;41240;JUN;2025;06/2025;;
PR;2801010100;PR2801010100;ROTULO FURIOSO 2L;ROTULO;SLEEVE;200000;CCL INDUSTRIES;41240;JUN;2025;06/2025;;
MS;2701010187;MS2701010187;ROTULO FURIOSO MELANCIA E MORANGO 2L;ROTULO;SLEEVE;200000;ALL4LABELL;41240;JUN;2025;06/2025;;
PR;2701010138;PR2701010138;ROTULO GUARANA 2L;ROTULO;BOPP;300000;MABFLEX;10649,999999999998;JUN;2025;06/2025;;
PR;2701010137;PR2701010137;ROTULO GUARANA REDUZIDO 200 ML ;ROTULO;BOPP;1500000;TRIA;12000;JUN;2025;06/2025;;
PR;2701010141;PR2701010141;ROTULO GUARANA 200 ML ZERO ;ROTULO;BOPP;500000;TRIA;4000;JUN;2025;06/2025;;
PR;2701010142;PR2701010142;ROTULO GUARANA 2 LT ZERO;ROTULO;BOPP;200000;MABFLEX;7099,9999999999991;JUN;2025;06/2025;;
PR;2701010149;PR2701010149;ROTULO REFRIKO TUBAÍNA 200 ML ;ROTULO;BOPP;1500000;TRIA;12000;JUN;2025;06/2025;;
PR;2701010150;PR2701010150;ROTULO TUBAINA 2L;ROTULO;BOPP;400000;MABFLEX;14199,999999999998;JUN;2025;06/2025;;
PR;2701010144;PR2701010144;ROTULO REFRIKO LARANJA DQI1% 2L;ROTULO;BOPP;200000;MABFLEX;7099,9999999999991;JUN;2025;06/2025;;
PR;2701010155;PR2701010155;ROTULO REFRIKO UVA DQI1% 2L;ROTULO;BOPP;300000;MABFLEX ;10649,999999999998;JUN;2025;06/2025;;
PR;2701010147;PR2701010147;ROTULO REFRIKO LIMÃO DQI1% 2L;ROTULO;BOPP;200000;MABFLEX;7099,9999999999991;JUN;2025;06/2025;;
PR;2701010143;PR2701010143;ROTULO REFRIKO LARANJA DQI1% 200 ML ;ROTULO;BOPP;1500000;TRIA;12000;JUN;2025;06/2025;;
PR;2701010146;PR2701010146;ROTULO REFRIKO LIMÃO DQI1% 200 ML ;ROTULO;BOPP;1500000;TRIA;12000;JUN;2025;06/2025;;
MS;2701240004;MS2701240004;CHAPA SEM IMPRESSAO 1000X1200 (NOVA);SEPARADOR DE CAMADAS;CHAPA;41000;CPEL;51250;JUN;2025;06/2025;;
PA;10010001;PA10010001;ACUCAR CRISTAL;AÇUCAR;XAROPARIA;41000;GERAL;93394,72;MAI;2025;05/2025;;
PA;10010001;PA10010001;ACUCAR CRISTAL;AÇUCAR;XAROPARIA;41000;GERAL;93394,72;MAI;2025;05/2025;;
PA;10010001;PA10010001;ACUCAR CRISTAL;AÇUCAR;XAROPARIA;41000;GERAL;93394,72;MAI;2025;05/2025;;
PA;10010001;PA10010001;ACUCAR CRISTAL;AÇUCAR;XAROPARIA;41000;GERAL;93394,72;MAI;2025;05/2025;;
PA;10010001;PA10010001;ACUCAR CRISTAL;AÇUCAR;XAROPARIA;41000;GERAL;93394,72;MAI;2025;05/2025;;
PA;10100012;PA10100012;BENZOATO DE SODIO;ACID.E CONSERV.;REF/ENER/NOCH/TON;1000;KATEC ;10352;MAI;2025;05/2025;;
PA;11070047;PA11070047;PREFORMA 18 ou 20,6G VERDE;PREFORMA;PET 500 PA;125280;GERAL;29566,079999999998;MAI;2025;05/2025;;
PA;11070012;PA11070012;PREFORMA 46,0G CRISTAL OU 45,7 G;PREFORMA;PET 2L PA;439296;AMCOR;215255,04000000001;MAI;2025;05/2025;;
PA;11070013;PA11070013;PREFORMA 46,0G VERDE OU 45,7 G;PREFORMA;PET 2L PA;202752;AMCOR;99348,479999999996;JUN;2025;06/2025;;
PA;11070032;PA11070032;PREFORMA 48GR CRISTAL OU 50,7 G;PREFORMA;PET 2,5L PA;779520;AMCOR;388200,96000000002;JUN;2025;06/2025;;
PA;11070033;PA11070033;PREFORMA 48GR VERDE OU 50,7 G;PREFORMA;PET 2,5L PA;403200;AMCOR;200793,60000000001;MAI;2025;05/2025;;
PA;11070041;PA11070041;PREFORMA PET 200 ML CRISTAL 12 G;PREFORMA;PET 200 PA;396864;ENVASES;63101,376000000004;MAI;2025;05/2025;;
PA;11070048;PA11070048;PREFORMA PET 200 ML VERDE 12 G;PREFORMA;PET 200 PA;213696;ENVASES;33977,663999999997;MAI;2025;05/2025;;
PA;10090273;PA10090273;ACESSULFAME DE POTASSIO;EDULCORANTE;XAROPARIA;100;QUANTIQ;3490;JUN;2025;06/2025;;
PA;10090017;PA10090017;EMULSAO LARANJA REFRIKO 98;EMULSAO;XAROPARIA;1000;SAPORITI;36000;JUN;2025;06/2025;;
PA;10020011;PA10020011;AROMA NATURAL MOUTHFEEL FASV259 ADM;AROMA;REFRIGERANTE;100;ADM;15752,000000000002;JUN;2025;06/2025;;
PA;10020009;PA10020009;AROMA UVA REFRIKO 84;AROMA;REFRIGERANTE;1000;SAPORITI;23500;JUN;2025;06/2025;;
PA;10090100;PA10090100;ASPARTAME;EDULCORANTE;XAROPARIA;250;QUANTIQ;17597,5;JUN;2025;06/2025;;
PA;10100024;PA10100024;CICLAMATO DE SÓDIO ;EDULCORANTE;XAROPARIA;300;QUANTIQ;5961;JUN;2025;06/2025;;
PA;10090295;PA10090295;CONCENTRADO COLA IAB 7729 (NOVO);CONCENT./KITs;KIT COLA;3800;INTERAMERICA;85082;JUN;2025;06/2025;;
PA;10090292;PA10090292;CORANTE AMARANTO;CORANTE;REFRIGERANTE;50;SAPORITI;3399,4999999999995;JUN;2025;06/2025;;
PA;10090037;PA10090037;CORANTE AZUL BRILHANTE;CORANTE;ENERGÉTICO;10;SAPORITI;993,7;JUN;2025;06/2025;;
PA;10090294;PA10090294;CORANTE CARAMELO CLASE IV DPC;CORANTE;REFRIGERANTE;200;SAPORITI;960;JUN;2025;06/2025;;
PA;10090291;PA10090291;EXTRATO DE GUARANA 200% DUAS RODAS;AROMA;REFRIGERANTE;150;GERAL;7180,5;JUN;2025;06/2025;;
PA;11080241;PA11080241;RÓTULO MICOS COLA 2,5L;ROTULO;BOPP-PA;400000;ELLOFLEX;13580;JUN;2025;06/2025;;
PA;11080242;PA11080242;RÓTULO MICOS COLA 200ML;ROTULO;BOPP-PA;500000;ELLOFLEX;2950;JUN;2025;06/2025;;
PA;11080243;PA11080243;ROTULO MICOS COLA 2L;ROTULO;BOPP-PA;200000;ELLOFLEX;8326;JUN;2025;06/2025;;
PA;11080247;PA11080247;ROTULO MICOS GUARANA 2L;ROTULO;BOPP-PA;200000;ELLOFLEX;8326;JUN;2025;06/2025;;
PA;11080251;PA11080251;ROTULO MICOS LARANJA 2L;ROTULO;BOPP-PA;200000;ELLOFLEX;8326;JUN;2025;06/2025;;
PA;11080253;PA11080253;RÓTULO MICOS UVA 2,5L;ROTULO;BOPP-PA;250000;ELLOFLEX;8487,5;JUN;2025;06/2025;;
PA;11080256;PA11080256;ROTULO MICOS UVA 500ML;ROTULO;BOPP-PA;200000;ELLOFLEX;6746,0000000000009;JUN;2025;06/2025;;
PA;10090293;PA10090293;SUCO CONCENTRADO DE MACA;SUCO;XAROPARIA;2200;INTERSUCOS;25300;JUN;2025;06/2025;;
PA;10090090;PA10090090;SUCO CONCENTRADO LARANJA;SUCO;XAROPARIA;350;INTERSUCOS;3675;JUN;2025;06/2025;;
PA;10090094;PA10090094;SUCO CONCENTRADO UVA;SUCO;XAROPARIA;350;INTERSUCOS;3675;JUN;2025;06/2025;;
PA;10090071;PA10090071;SUCRALOSE;EDULCORANTE;XAROPARIA;150;QUANTIQ;17109;JUN;2025;06/2025;;
PA;11040006;PA11040006;FILME TERMO ENCOLHIVEL 330 MM X 0,04;FILME;ENERGÉTICO;2000;PRISMAPACK;20700;MAI;2025;05/2025;;
MS;2701150003;MS2701150003;VASILHAME NOVO 330ML;VASILHAME;LONGNECK;102400;VIDROPORTO;90112;MAI;2025;05/2025;;
MS;2701080001;MS2701080001;ACUCAR CRISTAL;AÇUCAR;XAROPARIA;156000;RAIZEN;287040;MAI;2025;05/2025;;
PR;2701080001;PR2701080001;ACUCAR CRISTAL;AÇUCAR;XAROPARIA;300093;RAIZEN;552171,12;MAI;2025;05/2025;;
MS;2701170003;MS2701170003;VINHO DE MESA TINTO SECO GRANEL;VINHO;TANQUE;42000; GAZZI;176400;MAI;2025;05/2025;;
MS;2701170003;MS2701170003;VINHO DE MESA TINTO SECO GRANEL;VINHO;TANQUE;42000; GAZZI;176400;MAI;2025;05/2025;;
MS;2701170003;MS2701170003;VINHO DE MESA TINTO SECO GRANEL;VINHO;TANQUE;42000; GAZZI;176400;MAI;2025;05/2025;;
PR;2801170001;PR2801170001;AGUARDENTE DE CANA CACHACA LT;CACHAÇA;TANQUE;19740; TIROLLI;44612,399999999994;MAI;2025;05/2025;;
PR;2801170001;PR2801170001;AGUARDENTE DE CANA CACHACA LT;CACHAÇA;TANQUE;19890; TIROLLI;44951,399999999994;MAI;2025;05/2025;;
PR;2801170001;PR2801170001;AGUARDENTE DE CANA CACHACA LT;CACHAÇA;TANQUE;19910; TIROLLI;44996,6;MAI;2025;05/2025;;
MS;2701030049;MS2701030049;TAMPA VERDE REFRIKO;TAMPA;PET;453600;OXFORD;22226,400000000001;ABR;2025;04/2025;;
MS;2701140029;MS2701140029;TAMPA - LATA 350/269/473ML - B64;TAMPA;LATA;7188480;CROWN;1725235,2;JUN;2025;06/2025;;
MS;2701190001;MS2701190001;MALTE PILSEN BAG 1000 - BARLEY;CERVEJARIA;MALTE;166580;GERAL;548048,19999999995;MAI;2025;05/2025;;
MS;2701190004;MS2701190004;XAROPE DE HIGH MALTOSE 25KG (BREWGILL);CERVEJARIA;OUTROS;119880;GERAL;333266,39999999997;MAI;2025;05/2025;;
MS;2701190004;MS2701190004;XAROPE DE HIGH MALTOSE 25KG (BREWGILL);CERVEJARIA;OUTROS;30000;GERAL;83400;JUN;2025;06/2025;;
MS;2701190004;MS2701190004;XAROPE DE HIGH MALTOSE 25KG (BREWGILL);CERVEJARIA;OUTROS;30000;GERAL;83400;JUN;2025;06/2025;;
MS;2701190004;MS2701190004;XAROPE DE HIGH MALTOSE 25KG (BREWGILL);CERVEJARIA;OUTROS;30000;GERAL;83400;JUN;2025;06/2025;;
MS;2701190004;MS2701190004;XAROPE DE HIGH MALTOSE 25KG (BREWGILL);CERVEJARIA;OUTROS;31740;GERAL;88237,2;JUN;2025;06/2025;;
MS;2701190004;MS2701190004;XAROPE DE HIGH MALTOSE 25KG (BREWGILL);CERVEJARIA;OUTROS;0;GERAL;0;JUN;2025;06/2025;;
MS;2701190004;MS2701190004;XAROPE DE HIGH MALTOSE 25KG (BREWGILL);CERVEJARIA;OUTROS;179880;GERAL;500066,39999999997;JUL;2025;07/2025;;
PR;2701100002;PR2701100002;BENZOATO DE SODIO;ACID.E CONSERV.;REF/ENER/NOCH/TON;1200;KATEC;14520;JUN;2025;06/2025;;
MS;2701090006;MS2701090006;CITRATO DE SODIO;ACID.E CONSERV.;ENERG/DELIRIO;500;TOTAL INGREDIENTES;4140;JUN;2025;06/2025;;
MS;2701130007;MS2701130007;AROMA EXTRATO GUARANA REFRIKO 28;AROMA;REFRIGERANTE;200;SARAPOTI;6559,9999999999991;JUN;2025;06/2025;;
PR;2701130007;PR2701130007;AROMA EXTRATO GUARANA REFRIKO 28;AROMA;REFRIGERANTE;450;SAPORITI;14759,999999999998;JUN;2025;06/2025;;
MS;2701050008;MS2701050008;AROMA FRUTAS TROPICAIS;AROMA;ENERGÉTICO;100;MONARCH;14957;JUN;2025;06/2025;;
PR;2801050006;PR2801050006;AROMA FRUTAS TROPICAIS;AROMA;ENERGÉTICO;50;MONARCH;7478,5;JUN;2025;06/2025;;
PR;2801050025;PR2801050025;AROMA IDENTICO AO NATURAL MORANGO;AROMA;ENERGÉTICO;100;DUAS RODAS;7588;JUN;2025;06/2025;;
MS;2701050011;MS2701050011;AROMA LIMAO REFRIKO 41;AROMA;REFRIGERANTE;100;SAPORITI;4800;JUN;2025;06/2025;;
PR;2701050011;PR2701050011;AROMA LIMAO REFRIKO 41;AROMA;REFRIGERANTE;100;SAPORITI;4800;JUN;2025;06/2025;;
MS;2701050013;MS2701050013;AROMA MAÇA VERDE COD;AROMA;ENERGÉTICO;100;DUAS RODAS;4645;JUN;2025;06/2025;;
MS;2701050019;MS2701050019;AROMA MELAO ;AROMA;ENERGÉTICO;150;DUAS RODAS;8845,5;JUN;2025;06/2025;;
PR;2801130003;PR2801130003;AROMA QUININO;AROMA;MALDIVES;10;GERAL;15960;JUL;2025;07/2025;;
PR;2701050027;PR2701050027;AROMA UVA REFRIKO 84;AROMA;REFRIGERANTE;150;SAPORITI;4200;JUN;2025;06/2025;;
MS;2701050022;MS2701050022;CONCENTRADO DE GUARANA IAB 7205;AROMA;REFRIGERANTE;1000;INTERAMERICAS;25870;JUN;2025;06/2025;;
PR;2701050022;PR2701050022;CONCENTRADO DE GUARANA IAB 7205;AROMA;REFRIGERANTE;2600;INTERAMERICA;70642;JUN;2025;06/2025;;
MS;2701250001;MS2701250001;CLORETO DE CALCIO - IBC;CERVEJARIA;OUTROS;600;MATRIX;2442;JUN;2025;06/2025;;
MS;2701200002;MS2701200002;LUPULO LSKE;CERVEJARIA;LUPULO;29;LNF LATINO;29506,63;JUN;2025;06/2025;;
PR;2801050038;PR2801050038;EMULSAO SABOR CITRUS;EMULSAO;XAROPARIA;20;DUAS RODAS;2014,8;JUN;2025;06/2025;;
MS;2701040011;MS2701040011;SHRINK MOEMA 350ML - 390X0,06;FILME;MOEMA;10000;PATENA;315100;AGO;2025;08/2025;;
PR;2801020035;PR2801020035;PREFORMA PET 200 ML CRISTAL 12 g;PREFORMA;REFRIKO 200ML;881664;ENGEPACK;174523,62547200001;JUN;2025;06/2025;;
PR;2801020053;PR2801020053;PREFORMA PET 200 ML VERDE 12 g;PREFORMA;REFRIKO 200ML;1239840;ENGEPACK;245423,84832000002;JUN;2025;06/2025;;
SP;2801020042;SP2801020042;PREFORMA 15G CRISTAL;PREFORMA;PET 500 PA;1657152;CRISTALPET;366777,45215999999;JUN;2025;06/2025;;
PR;2701020055;PR2701020055;PREFORMA 18G CRISTAL;PREFORMA;FURIOSO 250ML;2564640;GERAL;658189,20959999994;JUN;2025;06/2025;;
SP;2801020041;SP2801020041;PREFORMA 18G CRISTAL 500 ML;PREFORMA;PET 500 PA;789120;GERAL;202519,75679999997;JUN;2025;06/2025;;
PR;2701020058;PR2701020058;PREFORMA 39,7G CRISTAL;PREFORMA;TERNURA LARANJA;144384;Amcor;64250,879999999997;JUN;2025;06/2025;;
PR;2701020059;PR2701020059;PREFORMA 41G CRISTAL;PREFORMA;REFRIKO 2L;309024;ENGEPACK;161063,3088;JUN;2025;06/2025;;
PR;2701020101;PR2701020101;PREFORMA 39,7G VERDE;PREFORMA;REFRISHOW;667776;GERAL;297160,32000000001;JUN;2025;06/2025;;
PR;2701020102;PR2701020102;PREFORMA 41G VERDE;PREFORMA;REFRIKO 2L;250560;ENGEPACK;130591,872;JUN;2025;06/2025;;
SP;2801020032;SP2801020032;PREFORMA 31,7G CRISTAL;PREFORMA;ÁGUA 1,5L;79128;ENVASES;32899,048559999996;JUN;2025;06/2025;;
MS;2701020075;MS2701020075;PREFORMA PET 46,7GR CRISTAL;PREFORMA;FURIOSO 2L;434304;ENVASES;257976,576;JUN;2025;06/2025;;
MS;2701010171;MS2701010171;ROTULO GUARANA 600ML;ROTULO;PAPEL;200000;LITOBANO;5160;JUN;2025;06/2025;;
MS;2701010174;MS2701010174;ROTULO TUBAINA 600ML;ROTULO;PAPEL;200000;LITOBANO;5160;JUN;2025;06/2025;;
PR;2701030037;PR2701030037;TAMPA AMARELA LISA;TAMPA;PET;3024000;OXFORD;134416,80000000002;JUN;2025;06/2025;;
MS;2701030041;MS2701030041;TAMPA AZUL BAMBOA (VODKA BAMBOA);TAMPA;VIDRO NAC;200000;BRASTAMPAS;60000;JUN;2025;06/2025;;
PR;2701030043;PR2701030043;TAMPA LARANJA REFRIKO;TAMPA;PET;604800;OXFORD;26883,360000000001;JUN;2025;06/2025;;
PR;2701030044;PR2701030044;TAMPA LILAS LISA;TAMPA;PET;151200;OXFORD;6720,84;JUN;2025;06/2025;;
MS;2701030032;MS2701030032;TAMPA METALICA LISA;TAMPA;VIDRO NAC;200000;ARO EXP;9900;JUN;2025;06/2025;;
SP;2801030014;SP2801030014;TAMPA PLASTICA AZUL OMNI                             ;TAMPA;PET;1209600;GERAL;52415,596800000007;JUN;2025;06/2025;;
SP;2801030017;SP2801030017;TAMPA PLASTICA PRETA OMNI 120 COM VEDANTE;TAMPA;PET;907200;GERAL;39311,6976;JUN;2025;06/2025;;
PR;2701030049;PR2701030049;TAMPA VERDE REFRIKO;TAMPA;PET;453600;OXFORD;20162,52;JUN;2025;06/2025;;
PR;3002020007;PR3002020007;CARVÃO ATIVADO;TERRA;XAROPARIA;200;GUARAMEX;2500;JUN;2025;06/2025;;
MS;3002020010;MS3002020010;TERRA CELITE DIATOMITA 2500/535;TERRA;CERVEJARIA;227;VENETO;1997,6000000000001;JUN;2025;06/2025;;
MS;3002020009;MS3002020009;TERRA CELITE DIATOMITA SPEEDFLOW/STANDARD (VERMELHO);TERRA;CERVEJARIA;317,8;VENETO;2796,6400000000003;JUN;2025;06/2025;;
PR;3002020009;PR3002020009;TERRA CELITE DIATOMITA SPEEDFLOW/STANDARD (VERMELHO);TERRA;XAROPARIA;45,4;VENETO;399,52000000000004;JUN;2025;06/2025;;
PR;3002020011;PR3002020011;TERRA DIATOMITA 341/HYFLOW (AZUL);TERRA;XAROPARIA;839,9;VENETO;7391,1200000000008;JUN;2025;06/2025;;
MS;3002020011;MS3002020011;TERRA DIATOMITA 341/HYFLOW (AZUL);TERRA;XAROPARIA;340,5;VENETO;2996,4;JUN;2025;06/2025;;
MS;2701150001;MS2701150001;VASILHAME GINGUALA 970ML;VASILHAME;NORMAL;84400;VIDROPORTO;132508;JUN;2025;06/2025;;
MS;2701150009;MS2701150009;VASILHAME TUBAINA CRISTAL LONGNECK 355ML;VASILHAME;NORMAL;92400;VIDROPORTO;48972;JUN;2025;06/2025;;
MS;2701050040;MS2701050040;CONCENTRADO BEBIDAS ENERGETICA;AROMA;KIT ENERGÉTICO;17,40947075;ADM;36157,486072423402;JUL;2025;07/2025;;
PR;2801050003;PR2801050003;CONCENTRADO BEBIDAS ENERGETICA;AROMA;KIT ENERGÉTICO;208,913649;GERAL;427179,61002785515;JUL;2025;07/2025;;
MS;2701120001;MS2701120001;PREMIX ENERG EMULVIT 8942;CONCENT./KITs;C.ENERGETICO;2400;CALDIC;43320;JUL;2025;07/2025;;
PR;2801120002;PR2801120002;PREMIX ENERG EMULVIT 8942;CONCENT./KITs;C.ENERGETICO;600;QUANTIQ;10830;JUL;2025;07/2025;;
MS;2701070006;MS2701070006;ACESSULFAME DE POTASSIO;EDULCORANTE;XAROPARIA;50;STAR;1426,5;JUL;2025;07/2025;;
PR;2701070006;PR2701070006;ACESSULFAME DE POTASSIO;EDULCORANTE;XAROPARIA;100;BORAQUIMICA;2853;JUL;2025;07/2025;;
PR;2701070005;PR2701070005;ASPARTAME;EDULCORANTE;XAROPARIA;75;BORAQUIMICA;4594,5;JUL;2025;07/2025;;
MS;2701070004;MS2701070004;CICLAMATO DE SÓDIO ;EDULCORANTE;XAROPARIA;50;GERAL;709;JUL;2025;07/2025;;
PR;2701070004;PR2701070004;CICLAMATO DE SÓDIO ;EDULCORANTE;XAROPARIA;150;BORAQUIMICA;2127;JUL;2025;07/2025;;
MS;2701070001;MS2701070001;SUCRALOSE;EDULCORANTE;XAROPARIA;100;BUSCHLE;8430;JUL;2025;07/2025;;
PR;2701070001;PR2701070001;SUCRALOSE;EDULCORANTE;XAROPARIA;150;BUSCHLE;13200;JUL;2025;07/2025;;
SP;2801040014;SP2801040014;FILME STRETCH POLIETILENO 500X0023;FILME;STRETCH;0;CANCELADO;0;JUL;2025;07/2025;;
MS;2701040009;MS2701040009;FILME STRETCH POLIETILENO 500X0023;FILME;STRETCH;0;CANCELADO;0;JUL;2025;07/2025;;
MS;2701040001;MS2701040001;FILME TERMO ENCOLHIVEL 420 X 0,05;FILME;JUJ/TERN;0;CANCELADO;0;JUL;2025;07/2025;;
PR;2701040004;PR2701040004;FILME TERMO ENCOLHIVEL 600 MM X 0,04 ;FILME;REFRI;0;CANCELADO;0;JUL;2025;07/2025;;
PR;2701040005;PR2701040005;FILME TERMO ENCOLHIVEL 660 MM X 0,04;FILME;ENERGÉTICO;0;CANCELADO;0;JUL;2025;07/2025;;
PR;2701040006;PR2701040006;FILME TERMO ENCOLHIVEL 860/5 MM;FILME;JUJ/TERN;0;CANCELADO;0;JUL;2025;07/2025;;
PR;2701040007;PR2701040007;FILME TERMO ENCOLHIVEL 860/0,06 MM;FILME;REFR/ENERG.;0;CANCELADO;0;JUL;2025;07/2025;;
MS;2701040003;MS2701040003;FILME TERMO ENCOLHÍVEL DE 560X006;FILME;DIVERSOS;0;CANCELADO;0;JUL;2025;07/2025;;
MS;2701040003;MS2701040003;FILME TERMO ENCOLHÍVEL DE 560X006;FILME;DIVERSOS;1000;MEGA PACK;23500;AGO;2025;08/2025;;
SP;2801040018;SP2801040018;FILME TERMOENCOLHIVEL LISO 390X0,05MM                    ;FILME;ÁGUA 500;0;CANCELADO;0;JUL;2025;07/2025;;
MS;2701040002;MS2701040002;FILME TERMO ENCOLHIVEL 420 X 0,06;FILME;REFR/ENERG.;0;CANCELADO;0;JUL;2025;07/2025;;
SP;2801010066;SP2801010066;ROTULO BOPP AGUA S/ GAS HIDRATAR 1,5L                    ;ROTULO;BOPP;200000;TRIA;3989,96;JUL;2025;07/2025;;
SP;2801010063;SP2801010063;ROTULO BOPP AGUA C/ GAS HIDRATAR 500ML                   ;ROTULO;BOPP;2500000;TRIA;26400;JUL;2025;07/2025;;
SP;2801010068;SP2801010068;ROTULO BOPP AGUA S/ GAS HIDRATAR 500ML                   ;ROTULO;BOPP;1500000;TRIA;15840;JUL;2025;07/2025;;
PR;2801010099;PR2801010099;ROTULO FURIOSO 250ML;ROTULO;SLEEVE;1500000;CCL/ALL4LABELS;75565,5;JUL;2025;07/2025;;
PR;2801010100;PR2801010100;ROTULO FURIOSO 2L;ROTULO;SLEEVE;300000;ALL4LABELL;61860;JUL;2025;07/2025;;
PR;2801010097;PR2801010097;ROTULO FURIOSO MELANCIA E MORANGO 250ML;ROTULO;SLEEVE;200000;CCL;10075,4;JUL;2025;07/2025;;
MS;2701010184;MS2701010184;ROTULO FURIOSO MELAO 2L;ROTULO;SLEEVE;100000;CCL;20620;JUL;2025;07/2025;;
MS;2701010193;MS2701010193;ROTULO FURIOSO TROPICAL 2L;ROTULO;SLEEVE;100000;CCL;20620;JUL;2025;07/2025;;
PR;2801010072;PR2801010072;ROTULO GUARANA REDUZIDO 200 ML ;ROTULO;BOPP;1500000;TRIA;12000;JUL;2025;07/2025;;
PR;2701010132;PR2701010132;ROTULO REFRIKO COLA 2L;ROTULO;BOPP;200000;MABFLEX;7099,9999999999991;JUL;2025;07/2025;;
PR;2701010163;PR2701010163;ROTULO TUBA JUJUBA 2L;ROTULO;BOPP;400000;MABFLEX;14199,999999999998;JUL;2025;07/2025;;
PR;2701010150;PR2701010150;ROTULO TUBAINA 2L;ROTULO;BOPP;200000;MABFLEX;7099,9999999999991;JUL;2025;07/2025;;
PR;2701010158;PR2701010158;ROTULO REFRISHOW LARANJA S/ SUCO 2L;ROTULO;BOPP;200000;MABFLEX;7099,9999999999991;JUL;2025;07/2025;;
MS;2701240004;MS2701240004;CHAPA SEM IMPRESSAO 1000X1200 (NOVA);SEPARADOR DE CAMADAS;CHAPA;41000;CPEL;51250;JUL;2025;07/2025;;
PA;10010001;PA10010001;ACUCAR CRISTAL;AÇUCAR;XAROPARIA;250000;JALLES MACHADO;569480;JUN;2025;06/2025;;
PA;11070047;PA11070047;PREFORMA 18 ou 20,6G VERDE;PREFORMA;PET 500 PA;138096;ENVASES;32590,655999999999;JUN;2025;06/2025;;
PA;11070032;PA11070032;PREFORMA 48GR CRISTAL OU 50,7 G;PREFORMA;PET 2,5L PA;376320;AMCOR;187407,35999999999;JUN;2025;06/2025;;
PA;11070033;PA11070033;PREFORMA 48GR VERDE OU 50,7 G;PREFORMA;PET 2,5L PA;89600;AMCOR;44620,800000000003;JUN;2025;06/2025;;
PA;11070041;PA11070041;PREFORMA PET 200 ML CRISTAL 12 G;PREFORMA;PET 200 PA;912600;ENVASES;145103,4;JUN;2025;06/2025;;
PA;11070048;PA11070048;PREFORMA PET 200 ML VERDE 12 G;PREFORMA;PET 200 PA;140400;ENVASES;22323,599999999999;JUN;2025;06/2025;;
PA;11090001;PA11090001;TAMPA LARANJA REFRIKO;TAMPA;PET;453600;RAVIBRAS;21169,512000000002;JUN;2025;06/2025;;
PA;11090034;PA11090034;TAMPA LILAS LISA;TAMPA;PET;604800;RAVIBRAS;28226,016000000003;JUN;2025;06/2025;;
PA;11090031;PA11090031;TAMPA VERMELHA LISA;TAMPA;PET;1058400;RAVIBRAS;49395,528000000006;JUN;2025;06/2025;;
PA;10020012;PA10020012;AROMA DE GUARANA 31835 ADM;AROMA;REFRIGERANTE;500;ADM;60100;JUL;2025;07/2025;;
PA;10090295;PA10090295;CONCENTRADO COLA IAB 7729 (NOVO);CONCENT./KITs;KIT COLA;3000;INTERAMERICA;67170;JUL;2025;07/2025;;
PA;12030001;PA12030001;FILME STRETCH POLIETILENO 500X0023;FILME;STRETCH;2000;MEGA PACK;19600;JUL;2025;07/2025;;
PA;11040793;PA11040793;FILME TERMO - 480X0,06;FILME;REFRI;8000;MEGA PACK;82800;JUL;2025;07/2025;;
PA;11040007;PA11040007;FILME TERMO ENCOLHIVEL 420 X 0,06;FILME;REFR/ENERG.;2000;MEGA PACK;20700;JUL;2025;07/2025;;
PA;11080241;PA11080241;RÓTULO MICOS COLA 2,5L;ROTULO;BOPP-PA;500000;ELLOFLEX;16975;JUL;2025;07/2025;;
PA;11080245;PA11080245;RÓTULO MICOS GUARANA 2,5L;ROTULO;BOPP-PA;500000;ELLOFLEX;16975;JUL;2025;07/2025;;
MS;2701190001;MS2701190001;MALTE PILSEN BAG 1000 - BARLEY;CERVEJARIA;MALTE;134040;GERAL;440991,6;JUN;2025;06/2025;;
MS;2701150006;MS2701150006;VASILHAME AMBAR 300ML - LITRINHO;VASILHAME;NORMAL;101640;VIDROPORTO;75213,600000000006;JUN;2025;06/2025;;
MS;2701170003;MS2701170003;VINHO DE MESA TINTO SECO GRANEL;VINHO;TANQUE;42000;GERAL;176400;JUN;2025;06/2025;;
MS;2701170003;MS2701170003;VINHO DE MESA TINTO SECO GRANEL;VINHO;TANQUE;42000;GERAL;176400;JUN;2025;06/2025;;
MS;2701170003;MS2701170003;VINHO DE MESA TINTO SECO GRANEL;VINHO;TANQUE;148000;GERAL;621600;FEV;2025;02/2025;;
PA;10090290;PA10090290;PREMIX ENERG EMULVIT 8942 ADM;CONCENT./KITs;C.ENERGETICO;400;QUANTIQ;10720;JUN;2025;06/2025;;
PA;10090274;PA10090274;CONCENTRADO BEBIDAS ENERGETICA;AROMA;KIT ENERGÉTICO;862;WILD;141992,73990250699;JUN;2025;06/2025;;
MS;2701080001;MS2701080001;ACUCAR CRISTAL;AÇUCAR;XAROPARIA;212655;RAIZEN;391285,2;JUN;2025;06/2025;;
PR;2701080001;PR2701080001;ACUCAR CRISTAL;AÇUCAR;XAROPARIA;250800;RAIZEN;461472;JUN;2025;06/2025;;
MS;2701070001;MS2701070001;SUCRALOSE;EDULCORANTE;XAROPARIA;175;GERAL;14752,5;SET;2025;09/2025;;
PR;2701070001;PR2701070001;SUCRALOSE;EDULCORANTE;XAROPARIA;150;BUSCHLE;13200;AGO;2025;08/2025;;
PA;10090071;PA10090071;SUCRALOSE;EDULCORANTE;XAROPARIA;150;KONKRETA;17109;AGO;2025;08/2025;;
PR;2701070001;PR2701070001;SUCRALOSE;EDULCORANTE;XAROPARIA;200;BUSCHLE;17600;SET;2025;09/2025;;
PA;10090071;PA10090071;SUCRALOSE;EDULCORANTE;XAROPARIA;150;KONKRETA;17109;SET;2025;09/2025;;
PR;2701090002;PR2701090002;ACIDO CITRICO;ACID.E CONSERV.;REF/ENER/ROM/DEL;12000;BORAQUIMICA;107399,99999999999;JUL;2025;07/2025;;
MS;2701090004;MS2701090004;ACIDO TARTARICO ;ACID.E CONSERV.;NOCH/TON/BEL;150;MCASSAB;5325;JUL;2025;07/2025;;
PR;2801050040;PR2801050040;AROMA DE LIMAO MATRIX;AROMA;NOCH LEMON;100;GERAL;6620;JUL;2025;07/2025;;
MS;2701130007;MS2701130007;AROMA EXTRATO GUARANA REFRIKO 28;AROMA;REFRIGERANTE;200;SAPORITI;6559,9999999999991;JUL;2025;07/2025;;
PR;2701130007;PR2701130007;AROMA EXTRATO GUARANA REFRIKO 28;AROMA;REFRIGERANTE;800;SARAPOTI;26239,999999999996;JUL;2025;07/2025;;
MS;2701050008;MS2701050008;AROMA FRUTAS TROPICAIS;AROMA;ENERGÉTICO;100;MONARCH;14957;JUL;2025;07/2025;;
PR;2801050006;PR2801050006;AROMA FRUTAS TROPICAIS;AROMA;ENERGÉTICO;100;MONARCH;14957;JUL;2025;07/2025;;
PR;2801050027;PR2801050027;AROMA IDENTICO AO NATURAL DE PESSEGO;AROMA;NOCH DEMAIS;100;SAPORITI;5800;JUL;2025;07/2025;;
PR;2801050019;PR2801050019;AROMA IDENTICO AO NATURAL MARACUJA;AROMA;NOCH DEMAIS;50;DUAS RODAS;2710,5;JUL;2025;07/2025;;
MS;2701050017;MS2701050017;AROMA IDENTICO AO NATURAL MELANCIA;AROMA;ENERGÉTICO;150;DUAS RODAS;5575,5;JUL;2025;07/2025;;
PR;2801050021;PR2801050021;AROMA IDENTICO AO NATURAL MELANCIA;AROMA;ENERGÉTICO;150;DUAS RODAS;5575,5;JUL;2025;07/2025;;
MS;2701050021;MS2701050021;AROMA IDENTICO AO NATURAL MORANGO;AROMA;ENERGÉTICO;100;DUAS RODAS;7588;JUL;2025;07/2025;;
PR;2801050025;PR2801050025;AROMA IDENTICO AO NATURAL MORANGO;AROMA;ENERGÉTICO;70;DUAS RODAS;5311,5999999999995;JUL;2025;07/2025;;
PR;2701050011;PR2701050011;AROMA LIMAO REFRIKO 41;AROMA;REFRIGERANTE;200;SARAPOTI;9600;JUL;2025;07/2025;;
MS;2701050013;MS2701050013;AROMA MAÇA VERDE COD;AROMA;ENERGÉTICO;100;DUAS RODAS;4645;JUL;2025;07/2025;;
PR;2801050015;PR2801050015;AROMA MAÇA VERDE COD;AROMA;ENERGÉTICO;50;DUAS RODAS;2322,5;JUL;2025;07/2025;;
MS;2701050019;MS2701050019;AROMA MELAO ;AROMA;ENERGÉTICO;100;DUAS RODAS;5897;JUL;2025;07/2025;;
PR;2801050023;PR2801050023;AROMA MELAO;AROMA;ENERGÉTICO;150;DUAS RODAS;8845,5;JUL;2025;07/2025;;
MS;2701050028;MS2701050028;AROMA NATURAL PARA VODKA ;AROMA;VODKA;100;DUAS RODAS;2588;JUL;2025;07/2025;;
PR;2701050027;PR2701050027;AROMA UVA REFRIKO 84;AROMA;REFRIGERANTE;400;SARAPOTI;11200;JUL;2025;07/2025;;
MS;2701100002;MS2701100002;BENZOATO DE SODIO;ACID.E CONSERV.;REF/ENER/NOCH/TON;1000;DAXIA;12100;JUL;2025;07/2025;;
PR;2701100002;PR2701100002;BENZOATO DE SODIO;ACID.E CONSERV.;REF/ENER/NOCH/TON;1500;DAXIA;18150;JUL;2025;07/2025;;
PR;2801090005;PR2801090005;CITRATO DE SODIO;ACID.E CONSERV.;ENERG/DELIRIO;700;BORAQUIMICA;5796;JUL;2025;07/2025;;
PR;2801090005;PR2801090005;CITRATO DE SODIO;ACID.E CONSERV.;ENERG/DELIRIO;300;BORAQUIMICA;2484;JUL;2025;07/2025;;
PR;2701050035;PR2701050035;AROMA ARTIFICIAL GUARANA IFB (PED. KOMPLETO);AROMA;REFRIGERANTE;700;OTC;15925;JUL;2025;07/2025;;
MS;2701050035;MS2701050035;AROMA ARTIFICIAL GUARANA IFB (PED. KOMPLETO);AROMA;REFRIGERANTE;300;REFRIKO;6825;JUL;2025;07/2025;;
MS;2701060007;MS2701060007;CORANTE CARAMELO CLASE IV DPC;CORANTE;REFRIGERANTE;300;SAPORITI;2250;JUL;2025;07/2025;;
PR;2701060007;PR2701060007;CORANTE CARAMELO CLASE IV DPC;CORANTE;REFRIGERANTE;1200;SARAPOTI;9000;JUL;2025;07/2025;;
PR;2701050018;PR2701050018;EMULSAO LARANJA REFRIKO 98;EMULSAO;XAROPARIA;700;SAROPOTI;22959,999999999996;JUL;2025;07/2025;;
MS;2701130006;MS2701130006;EXTRATO DE GUARANA 200% DUAS RODAS;AROMA;ENERG./DELÍR.;150;DUAS RODAS;7489,5;JUL;2025;07/2025;;
PR;2701130006;PR2701130006;EXTRATO DE GUARANA 200% DUAS RODAS;AROMA;ENERG./DELÍR.;350;DUAS RODAS;17475,5;JUL;2025;07/2025;;
MS;2701150001;MS2701150001;VASILHAME GINGUALA 970ML;VASILHAME;NORMAL;84480;VIDROPORTO;132633,60000000001;JUL;2025;07/2025;;
MS;2701150002;MS2701150002;VASILHEME OW LW 600 ML AMBAR (CERVEJA);VASILHAME;NORMAL;56700;LOGGLAS;31185,000000000004;JUL;2025;07/2025;;
PR;2801020035;PR2801020035;PREFORMA PET 200 ML CRISTAL 12 g;PREFORMA;REFRIKO 200ML;1129632;ENGEPACK;223608,39513600001;JUL;2025;07/2025;;
PR;2801020053;PR2801020053;PREFORMA PET 200 ML VERDE 12 g;PREFORMA;REFRIKO 200ML;1570464;GERAL;310870,207872;JUL;2025;07/2025;;
SP;2801020042;SP2801020042;PREFORMA 15G CRISTAL;PREFORMA;PET 500 PA;848304;ENVASES;187755,12432;JUL;2025;07/2025;;
MS;2701020090;MS2701020090;PREFORMA 18G CRISTAL 500 ML - DESCONTINUAR;PREFORMA;REFRIKO 500ML;118368;ENVASES;30377,963519999998;JUL;2025;07/2025;;
PR;2701020055;PR2701020055;PREFORMA 18G CRISTAL;PREFORMA;FURIOSO 250ML;916608;ENGEPACK;235238,27711999998;JUL;2025;07/2025;;
PR;2701020058;PR2701020058;PREFORMA 39,7G CRISTAL;PREFORMA;TERNURA LARANJA;80896;AMCOR;35998,720000000001;JUL;2025;07/2025;;
PR;2701020059;PR2701020059;PREFORMA 41G CRISTAL;PREFORMA;REFRIKO 2L;72192;ENGEPACK;37626,470399999998;JUL;2025;07/2025;;
MS;2701020059;MS2701020059;PREFORMA 41 G CRISTAL;PREFORMA;REFRIKO 2L;91872;ENVASES;51016,5216;JUL;2025;07/2025;;
PR;2701020101;PR2701020101;PREFORMA 39,7G VERDE;PREFORMA;REFRISHOW;768512;AMCOR;341987,84000000003;JUL;2025;07/2025;;
PR;2701020102;PR2701020102;PREFORMA 41G VERDE;PREFORMA;REFRIKO 2L;162432;ENGEPACK;84659,558399999994;JUL;2025;07/2025;;
MS;2701020102;MS2701020102;PREFORMA 41 G VERDE;PREFORMA;REFRIKO 2L;451008;ENVASES;180989,5104;JUL;2025;07/2025;;
MS;2701020081;MS2701020081;PREFORMA 54,4GR CRISTAL SHORT;PREFORMA;REFRIKO 3L;13552;ENVASES;7578,5494400000007;JUL;2025;07/2025;;
SP;2801020032;SP2801020032;PREFORMA 31,7G CRISTAL;PREFORMA;ÁGUA 1,5L;101736;GERAL;42298,776719999994;JUL;2025;07/2025;;
MS;2701020075;MS2701020075;PREFORMA PET 46,7GR CRISTAL;PREFORMA;FURIOSO 2L;258912;ENVASES;153793,728;JUL;2025;07/2025;;
PR;2701020075;PR2701020075;PREFORMA PET 46,7GR CRISTAL ;PREFORMA;FURIOSO 2L;367488;ENGEPACK;252643,59014399999;JUL;2025;07/2025;;
PR;2701050023;PR2701050023;PREP ACIDO COLA ;CONCENT./KITs;KIT COLA;300;SARAPOTI;7500;JUL;2025;07/2025;;
MS;2701050023;MS2701050023;PREP ACIDO COLA ;CONCENT./KITs;KIT COLA;150;SAPORITI;3750;JUL;2025;07/2025;;
MS;2701160013;MS2701160013;CAIXA TUBAÍNA 12X355ML;CAIXA;TUBAINA;20000;JAUENSE;39400;JUL;2025;07/2025;;
PR;2701100001;PR2701100001;SORBATO DE POTASSIO 25KG;ACID.E CONSERV.;REF/ENER/ROM/DEL;400;BORAQUIMICA;6288;JUL;2025;07/2025;;
MS;2701130009;MS2701130009;SUCO CONCENTRADO DE MACA;SUCO;XAROPARIA;100;INTERSUCOS;1200;JUL;2025;07/2025;;
PR;2701130009;PR2701130009;SUCO CONCENTRADO DE MACA;SUCO;XAROPARIA;1800;INTERSUCOS;21600;JUL;2025;07/2025;;
MS;2701130001;MS2701130001;SUCO CONCENTRADO LARANJA;SUCO;XAROPARIA;50;INTERSUCOS;600;JUL;2025;07/2025;;
PR;2701130001;PR2701130001;SUCO CONCENTRADO LARANJA;SUCO;XAROPARIA;300;INTERSUCOS;3600;JUL;2025;07/2025;;
MS;2701130002;MS2701130002;SUCO CONCENTRADO LIMÃO;SUCO;XAROPARIA;25;INTERSUCOS;412,5;JUL;2025;07/2025;;
PR;2701130002;PR2701130002;SUCO CONCENTRADO LIMÃO;SUCO;XAROPARIA;75;INTERSUCOS;1237,5;JUL;2025;07/2025;;
PR;2701130003;PR2701130003;SUCO CONCENTRADO UVA;SUCO;XAROPARIA;600;INTERSUCOS;7800;JUL;2025;07/2025;;
PR;2701030037;PR2701030037;TAMPA AMARELA LISA;TAMPA;PET;3780000;OXFORD ;168021;JUL;2025;07/2025;;
PR;2701030043;PR2701030043;TAMPA LARANJA REFRIKO;TAMPA;PET;756000;OXFORD ;33604,200000000004;JUL;2025;07/2025;;
PR;2701030044;PR2701030044;TAMPA LILAS LISA;TAMPA;PET;453600;OXFORD ;20162,52;JUL;2025;07/2025;;
SP;2801030014;SP2801030014;TAMPA PLASTICA AZUL OMNI                             ;TAMPA;PET;604800;OPS;26207,798400000003;JUL;2025;07/2025;;
PR;2701030049;PR2701030049;TAMPA VERDE REFRIKO;TAMPA;PET;1965600;OXFORD ;87370,920000000013;JUL;2025;07/2025;;
MS;3002020010;MS3002020010;TERRA CELITE DIATOMITA 2500/535;TERRA;CERVEJARIA;7218,6;VENETO;63523,68;JUL;2025;07/2025;;
MS;3002020009;MS3002020009;TERRA CELITE DIATOMITA SPEEDFLOW/STANDARD (VERMELHO);TERRA;CERVEJARIA;2724;VENETO;23971,200000000001;JUL;2025;07/2025;;
PR;3002020011;PR3002020011;TERRA DIATOMITA 341/HYFLOW (AZUL);TERRA;XAROPARIA;681;VENETO;5992,8;JUL;2025;07/2025;;
MS;2701150003;MS2701150003;VASILHAME NOVO 330ML;VASILHAME;LONGNECK;95480;VIDROPORTO;84022,399999999994;JUL;2025;07/2025;;
PR;2801050039;PR2801050039;AROMA ID. AO NATURAL DE UVA VERDE SAPORITI;AROMA;ENERGÉTICO;150;SAPORITI;16200;JUL;2025;07/2025;;
MS;2701150009;MS2701150009;VASILHAME TUBAINA CRISTAL LONGNECK 355ML;VASILHAME;NORMAL;277200;VIDROPORTO;146916;JUL;2025;07/2025;;
MS;2701030036;MS2701030036;TAMPA METALICA TWISTOF;TAMPA;VIDRO NAC;500000;ARO;24750;JUL;2025;07/2025;;
MS;2701030032;MS2701030032;TAMPA METALICA LISA;TAMPA;VIDRO NAC;200000;ARO;9900;JUL;2025;07/2025;;
MS;2701070006;MS2701070006;ACESSULFAME DE POTASSIO;EDULCORANTE;XAROPARIA;50;BORAQUIMICA;1426,5;AGO;2025;08/2025;;
PR;2701070006;PR2701070006;ACESSULFAME DE POTASSIO;EDULCORANTE;XAROPARIA;150;BORAQUIMICA;4279,5;AGO;2025;08/2025;;
MS;2701090002;MS2701090002;ACIDO CITRICO;ACID.E CONSERV.;REF/ENER/ROM/DEL;12000;BORAQUIMICA;107399,99999999999;AGO;2025;08/2025;;
MS;2701090003;MS2701090003;ACIDO LACTICO - IBC;CERVEJARIA;OUTROS;1000;DAXIA;10410;AGO;2025;08/2025;;
MS;2701050001;MS2701050001;AROMA NATURAL MOUTHFEEL FASV259 ADM;AROMA;REFRIGERANTE;29;ADM;4796,6000000000004;AGO;2025;08/2025;;
PR;2701050001;PR2701050001;AROMA NATURAL MOUTHFEEL FASV259 ADM;AROMA;REFRIGERANTE;107;ADM;17697,8;AGO;2025;08/2025;;
PR;2701070005;PR2701070005;ASPARTAME;EDULCORANTE;XAROPARIA;100;BORAQUIMICA;6126;AGO;2025;08/2025;;
MS;2701100002;MS2701100002;BENZOATO DE SODIO;ACID.E CONSERV.;REF/ENER/NOCH/TON;700;DAXIA;8470;AGO;2025;08/2025;;
PR;2701100002;PR2701100002;BENZOATO DE SODIO;ACID.E CONSERV.;REF/ENER/NOCH/TON;1800;DAXIA;21780;AGO;2025;08/2025;;
MS;2701240004;MS2701240004;CHAPA SEM IMPRESSAO 1000X1200 (NOVA);SEPARADOR DE CAMADAS;CHAPA;41000;CPEL;51250;AGO;2025;08/2025;;
MS;2701070004;MS2701070004;CICLAMATO DE SÓDIO ;EDULCORANTE;XAROPARIA;50;BORAQUIMICA;709;AGO;2025;08/2025;;
PR;2701070004;PR2701070004;CICLAMATO DE SÓDIO ;EDULCORANTE;XAROPARIA;200;BORAQUIMICA;2836;AGO;2025;08/2025;;
MS;2701050040;MS2701050040;CONCENTRADO BEBIDAS ENERGETICA;AROMA;KIT ENERGÉTICO;174,0947075;ADM;361574,86072423402;AGO;2025;08/2025;;
PR;2801050003;PR2801050003;CONCENTRADO BEBIDAS ENERGETICA;AROMA;KIT ENERGÉTICO;156,6852368;ADM ;320384,70752089139;AGO;2025;08/2025;;
MS;2701060010;MS2701060010;CORANTE AMARANTO;CORANTE;DELIRIO;10;SAROPOTI;855;AGO;2025;08/2025;;
PR;2701060010;PR2701060010;CORANTE AMARANTO;CORANTE;REFRIGERANTE;40;SARAPOTI;3420;AGO;2025;08/2025;;
PR;2701060009;PR2701060009;CORANTE AMARELO SUNSET;CORANTE;XAROPARIA;15;SAROPOTI;684,3;AGO;2025;08/2025;;
PR;2701060001;PR2701060001;CORANTE PONCEAU ;CORANTE;ENERGÉTICO;5;SARAPOTI;335;AGO;2025;08/2025;;
MS;2701060003;MS2701060003;CORANTE TARTRAZINA;CORANTE;ENERGÉTICO;5;SAROPOTI;245;AGO;2025;08/2025;;
MS;2701050020;MS2701050020;EMULSÃO COLA E-0388 ADM (NOVO);EMULSAO;XAROPARIA;52,5;ADM;20186,774999999998;AGO;2025;08/2025;;
MS;2701210004;MS2701210004;ENZIMA ULTRA FLOW;CERVEJARIA;OUTROS;100;PROZYN ;7636;AGO;2025;08/2025;;
MS;2701040009;MS2701040009;FILME STRETCH POLIETILENO 500X0023;FILME;STRETCH;3000;EPA;68550;AGO;2025;08/2025;;
PR;2701040009;PR2701040009;FILME STRETCH POLIETILENO 500X0023;FILME;STRETCH;3000;MEGA PACK;60000;AGO;2025;08/2025;;
PR;2701040004;PR2701040004;FILME TERMO ENCOLHIVEL 600 MM X 0,04 ;FILME;REFRI;3000;EPA;42300;AGO;2025;08/2025;;
PR;2701040005;PR2701040005;FILME TERMO ENCOLHIVEL 660 MM X 0,04;FILME;ENERGÉTICO;3000;PATENA;70500;AGO;2025;08/2025;;
PR;2701040007;PR2701040007;FILME TERMO ENCOLHIVEL 860/0,06 MM;FILME;REFR/ENERG.;7000;EPA;165025;AGO;2025;08/2025;;
SP;2801040017;SP2801040017;FILME TERMO ENCOLHIVEL 420X0,05MM;FILME;AGUA 1,5L;1000;GERAL;21000;AGO;2025;08/2025;;
MS;2701120001;MS2701120001;PREMIX ENERG EMULVIT 8942;CONCENT./KITs;C.ENERGETICO;1500;CALDIC;27075;AGO;2025;08/2025;;
PR;2801120002;PR2801120002;PREMIX ENERG EMULVIT 8942;CONCENT./KITs;C.ENERGETICO;2000;GERAL;36100;AGO;2025;08/2025;;
MS;2701010118;MS2701010118;ROTULO ADESIVO TUBAINA 355ML  ;ROTULO;ADESIVO;250000;ALL4LABELL;12737,5;AGO;2025;08/2025;;
PR;2801010088;PR2801010088;ROTULO AGUA TONICA MALDIVES 250 ML;ROTULO;SLEEVE;150000;CCL;7606,5;AGO;2025;08/2025;;
PR;2701010156;PR2701010156;ROTULO BOPP REFRISHOW GUARANA 2 L;ROTULO;BOPP;300000;MABFLEX;10649,999999999998;AGO;2025;08/2025;;
PR;2801010099;PR2801010099;ROTULO FURIOSO 250ML;ROTULO;SLEEVE;1500000;CCL;75565,5;AGO;2025;08/2025;;
MS;2701010191;MS2701010191;ROTULO FURIOSO 2L;ROTULO;SLEEVE;100000;CCL;20620;AGO;2025;08/2025;;
PR;2801010093;PR2801010093;ROTULO FURIOSO AÇAI 250ML;ROTULO;SLEEVE;150000;CCL;7556,5499999999993;AGO;2025;08/2025;;
PR;2801010094;PR2801010094;ROTULO FURIOSO CITRUS 250 ML;ROTULO;SLEEVE;100000;CCL;5037,7;AGO;2025;08/2025;;
PR;2801010097;PR2801010097;ROTULO FURIOSO MELANCIA E MORANGO 250ML;ROTULO;SLEEVE;150000;CCL;7556,5499999999993;AGO;2025;08/2025;;
PR;2801010095;PR2801010095;ROTULO FURIOSO MELAO 250ML;ROTULO;SLEEVE;150000;CCL;7556,5499999999993;AGO;2025;08/2025;;
MS;2701010184;MS2701010184;ROTULO FURIOSO MELAO 2L;ROTULO;SLEEVE;100000;CCL;20620;AGO;2025;08/2025;;
PR;2801010096;PR2801010096;ROTULO FURIOSO MELAO 2L;ROTULO;SLEEVE;100000;CCL;20620;AGO;2025;08/2025;;
PR;2801010102;PR2801010102;ROTULO FURIOSO TROPICAL 2L;ROTULO;SLEEVE;100000;CCL;20620;AGO;2025;08/2025;;
PR;2701010138;PR2701010138;ROTULO GUARANA 2L;ROTULO;BOPP;300000;MABFLEX;10649,999999999998;AGO;2025;08/2025;;
MS;2701010163;MS2701010163;ROTULO TUBA JUJUBA 2L;ROTULO;BOPP;250000;MALFLEX;8875;AGO;2025;08/2025;;
PR;2701010163;PR2701010163;ROTULO TUBA JUJUBA 2L;ROTULO;BOPP;300000;GERAL;10649,999999999998;AGO;2025;08/2025;;
PR;2701010144;PR2701010144;ROTULO REFRIKO LARANJA DQI1% 2L;ROTULO;BOPP;250000;MABFLEX;8875;AGO;2025;08/2025;;
PR;2701010155;PR2701010155;ROTULO REFRIKO UVA DQI1% 2L;ROTULO;BOPP;250000;MABFLEX;8875;AGO;2025;08/2025;;
PR;2701010147;PR2701010147;ROTULO REFRIKO LIMÃO DQI1% 2L;ROTULO;BOPP;250000;MABFLEX;8875;AGO;2025;08/2025;;
MS;2701070002;MS2701070002;SACARINA SÓDICA;EDULCORANTE;XAROPARIA;25;DAXIA;741,25;AGO;2025;08/2025;;
PR;2701070002;PR2701070002;SACARINA SÓDICA;EDULCORANTE;XAROPARIA;125;DAXIA;3706,25;AGO;2025;08/2025;;
MS;2701040025;MS2701040025;FILME TERMOENCOLHIVEL LISO 380X0,05MM;FILME;PET 500;1000;EPA;21000;AGO;2025;08/2025;;
MS;2701040015;MS2701040015;FILME TERMOENCOLHIVEL LISO 380X0,06MM;FILME;VIDRO;3000;EPA;63000;AGO;2025;08/2025;;
MS;2701040002;MS2701040002;FILME TERMO ENCOLHIVEL 420 X 0,06;FILME;REFR/ENERG.;2000;EPA;47000;AGO;2025;08/2025;;
MS;2701040011;MS2701040011;SHRINK MOEMA 350ML - 390X0,06;FILME;MOEMA;14000;PATENA;441140;AGO;2025;08/2025;;
MS;2701070001;MS2701070001;SUCRALOSE;EDULCORANTE;XAROPARIA;100;KONKRETA;8430;AGO;2025;08/2025;;
PR;2801010104;PR2801010104;ROTULO SLEEVE FURIOSO UVA VERDE E PESSEGO 2L;ROTULO;SLEEVE;150000;CCL;31602;AGO;2025;08/2025;;
MS;2701100002;MS2701100002;BENZOATO DE SODIO;ACID.E CONSERV.;REF/ENER/NOCH/TON;800;DAXIA;9680;SET;2025;09/2025;;
PR;2701100002;PR2701100002;BENZOATO DE SODIO;ACID.E CONSERV.;REF/ENER/NOCH/TON;1700;DAXIA;20570;SET;2025;09/2025;;
PA;10100003;PA10100003;ACIDO CITRICO;ACID.E CONSERV.;REF/ENER/ROM/DEL;12000;BORAQUIMICA;121200;JUL;2025;07/2025;;
PA;10010001;PA10010001;ACUCAR CRISTAL;AÇUCAR;XAROPARIA;225000;CERTANO;512532;JUL;2025;07/2025;;
PA;10020001;PA10020001;AROMA DE LARANJA IDENTICO AO NATURAL;AROMA;REFRIGERANTE;22,5;DUAS RODAS;1747,35;JUL;2025;07/2025;;
PA;10090017;PA10090017;EMULSAO LARANJA REFRIKO 98;EMULSAO;XAROPARIA;600;SAPORITI;21600;JUL;2025;07/2025;;
PA;10020009;PA10020009;AROMA UVA REFRIKO 84;AROMA;REFRIGERANTE;500;SAPORITI;11750;JUL;2025;07/2025;;
PA;10100012;PA10100012;BENZOATO DE SODIO;ACID.E CONSERV.;REF/ENER/NOCH/TON;1000;DAXIA;10352;JUL;2025;07/2025;;
PA;11070012;PA11070012;PREFORMA 46,0G CRISTAL OU 45,7 G;PREFORMA;PET 2L PA;295680;AMCOR;144883,20000000001;JUL;2025;07/2025;;
PA;11070032;PA11070032;PREFORMA 48GR CRISTAL OU 50,7 G;PREFORMA;PET 2,5L PA;358400;AMCOR;178483,20000000001;JUL;2025;07/2025;;
PA;11070033;PA11070033;PREFORMA 48GR VERDE OU 50,7 G;PREFORMA;PET 2,5L PA;259840;AMCOR;129400,31999999999;JUL;2025;07/2025;;
PA;10090293;PA10090293;SUCO CONCENTRADO DE MACA;SUCO;XAROPARIA;1600;INTERSUCOS;18400;JUL;2025;07/2025;;
PA;10090090;PA10090090;SUCO CONCENTRADO LARANJA;SUCO;XAROPARIA;300;INTERSUCOS;3150;JUL;2025;07/2025;;
PA;10090094;PA10090094;SUCO CONCENTRADO UVA;SUCO;XAROPARIA;250;INTERSUCOS;2625;JUL;2025;07/2025;;
PA;11090001;PA11090001;TAMPA LARANJA REFRIKO;TAMPA;PET;453600;RAVIBRAS;21169,512000000002;JUL;2025;07/2025;;
PA;11090034;PA11090034;TAMPA LILAS LISA;TAMPA;PET;302400;RAVIBRAS;14113,008000000002;JUL;2025;07/2025;;
PA;11090031;PA11090031;TAMPA VERMELHA LISA;TAMPA;PET;1058400;RAVIBRAS;49395,528000000006;JUL;2025;07/2025;;
PA;12084720;PA12084720;TERRA DIATOMITA GROSSA DICALITE 341 MC;TERRA;XAROPARIA;885,3;GERAL;7321,4309999999996;JUL;2025;07/2025;;
PA;10090273;PA10090273;ACESSULFAME DE POTASSIO;EDULCORANTE;XAROPARIA;100;BORAQUIMICA;3490;AGO;2025;08/2025;;
PA;10020012;PA10020012;AROMA DE GUARANA 31835 ADM;AROMA;REFRIGERANTE;350;ADM;42070;AGO;2025;08/2025;;
PA;10020011;PA10020011;AROMA NATURAL MOUTHFEEL FASV259 ADM;AROMA;REFRIGERANTE;200;ADM;31504,000000000004;AGO;2025;08/2025;;
PA;10090100;PA10090100;ASPARTAME;EDULCORANTE;XAROPARIA;200;BORAQUIMICA;14078;AGO;2025;08/2025;;
PA;10100012;PA10100012;BENZOATO DE SODIO;ACID.E CONSERV.;REF/ENER/NOCH/TON;1000;GERAL;10352;AGO;2025;08/2025;;
PA;10100024;PA10100024;CICLAMATO DE SÓDIO ;EDULCORANTE;XAROPARIA;300;BORAQUIMICA;5961;AGO;2025;08/2025;;
PA;10090274;PA10090274;CONCENTRADO BEBIDAS ENERGETICA;AROMA;KIT ENERGÉTICO;600;WILD;98834,853760445709;AGO;2025;08/2025;;
PA;10090295;PA10090295;CONCENTRADO COLA IAB 7729 (NOVO);CONCENT./KITs;KIT COLA;2700;INTERAMERICA;60453;AGO;2025;08/2025;;
PA;10090290;PA10090290;PREMIX ENERG EMULVIT 8942 ADM;CONCENT./KITs;C.ENERGETICO;200;QUANTIQ;5360;AGO;2025;08/2025;;
PA;11080241;PA11080241;RÓTULO MICOS COLA 2,5L;ROTULO;BOPP-PA;200000;ELLOFLEX;6790;AGO;2025;08/2025;;
PA;11080243;PA11080243;ROTULO MICOS COLA 2L;ROTULO;BOPP-PA;200000;ELLOFLEX;8326;AGO;2025;08/2025;;
PA;11080246;PA11080246;RÓTULO MICOS GUARANÁ 200ML;ROTULO;BOPP-PA;200000;ELLOFLEX;1180;AGO;2025;08/2025;;
PA;11080247;PA11080247;ROTULO MICOS GUARANA 2L;ROTULO;BOPP-PA;200000;ELLOFLEX;8326;AGO;2025;08/2025;;
PA;11080249;PA11080249;RÓTULO MICOS LARANJA 2,5L;ROTULO;BOPP-PA;200000;ELLOFLEX;6790;AGO;2025;08/2025;;
PA;11080250;PA11080250;RÓTULO MICOS LARANJA 200ML;ROTULO;BOPP-PA;200000;ELLOFLEX;1180;AGO;2025;08/2025;;
PA;11080253;PA11080253;RÓTULO MICOS UVA 2,5L;ROTULO;BOPP-PA;200000;ELLOFLEX;6790;AGO;2025;08/2025;;
PA;11080254;PA11080254;RÓTULO MICOS UVA 200ML;ROTULO;BOPP-PA;200000;ELLOFLEX;1180;AGO;2025;08/2025;;
PA;10100012;PA10100012;BENZOATO DE SODIO;ACID.E CONSERV.;REF/ENER/NOCH/TON;1000;DAXIA;10352;SET;2025;09/2025;;
PA;12030001;PA12030001;FILME STRETCH POLIETILENO 500X0023;FILME;STRETCH;3000;E.P.A;29400,000000000004;SET;2025;09/2025;;
PA;11040793;PA11040793;FILME TERMO - 480X0,06;FILME;REFRI;8000;E.P.A;82800;SET;2025;09/2025;;
PA;11040007;PA11040007;FILME TERMO ENCOLHIVEL 420 X 0,06;FILME;REFR/ENERG.;3000;E.P.A;31050;SET;2025;09/2025;;
PA;10090291;PA10090291;EXTRATO DE GUARANA 200% DUAS RODAS;AROMA;REFRIGERANTE;100;DUAS RODAS;4787;JUL;2025;07/2025;;
MS;2701080001;MS2701080001;ACUCAR CRISTAL;AÇUCAR;XAROPARIA;175200;GERAL;322368;JUL;2025;07/2025;;
PR;2701080001;PR2701080001;ACUCAR CRISTAL;AÇUCAR;XAROPARIA;312000;GERAL;574080;JUL;2025;07/2025;;
MS;2701190001;MS2701190001;MALTE PILSEN BAG 1000 - BARLEY;CERVEJARIA;MALTE;201220;GERAL;662013,80000000005;JUL;2025;07/2025;;
MS;2701140029;MS2701140029;TAMPA - LATA 350/269/473ML - B64;TAMPA;LATA;7188480;GERAL;1725235,2;JUL;2025;07/2025;;
MS;2701140029;MS2701140029;TAMPA - LATA 350/269/473ML - B64;TAMPA;LATA;3594240;GERAL;862617,59999999998;AGO;2025;08/2025;;
MS;2701140029;MS2701140029;TAMPA - LATA 350/269/473ML - B64;TAMPA;LATA;10782720;CROWN;2587852,7999999998;SET;2025;09/2025;;
PR;2801170001;PR2801170001;AGUARDENTE DE CANA CACHACA LT;CACHAÇA;TANQUE;59890; TIROLLI;135351,4;JUL;2025;07/2025;;
SP;2801040014;SP2801040014;FILME STRETCH POLIETILENO 500X0023;FILME;STRETCH;600;EMERGENCIAL;13710;JUL;2025;07/2025;;
MS;2701040009;MS2701040009;FILME STRETCH POLIETILENO 500X0023;FILME;STRETCH;800;EMERGENCIAL;18280;JUL;2025;07/2025;;
PR;2701040009;PR2701040009;FILME STRETCH POLIETILENO 500X0023;FILME;STRETCH;1500;EMERGENCIAL;30000;JUL;2025;07/2025;;
MS;2701040001;MS2701040001;FILME TERMO ENCOLHIVEL 420 X 0,05;FILME;JUJ/TERN;500;PATENA;10500;JUL;2025;07/2025;;
PR;2701040004;PR2701040004;FILME TERMO ENCOLHIVEL 600 MM X 0,04 ;FILME;REFRI;1000;EMERGENCIAL;14100;JUL;2025;07/2025;;
PR;2701040006;PR2701040006;FILME TERMO ENCOLHIVEL 860/5 MM;FILME;JUJ/TERN;3000;EMERGENCIAL;70725;JUL;2025;07/2025;;
PR;2701040007;PR2701040007;FILME TERMO ENCOLHIVEL 860/0,06 MM;FILME;REFR/ENERG.;5000;PATENA;117875;JUL;2025;07/2025;;
MS;2701040003;MS2701040003;FILME TERMO ENCOLHÍVEL DE 560X006;FILME;DIVERSOS;0;CANCELADO;0;JUL;2025;07/2025;;
SP;2801040018;SP2801040018;FILME TERMOENCOLHIVEL LISO 390X0,05MM                    ;FILME;ÁGUA 500;1500;EMERGENCIAL;35362,5;JUL;2025;07/2025;;
MS;2701040015;MS2701040015;FILME TERMOENCOLHIVEL LISO 380X0,06MM;FILME;VIDRO;800;EMERGENCIAL;16800;JUL;2025;07/2025;;
MS;2701170003;MS2701170003;VINHO DE MESA TINTO SECO GRANEL;VINHO;TANQUE;42000;BEBIDAS GAZZI;176400;JUL;2025;07/2025;;
MS;2701170003;MS2701170003;VINHO DE MESA TINTO SECO GRANEL;VINHO;TANQUE;42000;BEBIDAS GAZZI;176400;JUL;2025;07/2025;;
MS;2701170003;MS2701170003;VINHO DE MESA TINTO SECO GRANEL;VINHO;TANQUE;84000;BEBIDAS GAZZI;352800;JUL;2025;07/2025;;
MS;2701170003;MS2701170003;VINHO DE MESA TINTO SECO GRANEL;VINHO;TANQUE;42000;BEBIDAS GAZZI;176400;AGO;2025;08/2025;;
MS;2701170003;MS2701170003;VINHO DE MESA TINTO SECO GRANEL;VINHO;TANQUE;42000;BEBIDAS GAZZI;176400;AGO;2025;08/2025;;
MS;2701170003;MS2701170003;VINHO DE MESA TINTO SECO GRANEL;VINHO;TANQUE;42000;BEBIDAS GAZZI;176400;AGO;2025;08/2025;;
MS;2701170003;MS2701170003;VINHO DE MESA TINTO SECO GRANEL;VINHO;TANQUE;185000;GERAL;777000;MAR;2025;03/2025;;
PA;10010001;PA10010001;ACUCAR CRISTAL;AÇUCAR;XAROPARIA;240000;CERTANO;546700,79999999993;AGO;2025;08/2025;;
PA;10090017;PA10090017;EMULSAO LARANJA REFRIKO 98;EMULSAO;XAROPARIA;600;SAPORITI;21600;AGO;2025;08/2025;;
PA;10020009;PA10020009;AROMA UVA REFRIKO 84;AROMA;REFRIGERANTE;500;SAPORITI;11750;AGO;2025;08/2025;;
PA;11070047;PA11070047;PREFORMA 18 ou 20,6G VERDE;PREFORMA;PET 500 PA;78912;ENVASES;18623,232;AGO;2025;08/2025;;
PA;11070012;PA11070012;PREFORMA 46,0G CRISTAL OU 45,7 G;PREFORMA;PET 2L PA;312576;AMCOR;153162,23999999999;AGO;2025;08/2025;;
PA;11070013;PA11070013;PREFORMA 46,0G VERDE OU 45,7 G;PREFORMA;PET 2L PA;295680;ENVASES;144883,20000000001;AGO;2025;08/2025;;
PA;11070032;PA11070032;PREFORMA 48GR CRISTAL OU 50,7 G;PREFORMA;PET 2,5L PA;456960;AMCOR;227566,07999999999;AGO;2025;08/2025;;
PA;11070033;PA11070033;PREFORMA 48GR VERDE OU 50,7 G;PREFORMA;PET 2,5L PA;179200;AMCOR;89241,600000000006;AGO;2025;08/2025;;
PA;11070048;PA11070048;PREFORMA PET 200 ML VERDE 12 G;PREFORMA;PET 200 PA;210600;ENVASES;33485,4;AGO;2025;08/2025;;
PA;11080232;PA11080232;ROTULO FURIOSO 250ML;ROTULO;SLEEVE-PA;100000;CCL;6581,0000000000009;AGO;2025;08/2025;;
PA;10090293;PA10090293;SUCO CONCENTRADO DE MACA;SUCO;XAROPARIA;1500;INTERSUCOS;17250;AGO;2025;08/2025;;
PA;10090090;PA10090090;SUCO CONCENTRADO LARANJA;SUCO;XAROPARIA;250;INTERSUCOS;2625;AGO;2025;08/2025;;
PA;10090094;PA10090094;SUCO CONCENTRADO UVA;SUCO;XAROPARIA;200;INTERSUCOS;2100;AGO;2025;08/2025;;
PA;11090001;PA11090001;TAMPA LARANJA REFRIKO;TAMPA;PET;453600;RAVIBRAS;21169,512000000002;AGO;2025;08/2025;;
PA;11090034;PA11090034;TAMPA LILAS LISA;TAMPA;PET;302400;RAVIBRAS;14113,008000000002;AGO;2025;08/2025;;
PA;11090031;PA11090031;TAMPA VERMELHA LISA;TAMPA;PET;1360800;RAVIBRAS;63508,536000000007;AGO;2025;08/2025;;
SP;2801020042;SP2801020042;PREFORMA 15G CRISTAL;PREFORMA;PET 500 PA;236736;ENVASES;52396,778879999998;AGO;2025;08/2025;;
SP;2801020041;SP2801020041;PREFORMA 18G CRISTAL 500 ML;PREFORMA;PET 500 PA;1814976;ENVASES;465795,44063999999;AGO;2025;08/2025;;
SP;2801030014;SP2801030014;TAMPA PLASTICA AZUL OMNI                             ;TAMPA;PET;756000;OPS;32759,748000000003;AGO;2025;08/2025;;
SP;2801030017;SP2801030017;TAMPA PLASTICA PRETA OMNI 120 COM VEDANTE;TAMPA;PET;1360800;OPS;58967,546400000007;AGO;2025;08/2025;;
MS;2701050035;MS2701050035;AROMA ARTIFICIAL GUARANA IFB (PED. KOMPLETO);AROMA;REFRIGERANTE;500;KOMPLETO;11375;AGO;2025;08/2025;;
MS;2701130007;MS2701130007;AROMA EXTRATO GUARANA REFRIKO 28;AROMA;REFRIGERANTE;350;SAPORITI;11479,999999999998;AGO;2025;08/2025;;
MS;2701050028;MS2701050028;AROMA NATURAL PARA VODKA ;AROMA;VODKA;150;DUAS RODAS;3882;AGO;2025;08/2025;;
MS;2701050027;MS2701050027;AROMA UVA REFRIKO 84;AROMA;REFRIGERANTE;75;SAROPOTI;2100;AGO;2025;08/2025;;
MS;2701130006;MS2701130006;EXTRATO DE GUARANA 200% DUAS RODAS;AROMA;ENERG./DELÍR.;50;DUAS RODAS;2496,5;AGO;2025;08/2025;;
MS;2701160012;MS2701160012;CX 12X300ML - TUBAINA;CAIXA;TUBAINA;20000;JAUENSE;33800;AGO;2025;08/2025;;
MS;2701160011;MS2701160011;CX ONE WAY BAMBOA 12X330ML;CAIXA;CERVEJA;15000;BLUMEN;27600;AGO;2025;08/2025;;
MS;2701250001;MS2701250001;CLORETO DE CALCIO - IBC;CERVEJARIA;OUTROS;350;BELA VISTA;1424,5;AGO;2025;08/2025;;
MS;2701060007;MS2701060007;CORANTE CARAMELO CLASE IV DPC;CORANTE;REFRIGERANTE;350;SAROPOTI;2625;AGO;2025;08/2025;;
MS;2701050018;MS2701050018;EMULSAO LARANJA REFRIKO 98;EMULSAO;XAROPARIA;200;SAROPOTI;6559,9999999999991;AGO;2025;08/2025;;
MS;2701020115;MS2701020115;PREFORMA 18 A 20G VERDE 500 ML - DESCONTINUAR;PREFORMA;REFRIKO 500ML;98640;ENVASES;20122,559999999998;AGO;2025;08/2025;;
MS;2701020090;MS2701020090;PREFORMA 18G CRISTAL 500 ML - DESCONTINUAR;PREFORMA;REFRIKO 500ML;138096;ENVASES;35440,957439999998;AGO;2025;08/2025;;
MS;2701020059;MS2701020059;PREFORMA 41 G CRISTAL;PREFORMA;REFRIKO 2L;58464;ENVASES;32465,0592;AGO;2025;08/2025;;
MS;2701020102;MS2701020102;PREFORMA 41 G VERDE;PREFORMA;REFRIKO 2L;225504;ENVASES;90494,7552;AGO;2025;08/2025;;
MS;2701020081;MS2701020081;PREFORMA 54,4GR CRISTAL SHORT;PREFORMA;REFRIKO 3L;27104;ENVASES;15157,098880000001;AGO;2025;08/2025;;
MS;2701020109;MS2701020109;PREFORMA 54,4GR VERDE SHORT;PREFORMA;REFRIKO 3L;13552;ENVASES;7578,5494400000007;AGO;2025;08/2025;;
MS;2701010116;MS2701010116;ROTULO ADESIVO TUBAINA 300ML;ROTULO;ADESIVO;200000;ALL4LABELL;7996;AGO;2025;08/2025;;
MS;2701010119;MS2701010119;ROTULO BAMBOA TRADICIONAL VODKA;ROTULO;ADESIVO;200000;ALL4LABELL;15400;AGO;2025;08/2025;;
MS;2701130009;MS2701130009;SUCO CONCENTRADO DE MACA;SUCO;XAROPARIA;350;INTERSUCOS;4200;AGO;2025;08/2025;;
MS;2701130001;MS2701130001;SUCO CONCENTRADO LARANJA;SUCO;XAROPARIA;150;INTERSUCOS;1800;AGO;2025;08/2025;;
MS;2701130002;MS2701130002;SUCO CONCENTRADO LIMÃO;SUCO;XAROPARIA;50;INTERSUCOS;825;AGO;2025;08/2025;;
MS;2701030041;MS2701030041;TAMPA AZUL BAMBOA (VODKA BAMBOA);TAMPA;VIDRO NAC;300000;BRASTAMPAS;90000;AGO;2025;08/2025;;
MS;2701150006;MS2701150006;VASILHAME AMBAR 300ML - LITRINHO;VASILHAME;NORMAL;101640;VIDROPORTO;75213,600000000006;AGO;2025;08/2025;;
MS;2701150001;MS2701150001;VASILHAME GINGUALA 970ML;VASILHAME;NORMAL;47872;VIDROPORTO;75159,040000000008;AGO;2025;08/2025;;
PR;2801090005;PR2801090005;CITRATO DE SODIO;ACID.E CONSERV.;ENERG/DELIRIO;1000;BORAQUIMICA;8280;AGO;2025;08/2025;;
PR;2701100001;PR2701100001;SORBATO DE POTASSIO 25KG;ACID.E CONSERV.;REF/ENER/ROM/DEL;400;BORAQUIMICA;6288;AGO;2025;08/2025;;
PR;2801120003;PR2801120003;PREMIX ENERG EMULVIT 8959 - BOMBADÃO SAPORITI -IND;CONCENT./KITs;C.ENERGETICO;100;DUAS RODAS;18000;AGO;2025;08/2025;;
PR;2701050037;PR2701050037;AROMA IDENTICO AO NATURAL FRAMBOESA 77587 SAPORITI;AROMA;REFRIGERANTE;100;SAPORITI;6200;AGO;2025;08/2025;;
PR;2701050035;PR2701050035;AROMA ARTIFICIAL GUARANA IFB (PED. KOMPLETO);AROMA;REFRIGERANTE;500;GERAL;11375;AGO;2025;08/2025;;
PR;2701130007;PR2701130007;AROMA EXTRATO GUARANA REFRIKO 28;AROMA;REFRIGERANTE;1000;SAPORITI;32800;AGO;2025;08/2025;;
PR;2801050006;PR2801050006;AROMA FRUTAS TROPICAIS;AROMA;ENERGÉTICO;350;MONARCH;52349,5;AGO;2025;08/2025;;
PR;2801050039;PR2801050039;AROMA ID. AO NATURAL DE UVA VERDE SAPORITI;AROMA;ENERGÉTICO;120;SAPORITI;12960;AGO;2025;08/2025;;
PR;2801050027;PR2801050027;AROMA IDENTICO AO NATURAL DE PESSEGO;AROMA;NOCH DEMAIS;100;SAPORITI;5800;AGO;2025;08/2025;;
PR;2801050021;PR2801050021;AROMA IDENTICO AO NATURAL MELANCIA;AROMA;ENERGÉTICO;300;DUAS RODAS;11151;AGO;2025;08/2025;;
PR;2801050025;PR2801050025;AROMA IDENTICO AO NATURAL MORANGO;AROMA;ENERGÉTICO;200;DUAS RODAS;15176;AGO;2025;08/2025;;
PR;2701050011;PR2701050011;AROMA LIMAO REFRIKO 41;AROMA;REFRIGERANTE;250;SAROPOTI;12000;AGO;2025;08/2025;;
PR;2801050015;PR2801050015;AROMA MAÇA VERDE COD;AROMA;ENERGÉTICO;150;DUAS RODAS;6967,5;AGO;2025;08/2025;;
PR;2801050023;PR2801050023;AROMA MELAO;AROMA;ENERGÉTICO;300;DUAS RODAS;17691;AGO;2025;08/2025;;
PR;2801050004;PR2801050004;AROMA NATURA DE CITRUS RB 25395;AROMA;ENERGÉTICO;50;SAPORITI;5250;AGO;2025;08/2025;;
PR;2701050027;PR2701050027;AROMA UVA REFRIKO 84;AROMA;REFRIGERANTE;350;SAPORITI;9800;AGO;2025;08/2025;;
PR;2701130006;PR2701130006;EXTRATO DE GUARANA 200% DUAS RODAS;AROMA;ENERG./DELÍR.;350;DUAS RODAS;17475,5;AGO;2025;08/2025;;
PR;2701060007;PR2701060007;CORANTE CARAMELO CLASE IV DPC;CORANTE;REFRIGERANTE;700;SAPORITI;5250;AGO;2025;08/2025;;
PR;2701060003;PR2701060003;CORANTE TARTRAZINA;CORANTE;ENERGÉTICO;5;SAROPOTI;245;AGO;2025;08/2025;;
PR;2701050018;PR2701050018;EMULSAO LARANJA REFRIKO 98;EMULSAO;XAROPARIA;500;SAPORITI;16400;AGO;2025;08/2025;;
PR;2701050016;PR2701050016;EMULSAO NEUTRA PARA SUCO;EMULSAO;XAROPARIA;20;SAPORITI;1120;AGO;2025;08/2025;;
PR;2801020035;PR2801020035;PREFORMA PET 200 ML CRISTAL 12 g;PREFORMA;REFRIKO 200ML;826560;ENGEPACK;163615,89888000002;AGO;2025;08/2025;;
PR;2801020053;PR2801020053;PREFORMA PET 200 ML VERDE 12 g;PREFORMA;REFRIKO 200ML;2755200;ENGEPACK;545386,32960000006;AGO;2025;08/2025;;
PR;2701020055;PR2701020055;PREFORMA 18G CRISTAL;PREFORMA;FURIOSO 250ML;2499840;ENGEPACK;641558,93759999995;AGO;2025;08/2025;;
PR;2701020101;PR2701020101;PREFORMA 39,7G VERDE;PREFORMA;REFRISHOW;758400;AMCOR;337488;AGO;2025;08/2025;;
PR;2701020059;PR2701020059;PREFORMA 41G CRISTAL;PREFORMA;REFRIKO 2L;180480;ENGEPACK;94066,175999999992;AGO;2025;08/2025;;
PR;2701020102;PR2701020102;PREFORMA 41G VERDE;PREFORMA;REFRIKO 2L;586560;ENGEPACK;305715,07199999999;AGO;2025;08/2025;;
PR;2701020075;PR2701020075;PREFORMA PET 46,7GR CRISTAL ;PREFORMA;FURIOSO 2L;939840;ENGEPACK;646128,72192000004;AGO;2025;08/2025;;
PR;2701130009;PR2701130009;SUCO CONCENTRADO DE MACA;SUCO;XAROPARIA;1200;INTERSUCOS;14400;AGO;2025;08/2025;;
PR;2701130001;PR2701130001;SUCO CONCENTRADO LARANJA;SUCO;XAROPARIA;150;INTERSUCOS;1800;AGO;2025;08/2025;;
PR;2701130002;PR2701130002;SUCO CONCENTRADO LIMÃO;SUCO;XAROPARIA;100;INTERSUCOS;1650;AGO;2025;08/2025;;
PR;2701130003;PR2701130003;SUCO CONCENTRADO UVA;SUCO;XAROPARIA;200;INTERSUCOS;2600;AGO;2025;08/2025;;
PR;2701030037;PR2701030037;TAMPA AMARELA LISA;TAMPA;PET;4384800;OXFORD;194904,36000000002;AGO;2025;08/2025;;
PR;2701030043;PR2701030043;TAMPA LARANJA REFRIKO;TAMPA;PET;756000;OXFORD;33604,200000000004;AGO;2025;08/2025;;
PR;2701030044;PR2701030044;TAMPA LILAS LISA;TAMPA;PET;302400;OXFORD;13441,68;AGO;2025;08/2025;;
PR;2701030049;PR2701030049;TAMPA VERDE REFRIKO;TAMPA;PET;2268000;OXFORD;100812,6;AGO;2025;08/2025;;
PR;2701030050;PR2701030050;TAMPA VERMELHA LISA;TAMPA;PET;756000;OXFORD;33604,200000000004;AGO;2025;08/2025;;
PA;10020012;PA10020012;AROMA DE GUARANA 31835 ADM;AROMA;REFRIGERANTE;400;ADM;48080;SET;2025;09/2025;;
PA;10020011;PA10020011;AROMA NATURAL MOUTHFEEL FASV259 ADM;AROMA;REFRIGERANTE;150;ADM;23628;SET;2025;09/2025;;
PA;10090295;PA10090295;CONCENTRADO COLA IAB 7729 (NOVO);CONCENT./KITs;KIT COLA;3000;INTERAMERICA;67170;SET;2025;09/2025;;
PA;10090292;PA10090292;CORANTE AMARANTO;CORANTE;REFRIGERANTE;30;SAPORITI;2039,6999999999998;SET;2025;09/2025;;
PA;10090056;PA10090056;CORANTE AMARELO SUNSET;CORANTE;XAROPARIA;15;SAPORITI;627,6;SET;2025;09/2025;;
PA;10090294;PA10090294;CORANTE CARAMELO CLASE IV DPC;CORANTE;REFRIGERANTE;500;SAPORITI;2400;SET;2025;09/2025;;
PA;11080246;PA11080246;RÓTULO MICOS GUARANÁ 200ML;ROTULO;BOPP-PA;350000;ELLOFLEX;2065;SET;2025;09/2025;;
PA;11080249;PA11080249;RÓTULO MICOS LARANJA 2,5L;ROTULO;BOPP-PA;200000;ELLOFLEX ;6790;SET;2025;09/2025;;
PA;11080251;PA11080251;ROTULO MICOS LARANJA 2L;ROTULO;BOPP-PA;200000;ELLOFLEX;8326;SET;2025;09/2025;;
PA;11080253;PA11080253;RÓTULO MICOS UVA 2,5L;ROTULO;BOPP-PA;200000;ELLOFLEX;6790;SET;2025;09/2025;;
PA;11080254;PA11080254;RÓTULO MICOS UVA 200ML;ROTULO;BOPP-PA;200000;ELLOFLEX;1180;SET;2025;09/2025;;
PA;11080255;PA11080255;ROTULO MICOS UVA 2L;ROTULO;BOPP-PA;200000;ELLOFLEX;8326;SET;2025;09/2025;;
PA;11080267;PA11080267;ROTULO TUCA UVA 2L;ROTULO;BOPP-PA;100000;ELLOFLEX;4163;SET;2025;09/2025;;
MS;2701050001;MS2701050001;AROMA NATURAL MOUTHFEEL FASV259 ADM;AROMA;REFRIGERANTE;49;ADM;8104,6;SET;2025;09/2025;;
MS;2701050040;MS2701050040;CONCENTRADO BEBIDAS ENERGETICA;AROMA;KIT ENERGÉTICO;87,04735376;ADM;180787,43036211701;SET;2025;09/2025;;
MS;2701070005;MS2701070005;ASPARTAME;EDULCORANTE;XAROPARIA;100;GERAL;6126;SET;2025;09/2025;;
MS;2701070004;MS2701070004;CICLAMATO DE SÓDIO ;EDULCORANTE;XAROPARIA;50;BORAQUIMICA;709;SET;2025;09/2025;;
MS;2701070002;MS2701070002;SACARINA SÓDICA;EDULCORANTE;XAROPARIA;25;DAXIA;741,25;SET;2025;09/2025;;
MS;2701050020;MS2701050020;EMULSÃO COLA E-0388 ADM (NOVO);EMULSAO;XAROPARIA;53;ADM;20379,03;SET;2025;09/2025;;
MS;2701040011;MS2701040011;SHRINK MOEMA 350ML - 390X0,06;FILME;MOEMA;10000;PATENA;315100;SET;2025;09/2025;;
MS;2701010189;MS2701010189;ROTULO FURIOSO 1L;ROTULO;SLEEVE;50000;ALL4LABELL;10000;SET;2025;09/2025;;
MS;2701010191;MS2701010191;ROTULO FURIOSO 2L;ROTULO;SLEEVE;300000;CCL;61860;SET;2025;09/2025;;
MS;2701010139;MS2701010139;ROTULO GUARANA 3L;ROTULO;BOPP;100000;MABFLEX;3889,6;SET;2025;09/2025;;
MS;2701010132;MS2701010132;ROTULO REFRIKO COLA 2L;ROTULO;BOPP;200000;MALFLEX;7099,9999999999991;SET;2025;09/2025;;
MS;2701010199;MS2701010199;ROTULO SLEEVE TUBAINA 250ML BOLINHA;ROTULO;SLEEVE;100000;ALL4LABELL;6579;SET;2025;09/2025;;
MS;2701010163;MS2701010163;ROTULO TUBA JUJUBA 2L;ROTULO;BOPP;200000;MALFLEX;7099,9999999999991;SET;2025;09/2025;;
MS;2701010147;MS2701010147;ROTULO REFRIKO LIMÃO DQI1% 2L;ROTULO;BOPP;100000;MALFLEX;3549,9999999999995;SET;2025;09/2025;;
PR;2701090002;PR2701090002;ACIDO CITRICO;ACID.E CONSERV.;REF/ENER/ROM/DEL;13750;BORAQUIMICA;123062,49999999999;SET;2025;09/2025;;
PR;2701050001;PR2701050001;AROMA NATURAL MOUTHFEEL FASV259 ADM;AROMA;REFRIGERANTE;175;ADM;28945;SET;2025;09/2025;;
PR;2801050003;PR2801050003;CONCENTRADO BEBIDAS ENERGETICA;AROMA;KIT ENERGÉTICO;226,3231198;ADM;462777,91086350975;SET;2025;09/2025;;
PR;2801120002;PR2801120002;PREMIX ENERG EMULVIT 8942;CONCENT./KITs;C.ENERGETICO;4500;QUANTIQ;81225;SET;2025;09/2025;;
PR;2701070006;PR2701070006;ACESSULFAME DE POTASSIO;EDULCORANTE;XAROPARIA;200;BORAQUIMICA;5706;SET;2025;09/2025;;
PR;2701070004;PR2701070004;CICLAMATO DE SÓDIO ;EDULCORANTE;XAROPARIA;200;BORAQUIMICA;2836;SET;2025;09/2025;;
PR;2701070003;PR2701070003;NEOTAME;EDULCORANTE;XAROPARIA;20;SAPORITI;3886;SET;2025;09/2025;;
PR;2701070002;PR2701070002;SACARINA SÓDICA;EDULCORANTE;XAROPARIA;125;DAXIA;3706,25;SET;2025;09/2025;;
PR;2701010156;PR2701010156;ROTULO BOPP REFRISHOW GUARANA 2 L;ROTULO;BOPP;500000;MABFLEX;17750;SET;2025;09/2025;;
PR;2801010099;PR2801010099;ROTULO FURIOSO 250ML;ROTULO;SLEEVE;1500000;CCL;75565,5;SET;2025;09/2025;;
PR;2801010100;PR2801010100;ROTULO FURIOSO 2L;ROTULO;SLEEVE;300000;CCL;61860;SET;2025;09/2025;;
PR;2801010098;PR2801010098;ROTULO FURIOSO MELANCIA E MORANGO 2L;ROTULO;SLEEVE;200000;CCL;41240;SET;2025;09/2025;;
PR;2701010138;PR2701010138;ROTULO GUARANA 2L;ROTULO;BOPP;300000;MALFLEX;10649,999999999998;SET;2025;09/2025;;
PR;2801010072;PR2801010072;ROTULO GUARANA REDUZIDO 200 ML ;ROTULO;BOPP;1500000;TRIA;12000;SET;2025;09/2025;;
PR;2801010070;PR2801010070;ROTULO REFRIKO COLA REDUZIDO 200 ML ;ROTULO;BOPP;1500000;TRIA;12000;SET;2025;09/2025;;
PR;2801010078;PR2801010078;ROTULO REFRIKO TUBAÍNA 200 ML ;ROTULO;BOPP;1500000;TRIA;12000;SET;2025;09/2025;;
PR;2701010163;PR2701010163;ROTULO TUBA JUJUBA 2L;ROTULO;BOPP;300000;MABFLEX;10649,999999999998;SET;2025;09/2025;;
PR;2701010161;PR2701010161;ROTULO TERNURA TUBAINA 2L;ROTULO;BOPP;250000;MABFLEX;8875;SET;2025;09/2025;;
PR;2701010160;PR2701010160;ROTULO TERNURA LARANJA S/ SUCO 2L;ROTULO;BOPP;200000;MABFLEX;7099,9999999999991;SET;2025;09/2025;;
PR;2801010075;PR2801010075;ROTULO REFRIKO LARANJA DQI1% 200 ML;ROTULO;BOPP;1500000;TRIA;12000;SET;2025;09/2025;;
PR;2801010080;PR2801010080;ROTULO REFRIKO UVA DQI1% 200 ML;ROTULO;BOPP;1500000;TRIA;12000;SET;2025;09/2025;;
PR;2801010104;PR2801010104;ROTULO SLEEVE FURIOSO UVA VERDE E PESSEGO 2L;ROTULO;SLEEVE;300000;CCL;63204;SET;2025;09/2025;;
PR;2701160004;PR2701160004;CAIXA PACK FURIOSO 4X250 ML ( PROPRIO);CAIXA;FURIOSO;65000;BLUMEN;47450;SET;2025;09/2025;;
MS;2701200003;MS2701200003;LUPULO NUGGET;CERVEJARIA;LUPULO IMP;5000;CV BAMBOA;196884,4;DEZ;2025;12/2025;;
PA;11040007;PA11040007;FILME TERMO ENCOLHIVEL 420 X 0,06;FILME;REFR/ENERG.;1946,4;E.P.A;20145,240000000002;NOV;2025;11/2025;;
PA;11040793;PA11040793;FILME TERMO - 480X0,06;FILME;REFRI;8461;E.P.A;87571,349999999991;NOV;2025;11/2025;;
PA;12030001;PA12030001;FILME STRETCH POLIETILENO 500X0023;FILME;STRETCH;1374;E.P.A;13465,2;NOV;2025;11/2025;;
SP;2801040018;SP2801040018;FILME TERMOENCOLHIVEL LISO 390X0,05MM                    ;FILME;ÁGUA 500;3000;BAMBOA;70725;SET;2025;09/2025;;
SP;2801040014;SP2801040014;FILME STRETCH POLIETILENO 500X0023;FILME;STRETCH;500;BAMBOA;11425;OUT;2025;10/2025;;
SP;2801040018;SP2801040018;FILME TERMOENCOLHIVEL LISO 390X0,05MM                    ;FILME;ÁGUA 500;3000;EPA;70725;OUT;2025;10/2025;;
SP;2801040014;SP2801040014;FILME STRETCH POLIETILENO 500X0023;FILME;STRETCH;500;BAMBOA;11425;NOV;2025;11/2025;;
SP;2801040018;SP2801040018;FILME TERMOENCOLHIVEL LISO 390X0,05MM                    ;FILME;ÁGUA 500;2522;BAMBOA;59456,15;NOV;2025;11/2025;;
MS;2701040001;MS2701040001;FILME TERMO ENCOLHIVEL 420 X 0,05;FILME;JUJ/TERN;1500;EPA;31500;SET;2025;09/2025;;
MS;2701040009;MS2701040009;FILME STRETCH POLIETILENO 500X0023;FILME;STRETCH;2000;GUANAPACK;45700;SET;2025;09/2025;;
MS;2701040023;MS2701040023;FILME TERMO ENCOLHÍVEL DE 500X0,06 ;FILME;B.ROMA;1000;PATENA;11400;SET;2025;09/2025;;
MS;2701040003;MS2701040003;FILME TERMO ENCOLHÍVEL DE 560X006;FILME;DIVERSOS;3000;EPA;70500;SET;2025;09/2025;;
MS;2701040001;MS2701040001;FILME TERMO ENCOLHIVEL 420 X 0,05;FILME;JUJ/TERN;1000;EPA;21000;OUT;2025;10/2025;;
MS;2701040002;MS2701040002;FILME TERMO ENCOLHIVEL 420 X 0,06;FILME;REFR/ENERG.;0;CANCELADO;0;OUT;2025;10/2025;;
MS;2701040003;MS2701040003;FILME TERMO ENCOLHÍVEL DE 560X006;FILME;DIVERSOS;3000;EPA;70500;OUT;2025;10/2025;;
MS;2701040009;MS2701040009;FILME STRETCH POLIETILENO 500X0023;FILME;STRETCH;2300;EPA;52555;OUT;2025;10/2025;;
MS;2701040015;MS2701040015;FILME TERMOENCOLHIVEL LISO 380X0,06MM;FILME;VIDRO;1300;EPA;27300;OUT;2025;10/2025;;
MS;2701040001;MS2701040001;FILME TERMO ENCOLHIVEL 420 X 0,05;FILME;JUJ/TERN;1000;EPA;21000;NOV;2025;11/2025;;
MS;2701040002;MS2701040002;FILME TERMO ENCOLHIVEL 420 X 0,06;FILME;REFR/ENERG.;2200;EPA;51700;NOV;2025;11/2025;;
MS;2701040003;MS2701040003;FILME TERMO ENCOLHÍVEL DE 560X006;FILME;DIVERSOS;3000;EPA;70500;NOV;2025;11/2025;;
MS;2701040009;MS2701040009;FILME STRETCH POLIETILENO 500X0023;FILME;STRETCH;2700;EPA;61695,000000000007;NOV;2025;11/2025;;
MS;2701040015;MS2701040015;FILME TERMOENCOLHIVEL LISO 380X0,06MM;FILME;VIDRO;0;CANCELADO;0;NOV;2025;11/2025;;
MS;2701040025;MS2701040025;FILME TERMOENCOLHIVEL LISO 380X0,05MM;FILME;PET 500;500;EPA;10500;NOV;2025;11/2025;;
PR;2701040006;PR2701040006;FILME TERMO ENCOLHIVEL 860/5 MM;FILME;JUJ/TERN;3500;GERAL;82512,5;SET;2025;09/2025;;
PR;2701040007;PR2701040007;FILME TERMO ENCOLHIVEL 860/0,06 MM;FILME;REFR/ENERG.;8000;GERAL;188600;SET;2025;09/2025;;
PR;2701040009;PR2701040009;FILME STRETCH POLIETILENO 500X0023;FILME;STRETCH;2500;EPA;50000;SET;2025;09/2025;;
PR;2701040004;PR2701040004;FILME TERMO ENCOLHIVEL 600 MM X 0,04 ;FILME;REFRI;2500;EPA;35250;SET;2025;09/2025;;
PR;2701040006;PR2701040006;FILME TERMO ENCOLHIVEL 860/5 MM;FILME;JUJ/TERN;3400;EPA;80155;OUT;2025;10/2025;;
PR;2701040007;PR2701040007;FILME TERMO ENCOLHIVEL 860/0,06 MM;FILME;REFR/ENERG.;8000;EPA;188600;OUT;2025;10/2025;;
PR;2701040009;PR2701040009;FILME STRETCH POLIETILENO 500X0023;FILME;STRETCH;2300;EPA;46000;OUT;2025;10/2025;;
PR;2701040004;PR2701040004;FILME TERMO ENCOLHIVEL 600 MM X 0,04 ;FILME;REFRI;1600;EPA;22560;OUT;2025;10/2025;;
PR;2701040005;PR2701040005;FILME TERMO ENCOLHIVEL 660 MM X 0,04;FILME;ENERGÉTICO;2600;PATENA;61100;OUT;2025;10/2025;;
PR;2701040005;PR2701040005;FILME TERMO ENCOLHIVEL 660 MM X 0,04;FILME;ENERGÉTICO;2000;PATENA;47000;NOV;2025;11/2025;;
PR;2701040006;PR2701040006;FILME TERMO ENCOLHIVEL 860/5 MM;FILME;JUJ/TERN;3500;EPA;82512,5;NOV;2025;11/2025;;
PR;2701040007;PR2701040007;FILME TERMO ENCOLHIVEL 860/0,06 MM;FILME;REFR/ENERG.;8500;EPA;200387,5;NOV;2025;11/2025;;
PR;2701040009;PR2701040009;FILME STRETCH POLIETILENO 500X0023;FILME;STRETCH;0;CANCELADO;0;NOV;2025;11/2025;;
PR;2701040004;PR2701040004;FILME TERMO ENCOLHIVEL 600 MM X 0,04 ;FILME;REFRI;2200;EPA;31020;NOV;2025;11/2025;;
PA;11080291;PA11080291;ROTULO FURIOSO UVA VERDE 2L;ROTULO;SLEEVE-PA;50000;CCL;14366,000000000002;AGO;2025;08/2025;;
MS;2701010136;MS2701010136;ROTULO REFRIKO GUARANA 2,5L;ROTULO;BOPP;400000;MALFLEX;15561,2;JUL;2025;07/2025;;
MS;2701010148;MS2701010148;ROTULO REFRIKO TUBAINA 2,5L;ROTULO;BOPP;300000;MALFLEX;11670,9;JUL;2025;07/2025;;
MS;2701010130;MS2701010130;ROTULO REFRIKO COLA 2,5L;ROTULO;BOPP;300000;MALFLEX;11670,9;JUL;2025;07/2025;;
MS;2701020050;MS2701020050;PREFORMA 48G CRISTAL (COMPRAR 50 G);PREFORMA;PET 2,5L PA;110000;BRASALPLA;70840;JUL;2025;07/2025;;
MS;2701020096;MS2701020096;PREFORMA 48G VERDE;PREFORMA;PET 2,5L PA;322760;BRASALPLA;207928,4472;JUL;2025;07/2025;;
MS;2701140029;MS2701140029;TAMPA - LATA 350/269/473ML - B64;TAMPA;LATA;3594240;CROWN;862617,59999999998;OUT;2025;10/2025;;
MS;2701040003;MS2701040003;FILME TERMO ENCOLHÍVEL DE 560X006;FILME;DIVERSOS;2000;PATENA;47000;AGO;2025;08/2025;;
PR;2701080001;PR2701080001;ACUCAR CRISTAL;AÇUCAR;XAROPARIA;331200;GERAL;609408;AGO;2025;08/2025;;
MS;2701080001;MS2701080001;ACUCAR CRISTAL;AÇUCAR;XAROPARIA;156000;RAIZEN;287040;AGO;2025;08/2025;;
MS;2701190001;MS2701190001;MALTE PILSEN BAG 1000 - BARLEY;CERVEJARIA;MALTE;201120;AGRARIA;661684,80000000005;AGO;2025;08/2025;;
MS;2701190004;MS2701190004;XAROPE DE HIGH MALTOSE 25KG (BREWGILL);CERVEJARIA;OUTROS;145610;GERAL;404795,8;AGO;2025;08/2025;;
PR;2801020035;PR2801020035;PREFORMA PET 200 ML CRISTAL 12 g;PREFORMA;REFRIKO 200ML;1046976;ENGEPACK;207246,80524800002;SET;2025;09/2025;;
PR;2801020053;PR2801020053;PREFORMA PET 200 ML VERDE 12 g;PREFORMA;REFRIKO 200ML;1928640;ENGEPACK;381770,43072;SET;2025;09/2025;;
PR;2701020055;PR2701020055;PREFORMA 18G CRISTAL;PREFORMA;FURIOSO 250ML;1458240;ENGEPACK;374242,71359999996;SET;2025;09/2025;;
PR;2701020059;PR2701020059;PREFORMA 41G CRISTAL;PREFORMA;REFRIKO 2L;270720;ENGEPACK;141099,264;SET;2025;09/2025;;
PR;2701020102;PR2701020102;PREFORMA 41G VERDE;PREFORMA;REFRIKO 2L;595584;ENGEPACK;310418,38079999998;SET;2025;09/2025;;
PR;2701020075;PR2701020075;PREFORMA PET 46,7GR CRISTAL ;PREFORMA;FURIOSO 2L;768960;ENGEPACK;528650,77248000004;SET;2025;09/2025;;
MS;2701020115;MS2701020115;PREFORMA 18 A 20G VERDE 500 ML - DESCONTINUAR;PREFORMA;REFRIKO 500ML;145824;BRASPET;29748,095999999998;SET;2025;09/2025;;
MS;2701020059;MS2701020059;PREFORMA 41 G CRISTAL;PREFORMA;REFRIKO 2L;116928;BRASPET;64930,118399999999;SET;2025;09/2025;;
MS;2701020102;MS2701020102;PREFORMA 41 G VERDE;PREFORMA;REFRIKO 2L;250560;BRASPET;100549,728;SET;2025;09/2025;;
MS;2701020081;MS2701020081;PREFORMA 54,4GR CRISTAL SHORT;PREFORMA;REFRIKO 3L;23904;BRASPET;13367,594880000001;SET;2025;09/2025;;
MS;2701020109;MS2701020109;PREFORMA 54,4GR VERDE SHORT;PREFORMA;REFRIKO 3L;47432;BRASPET;26524,923040000001;SET;2025;09/2025;;
MS;2701020075;MS2701020075;PREFORMA PET 46,7GR CRISTAL;PREFORMA;FURIOSO 2L;350784;BRASPET;208365,696;SET;2025;09/2025;;
SP;2801020042;SP2801020042;PREFORMA 15G CRISTAL;PREFORMA;PET 500 PA;276192;ENGEPACK;61129,575360000003;SET;2025;09/2025;;
SP;2801020041;SP2801020041;PREFORMA 18G CRISTAL 500 ML;PREFORMA;PET 500 PA;749664;ENGEPACK;192393,76895999999;SET;2025;09/2025;;
PR;2801090001;PR2801090001;ACIDO MALICO;ACID.E CONSERV.;NOCH;100;KONKRETA;975;SET;2025;09/2025;;
PR;2801090003;PR2801090003;ACIDO TARTARICO;ACID.E CONSERV.;NOCH/TON/BEL;25;MCASSAB;887,5;SET;2025;09/2025;;
PR;2801090005;PR2801090005;CITRATO DE SODIO;ACID.E CONSERV.;ENERG/DELIRIO;1000;BORAQUIMICA;8280;SET;2025;09/2025;;
PR;2801050006;PR2801050006;AROMA FRUTAS TROPICAIS;AROMA;ENERGÉTICO;200;MONARCH;29914;SET;2025;09/2025;;
PR;2801050027;PR2801050027;AROMA IDENTICO AO NATURAL DE PESSEGO;AROMA;NOCH DEMAIS;150;SAPORITI;8700;SET;2025;09/2025;;
PR;2801050021;PR2801050021;AROMA IDENTICO AO NATURAL MELANCIA;AROMA;ENERGÉTICO;250;DUAS RODAS;9292,5;SET;2025;09/2025;;
PR;2801050025;PR2801050025;AROMA IDENTICO AO NATURAL MORANGO;AROMA;ENERGÉTICO;200;DUAS RODAS;15176;SET;2025;09/2025;;
PR;2801050015;PR2801050015;AROMA MAÇA VERDE COD;AROMA;ENERGÉTICO;100;DUAS RODAS;4645;SET;2025;09/2025;;
PR;2801050023;PR2801050023;AROMA MELAO;AROMA;ENERGÉTICO;150;DUAS RODAS;8845,5;SET;2025;09/2025;;
PR;2801050039;PR2801050039;AROMA ID. AO NATURAL DE UVA VERDE SAPORITI;AROMA;ENERGÉTICO;150;SAPORITI;16200;SET;2025;09/2025;;
PR;2801120003;PR2801120003;PREMIX ENERG EMULVIT 8959 - BOMBADÃO SAPORITI -IND;CONCENT./KITs;C.ENERGETICO;25;SAPORITI;4500;SET;2025;09/2025;;
PR;2801030013;PR2801030013;TAMPA AZUL LISA;TAMPA;PET;151200;OXFORD;6551,9496000000008;SET;2025;09/2025;;
PR;2701130007;PR2701130007;AROMA EXTRATO GUARANA REFRIKO 28;AROMA;REFRIGERANTE;1000;SAPORITI;32800;SET;2025;09/2025;;
PR;2701050027;PR2701050027;AROMA UVA REFRIKO 84;AROMA;REFRIGERANTE;150;SAPORITI;4200;SET;2025;09/2025;;
PR;2701050035;PR2701050035;AROMA ARTIFICIAL GUARANA IFB (PED. KOMPLETO);AROMA;REFRIGERANTE;900;OTC;20475;SET;2025;09/2025;;
PR;2701130006;PR2701130006;EXTRATO DE GUARANA 200% DUAS RODAS;AROMA;ENERG./DELÍR.;300;DUAS RODAS;14979;SET;2025;09/2025;;
PR;2701050023;PR2701050023;PREP ACIDO COLA ;CONCENT./KITs;KIT COLA;59;SAPORITI;1475;SET;2025;09/2025;;
PR;2701060007;PR2701060007;CORANTE CARAMELO CLASE IV DPC;CORANTE;REFRIGERANTE;500;SAPORITI;3750;SET;2025;09/2025;;
PR;2701060001;PR2701060001;CORANTE PONCEAU ;CORANTE;ENERGÉTICO;10;SAPORITI;670;SET;2025;09/2025;;
PR;2701050016;PR2701050016;EMULSAO NEUTRA PARA SUCO;EMULSAO;XAROPARIA;40;SAPORITI;2240;SET;2025;09/2025;;
PR;2701130009;PR2701130009;SUCO CONCENTRADO DE MACA;SUCO;XAROPARIA;1000;INTERSUCOS;12000;SET;2025;09/2025;;
PR;2701130001;PR2701130001;SUCO CONCENTRADO LARANJA;SUCO;XAROPARIA;200;INTERSUCOS;2400;SET;2025;09/2025;;
PR;2701130002;PR2701130002;SUCO CONCENTRADO LIMÃO;SUCO;XAROPARIA;50;INTERSUCOS;825;SET;2025;09/2025;;
PR;2701130003;PR2701130003;SUCO CONCENTRADO UVA;SUCO;XAROPARIA;100;INTERSUCOS;1300;SET;2025;09/2025;;
PR;2701030037;PR2701030037;TAMPA AMARELA LISA;TAMPA;PET;3175200;OXFORD;141137,64000000001;SET;2025;09/2025;;
PR;2701030043;PR2701030043;TAMPA LARANJA REFRIKO;TAMPA;PET;604800;OXFORD;26883,360000000001;SET;2025;09/2025;;
PR;2701030044;PR2701030044;TAMPA LILAS LISA;TAMPA;PET;453600;OXFORD;20162,52;SET;2025;09/2025;;
PR;2701030048;PR2701030048;TAMPA ROSA MAGENTA REFRIKO;TAMPA;PET;151200;OXFORD;6720,84;SET;2025;09/2025;;
PR;2701030049;PR2701030049;TAMPA VERDE REFRIKO;TAMPA;PET;2116800;OXFORD;94091,760000000009;SET;2025;09/2025;;
PR;2701030050;PR2701030050;TAMPA VERMELHA LISA;TAMPA;PET;604800;OXFORD;26883,360000000001;SET;2025;09/2025;;
PR;3002020007;PR3002020007;CARVÃO ATIVADO;TERRA;XAROPARIA;220;GUARAMEX;2750;SET;2025;09/2025;;
PR;3002020009;PR3002020009;TERRA CELITE DIATOMITA SPEEDFLOW/STANDARD (VERMELHO);TERRA;XAROPARIA;90,8;VENETO;799,04000000000008;SET;2025;09/2025;;
PR;3002020011;PR3002020011;TERRA DIATOMITA 341/HYFLOW (AZUL);TERRA;XAROPARIA;794,5;VENETO;6991,6;SET;2025;09/2025;;
MS;2701090004;MS2701090004;ACIDO TARTARICO ;ACID.E CONSERV.;NOCH/TON/BEL;75;MCASSAB;2662,5;SET;2025;09/2025;;
MS;2701090006;MS2701090006;CITRATO DE SODIO;ACID.E CONSERV.;ENERG/DELIRIO;400;GERAL;3311,9999999999995;SET;2025;09/2025;;
MS;2701100001;MS2701100001;SORBATO DE POTASSIO 25KG;ACID.E CONSERV.;REF/ENER/ROM/DEL;200;OXYGEN;3144;SET;2025;09/2025;;
MS;2701130007;MS2701130007;AROMA EXTRATO GUARANA REFRIKO 28;AROMA;REFRIGERANTE;300;SAPORITI;9840;SET;2025;09/2025;;
MS;2701050017;MS2701050017;AROMA IDENTICO AO NATURAL MELANCIA;AROMA;ENERGÉTICO;70;DUAS RODAS;2601,9;SET;2025;09/2025;;
MS;2701050019;MS2701050019;AROMA MELAO ;AROMA;ENERGÉTICO;100;DUAS RODAS;5897;SET;2025;09/2025;;
MS;2701050028;MS2701050028;AROMA NATURAL PARA VODKA ;AROMA;VODKA;150;DUAS RODAS;3882;SET;2025;09/2025;;
MS;2701050027;MS2701050027;AROMA UVA REFRIKO 84;AROMA;REFRIGERANTE;50;SAROPOTI;1400;SET;2025;09/2025;;
MS;2701050035;MS2701050035;AROMA ARTIFICIAL GUARANA IFB (PED. KOMPLETO);AROMA;REFRIGERANTE;100;OTC;2275;SET;2025;09/2025;;
MS;2701130006;MS2701130006;EXTRATO DE GUARANA 200% DUAS RODAS;AROMA;ENERG./DELÍR.;100;DUAS RODAS;4993;SET;2025;09/2025;;
MS;2701050033;MS2701050033;AROMA ID. AO NATURAL DE UVA VERDE SAPORITI;AROMA;ENERGÉTICO;50;SAPORITI;5400;SET;2025;09/2025;;
MS;2701090003;MS2701090003;ACIDO LACTICO - IBC;CERVEJARIA;OUTROS;1000;OXYGEN;10410;SET;2025;09/2025;;
MS;2701090005;MS2701090005;ANTIOXIDANTE;CERVEJARIA;OUTROS;150;AEB;4533;SET;2025;09/2025;;
MS;2701250001;MS2701250001;CLORETO DE CALCIO - IBC;CERVEJARIA;OUTROS;400;BELA VISTA;1628;SET;2025;09/2025;;
MS;2701200002;MS2701200002;LUPULO LSKE;CERVEJARIA;LUPULO;29;LNF LATINO;29506,63;SET;2025;09/2025;;
MS;2701050023;MS2701050023;PREP ACIDO COLA ;CONCENT./KITs;KIT COLA;153;SAPORITI;3825;SET;2025;09/2025;;
MS;2701060007;MS2701060007;CORANTE CARAMELO CLASE IV DPC;CORANTE;REFRIGERANTE;300;SAPORITI;2250;SET;2025;09/2025;;
MS;2701130009;MS2701130009;SUCO CONCENTRADO DE MACA;SUCO;XAROPARIA;300;INTERSUCOS;3600;SET;2025;09/2025;;
MS;2701130003;MS2701130003;SUCO CONCENTRADO UVA;SUCO;XAROPARIA;50;INTERSUCOS;650;SET;2025;09/2025;;
MS;2701030037;MS2701030037;TAMPA AMARELA LISA;TAMPA;PET;756000;VALGROUP;37044;SET;2025;09/2025;;
MS;2701030043;MS2701030043;TAMPA LARANJA REFRIKO;TAMPA;PET;302400;VALGROUP;14817,6;SET;2025;09/2025;;
MS;2701030049;MS2701030049;TAMPA VERDE REFRIKO;TAMPA;PET;756000;VALGROUP;37044;SET;2025;09/2025;;
MS;3002020010;MS3002020010;TERRA CELITE DIATOMITA 2500/535;TERRA;CERVEJARIA;1293,9;VENETO;11386,32;SET;2025;09/2025;;
MS;3002020009;MS3002020009;TERRA CELITE DIATOMITA SPEEDFLOW/STANDARD (VERMELHO);TERRA;CERVEJARIA;908;VENETO;7990,4000000000005;SET;2025;09/2025;;
MS;3002020011;MS3002020011;TERRA DIATOMITA 341/HYFLOW (AZUL);TERRA;XAROPARIA;454;VENETO;3995,2000000000003;SET;2025;09/2025;;
MS;2701150006;MS2701150006;VASILHAME AMBAR 300ML - LITRINHO;VASILHAME;NORMAL;101640;VIDROPORTO;75213,600000000006;SET;2025;09/2025;;
MS;2701150001;MS2701150001;VASILHAME GINGUALA 970ML;VASILHAME;NORMAL;126720;VIDROPORTO;198950,39999999999;SET;2025;09/2025;;
MS;2701150003;MS2701150003;VASILHAME NOVO 330ML;VASILHAME;LONGNECK;95480;VIDROPORTO;84022,399999999994;SET;2025;09/2025;;
SP;2801030014;SP2801030014;TAMPA PLASTICA AZUL OMNI                             ;TAMPA;PET;604800;OPS;26207,798400000003;SET;2025;09/2025;;
SP;2801030017;SP2801030017;TAMPA PLASTICA PRETA OMNI 120 COM VEDANTE;TAMPA;PET;1209600;OPS;52415,596800000007;SET;2025;09/2025;;
PR;2801050003;PR2801050003;CONCENTRADO BEBIDAS ENERGETICA;AROMA;KIT ENERGÉTICO;9,993036212;ADM;20433,424679665739;OUT;2025;10/2025;;
PR;2801050003;PR2801050003;CONCENTRADO BEBIDAS ENERGETICA;AROMA;KIT ENERGÉTICO;208,913649;ADM;427179,61002785515;OUT;2025;10/2025;;
PR;2801120002;PR2801120002;PREMIX ENERG EMULVIT 8942;CONCENT./KITs;C.ENERGETICO;7000;QUANTIQ;126350;OUT;2025;10/2025;;
PR;2801010090;PR2801010090;ROT SLEE NOCH LIMAO 270ML;ROTULO;SLEEVE;150000;ALL4LABELL;18000;OUT;2025;10/2025;;
PR;2801010091;PR2801010091;ROT SLEE NOCH MARACUJA 270ML;ROTULO;SLEEVE;100000;ALL4LABELL;12000;OUT;2025;10/2025;;
PR;2801010092;PR2801010092;ROT SLEE NOCH MELANCIA E MORAN 270ML-IND;ROTULO;SLEEVE;100000;ALL4LABELL;12000;OUT;2025;10/2025;;
PR;2801010088;PR2801010088;ROTULO AGUA TONICA MALDIVES 250 ML;ROTULO;SLEEVE;100000;CCL;5071;OUT;2025;10/2025;;
PR;2801010099;PR2801010099;ROTULO FURIOSO 250ML;ROTULO;SLEEVE;1500000;CCL;75565,5;OUT;2025;10/2025;;
PR;2801010100;PR2801010100;ROTULO FURIOSO 2L;ROTULO;SLEEVE;250000;CCL;51550;OUT;2025;10/2025;;
PR;2801010093;PR2801010093;ROTULO FURIOSO AÇAI 250ML;ROTULO;SLEEVE;100000;CCL;5037,7;OUT;2025;10/2025;;
PR;2801010097;PR2801010097;ROTULO FURIOSO MELANCIA E MORANGO 250ML;ROTULO;SLEEVE;250000;CCL;12594,25;OUT;2025;10/2025;;
PR;2801010098;PR2801010098;ROTULO FURIOSO MELANCIA E MORANGO 2L;ROTULO;SLEEVE;150000;CCL;30930;OUT;2025;10/2025;;
PR;2801010095;PR2801010095;ROTULO FURIOSO MELAO 250ML;ROTULO;SLEEVE;200000;CCL;10075,4;OUT;2025;10/2025;;
PR;2801010101;PR2801010101;ROTULO FURIOSO TROPICAL 250ML;ROTULO;SLEEVE;100000;CCL;5037,7;OUT;2025;10/2025;;
PR;2801010078;PR2801010078;ROTULO REFRIKO TUBAÍNA 200 ML ;ROTULO;BOPP;1500000;TRIA;12000;OUT;2025;10/2025;;
PR;2801010104;PR2801010104;ROTULO SLEEVE FURIOSO UVA VERDE E PESSEGO 2L;ROTULO;SLEEVE;200000;CCL;42136;OUT;2025;10/2025;;
PR;2701050001;PR2701050001;AROMA NATURAL MOUTHFEEL FASV259 ADM;AROMA;REFRIGERANTE;160;ADM;26464;OUT;2025;10/2025;;
PR;2701070006;PR2701070006;ACESSULFAME DE POTASSIO;EDULCORANTE;XAROPARIA;150;NISHI;4279,5;OUT;2025;10/2025;;
PR;2701070005;PR2701070005;ASPARTAME;EDULCORANTE;XAROPARIA;75;KONKRETA;4594,5;OUT;2025;10/2025;;
PR;2701070004;PR2701070004;CICLAMATO DE SÓDIO ;EDULCORANTE;XAROPARIA;250;GERAL;3545;OUT;2025;10/2025;;
PR;2701050018;PR2701050018;EMULSAO LARANJA REFRIKO 98;EMULSAO;XAROPARIA;700;SAPORITI;22959,999999999996;OUT;2025;10/2025;;
PR;2701010156;PR2701010156;ROTULO BOPP REFRISHOW GUARANA 2 L;ROTULO;BOPP;400000;MABFLEX;14199,999999999998;OUT;2025;10/2025;;
PR;2701010138;PR2701010138;ROTULO GUARANA 2L;ROTULO;BOPP;500000;MALFLEX;17750;OUT;2025;10/2025;;
PR;2701010142;PR2701010142;ROTULO GUARANA 2 LT ZERO;ROTULO;BOPP;200000;MABFLEX;7099,9999999999991;OUT;2025;10/2025;;
PR;2701010163;PR2701010163;ROTULO TUBA JUJUBA 2L;ROTULO;BOPP;250000;MABFLEX;8875;OUT;2025;10/2025;;
PR;2701010161;PR2701010161;ROTULO TERNURA TUBAINA 2L;ROTULO;BOPP;200000;MABFLEX;7099,9999999999991;OUT;2025;10/2025;;
PR;2701010144;PR2701010144;ROTULO REFRIKO LARANJA DQI1% 2L;ROTULO;BOPP;200000;MABFLEX;7099,9999999999991;OUT;2025;10/2025;;
PR;2701010155;PR2701010155;ROTULO REFRIKO UVA DQI1% 2L;ROTULO;BOPP;150000;MABFLEX;5324,9999999999991;OUT;2025;10/2025;;
MS;2701050001;MS2701050001;AROMA NATURAL MOUTHFEEL FASV259 ADM;AROMA;REFRIGERANTE;100;ADM;16540;OUT;2025;10/2025;;
MS;2701050040;MS2701050040;CONCENTRADO BEBIDAS ENERGETICA;AROMA;KIT ENERGÉTICO;139,275766;ADM;289259,88857938722;OUT;2025;10/2025;;
MS;2701160011;MS2701160011;CX ONE WAY BAMBOA 12X330ML;CAIXA;CERVEJA;15000;BLUMEN;27600;OUT;2025;10/2025;;
MS;2701060006;MS2701060006;CORANTE CARAMELO CERVEJA;CERVEJARIA;OUTROS;600;GERAL;3624;OUT;2025;10/2025;;
MS;2701210004;MS2701210004;ENZIMA ULTRA FLOW;CERVEJARIA;OUTROS;100;PROZYN ;7636;OUT;2025;10/2025;;
MS;2701070006;MS2701070006;ACESSULFAME DE POTASSIO;EDULCORANTE;XAROPARIA;75;BORAQUIMICA;2139,75;OUT;2025;10/2025;;
MS;2701070004;MS2701070004;CICLAMATO DE SÓDIO ;EDULCORANTE;XAROPARIA;100;BORAQUIMICA;1418;OUT;2025;10/2025;;
MS;2701050018;MS2701050018;EMULSAO LARANJA REFRIKO 98;EMULSAO;XAROPARIA;308;SAPORITI;10102,4;OUT;2025;10/2025;;
MS;2701010052;MS2701010052;CONTRA ROTULO BAMBOA 330ML (ARTE NOVA);ROTULO;ADESIVO;100000;EASY LABEL;5611;OUT;2025;10/2025;;
MS;2701010115;MS2701010115;ROTULO ADESIVO BELLA ROMA;ROTULO;ADESIVO;500000;GRAFIMAX;70200;OUT;2025;10/2025;;
MS;2701010116;MS2701010116;ROTULO ADESIVO TUBAINA 300ML;ROTULO;ADESIVO;100000;SRE ROTULOS;3998;OUT;2025;10/2025;;
MS;2701010052;MS2701010052;CONTRA ROTULO BAMBOA 330ML (ARTE NOVA);ROTULO;ADESIVO;100000;EASY LABEL;5611;OUT;2025;10/2025;;
MS;2701010119;MS2701010119;ROTULO BAMBOA TRADICIONAL VODKA;ROTULO;ADESIVO;250000;GRAFIMAX;19250;OUT;2025;10/2025;;
MS;2701010191;MS2701010191;ROTULO FURIOSO 2L;ROTULO;SLEEVE;250000;CCL;51550;OUT;2025;10/2025;;
MS;2701010184;MS2701010184;ROTULO FURIOSO MELAO 2L;ROTULO;SLEEVE;100000;CCL;20620;OUT;2025;10/2025;;
MS;2701010140;MS2701010140;ROTULO GUARANA 500ML;ROTULO;BOPP;200000;MABFLEX;2560;OUT;2025;10/2025;;
MS;2701010133;MS2701010133;ROTULO REFRIKO COLA 3L;ROTULO;BOPP;100000;MABFLEX;3889,6;OUT;2025;10/2025;;
MS;2701010163;MS2701010163;ROTULO TUBA JUJUBA 2L;ROTULO;BOPP;250000;MABFLEX;8875;OUT;2025;10/2025;;
MS;2701010144;MS2701010144;ROTULO REFRIKO LARANJA DQI1% 2L;ROTULO;BOPP;100000;MABFLEX;3549,9999999999995;OUT;2025;10/2025;;
MS;2701010155;MS2701010155;ROTULO REFRIKO UVA DQI1% 2L;ROTULO;BOPP;50000;MABFLEX;1774,9999999999998;OUT;2025;10/2025;;
MS;2701030039;MS2701030039;TAMPA 2850/5 AZUL H/S (GIN-VODKA) - JAMES;TAMPA;JAMES COOK;50000;BRASTAMPA;21999,599999999999;OUT;2025;10/2025;;
PA;10010001;PA10010001;ACUCAR CRISTAL;AÇUCAR;XAROPARIA;200000;CERTANO;455584;SET;2025;09/2025;;
PA;10020001;PA10020001;AROMA DE LARANJA IDENTICO AO NATURAL;AROMA;REFRIGERANTE;32;DUAS RODAS;2485,12;SET;2025;09/2025;;
PA;10090017;PA10090017;EMULSAO LARANJA REFRIKO 98;EMULSAO;XAROPARIA;700;SAPORITI;25200;SET;2025;09/2025;;
PA;10020009;PA10020009;AROMA UVA REFRIKO 84;AROMA;REFRIGERANTE;500;SAPORITI;11750;SET;2025;09/2025;;
PA;10090291;PA10090291;EXTRATO DE GUARANA 200% DUAS RODAS;AROMA;REFRIGERANTE;350;DUAS RODAS;16754,5;SET;2025;09/2025;;
PA;11070046;PA11070046;PREFORMA 18 ou 20,6G CRISTAL;PREFORMA;PET 500 PA;217008;ENVASES;51213,887999999999;SET;2025;09/2025;;
PA;11070047;PA11070047;PREFORMA 18 ou 20,6G VERDE;PREFORMA;PET 500 PA;157824;ENVASES;37246,464;SET;2025;09/2025;;
PA;11070012;PA11070012;PREFORMA 46,0G CRISTAL OU 45,7 G;PREFORMA;PET 2L PA;219648;AMCOR;107627,52;SET;2025;09/2025;;
PA;11070013;PA11070013;PREFORMA 46,0G VERDE OU 45,7 G;PREFORMA;PET 2L PA;50688;AMCOR;24837,119999999999;SET;2025;09/2025;;
PA;11070032;PA11070032;PREFORMA 48GR CRISTAL OU 50,7 G;PREFORMA;PET 2,5L PA;743680;AMCOR;370352,64000000001;SET;2025;09/2025;;
PA;11070033;PA11070033;PREFORMA 48GR VERDE OU 50,7 G;PREFORMA;PET 2,5L PA;367360;AMCOR;182945,28;SET;2025;09/2025;;
PA;11070041;PA11070041;PREFORMA PET 200 ML CRISTAL 12 G;PREFORMA;PET 200 PA;561600;ENVASES;89294,399999999994;SET;2025;09/2025;;
PA;11070048;PA11070048;PREFORMA PET 200 ML VERDE 12 G;PREFORMA;PET 200 PA;210600;ENVASES;33485,4;SET;2025;09/2025;;
PA;10020012;PA10020012;AROMA DE GUARANA 31835 ADM;AROMA;REFRIGERANTE;400;ADM;48080;OUT;2025;10/2025;;
PA;10020011;PA10020011;AROMA NATURAL MOUTHFEEL FASV259 ADM;AROMA;REFRIGERANTE;150;ADM;23628;OUT;2025;10/2025;;
PA;10090274;PA10090274;CONCENTRADO BEBIDAS ENERGETICA;AROMA;KIT ENERGÉTICO;600;WILD;98834,853760445709;OUT;2025;10/2025;;
PA;10090273;PA10090273;ACESSULFAME DE POTASSIO;EDULCORANTE;XAROPARIA;50;BORAQUIMICA;1745;OUT;2025;10/2025;;
PA;10090100;PA10090100;ASPARTAME;EDULCORANTE;XAROPARIA;150;BORAQUIMICA;10558,5;OUT;2025;10/2025;;
PA;10100024;PA10100024;CICLAMATO DE SÓDIO ;EDULCORANTE;XAROPARIA;500;BORAQUIMICA;9935;OUT;2025;10/2025;;
PA;10090295;PA10090295;CONCENTRADO COLA IAB 7729 (NOVO);CONCENT./KITs;KIT COLA;3000;INTERAMERICA;67170;OUT;2025;10/2025;;
PA;10090290;PA10090290;PREMIX ENERG EMULVIT 8942 ADM;CONCENT./KITs;C.ENERGETICO;200;QUANTIQ;5360;OUT;2025;10/2025;;
PA;11080232;PA11080232;ROTULO FURIOSO 250ML;ROTULO;SLEEVE-PA;150000;CCL;9871,5000000000018;OUT;2025;10/2025;;
PA;11080237;PA11080237;ROTULO FURIOSO MELAO 250ML;ROTULO;SLEEVE-PA;100000;CCL;6581,0000000000009;DEZ;2025;12/2025;;
PA;11080241;PA11080241;RÓTULO MICOS COLA 2,5L;ROTULO;BOPP-PA;500000;ELLOFLEX;16975;OUT;2025;10/2025;;
PA;11080242;PA11080242;RÓTULO MICOS COLA 200ML;ROTULO;BOPP-PA;500000;ELLOFLEX;2950;OUT;2025;10/2025;;
PA;11080245;PA11080245;RÓTULO MICOS GUARANA 2,5L;ROTULO;BOPP-PA;500000;ELLOFLEX;16975;OUT;2025;10/2025;;
PA;11080257;PA11080257;ROTULO TUCA COLA 200ML;ROTULO;BOPP-PA;500000;ELLOFLEX;2950;OUT;2025;10/2025;;
PA;11080260;PA11080260;ROTULO TUCA GUARANA 200ML;ROTULO;BOPP-PA;500000;ELLOFLEX;2950;OUT;2025;10/2025;;
PA;11080263;PA11080263;ROTULO TUCA LARANJA 200ML;ROTULO;BOPP-PA;500000;ELLOFLEX;2950;OUT;2025;10/2025;;
PA;10090032;PA10090032;SACARINA SÓDICA;EDULCORANTE;XAROPARIA;100;CASSAB;3840;OUT;2025;10/2025;;
PA;10090293;PA10090293;SUCO CONCENTRADO DE MACA;SUCO;XAROPARIA;2100;INTERSUCOS;24150;OUT;2025;10/2025;;
PA;10090090;PA10090090;SUCO CONCENTRADO LARANJA;SUCO;XAROPARIA;450;INTERSUCOS;4725;OUT;2025;10/2025;;
PA;10090094;PA10090094;SUCO CONCENTRADO UVA;SUCO;XAROPARIA;300;INTERSUCOS;3150;OUT;2025;10/2025;;
PA;10090071;PA10090071;SUCRALOSE;EDULCORANTE;XAROPARIA;200;PARKER;22812;OUT;2025;10/2025;;
PA;11090086;PA11090086;TAMPA AMARELA LISA;TAMPA;PET;302400;RAVIBRAS;14113,008000000002;OUT;2025;10/2025;;
PA;11090001;PA11090001;TAMPA LARANJA REFRIKO;TAMPA;PET;756000;RAVIBRAS;35282,520000000004;OUT;2025;10/2025;;
PA;11090034;PA11090034;TAMPA LILAS LISA;TAMPA;PET;604800;RAVIBRAS;28226,016000000003;OUT;2025;10/2025;;
PA;11090031;PA11090031;TAMPA VERMELHA LISA;TAMPA;PET;2268000;RAVIBRAS;105847,56000000001;OUT;2025;10/2025;;
PA;11040005;PA11040005;FILME TERMO ENCOLHIVEL 300 MM X 0,04;FILME;REFRI;1000;EPA;10350;NOV;2025;11/2025;;
MS;2701080001;MS2701080001;ACUCAR CRISTAL;AÇUCAR;XAROPARIA;159520;RAIZEN;293516,79999999999;SET;2025;09/2025;;
PR;2701080001;PR2701080001;ACUCAR CRISTAL;AÇUCAR;XAROPARIA;253200;RAIZEN;465888;SET;2025;09/2025;;
MS;2701190001;MS2701190001;MALTE PILSEN BAG 1000 - BARLEY;CERVEJARIA;MALTE;204820;AGRARIA;673857,8;SET;2025;09/2025;;
MS;2701140029;MS2701140029;TAMPA - LATA 350/269/473ML - B64;TAMPA;LATA;7188480;CROWN;1725235,2;NOV;2025;11/2025;;
MS;2701040020;MS2701040020;SHRINK BAMBOA 269ML - 350X645X0,06 LAGER;FILME;BAMBOA;1000;PACKSEVEN;14500;SET;2025;09/2025;;
MS;2701160001;MS2701160001;CX AUTO GIN JAMES COOK 6X1-;CAIXA;JAMES COOK;5000;BLUMEN;14800;OUT;2025;10/2025;;
MS;2701160002;MS2701160002;CX FUNDO AUTO VODKA JAMES COOK 6X1;CAIXA;JAMES COOK;5000;EMB. LUCAS;14800;OUT;2025;10/2025;;
MS;2701050002;MS2701050002;DESTILADO DE ERVAS AROMÁT PARA GIN;AROMA;JAMES COOK;1000;BRUNHOLI;19200;OUT;2025;10/2025;;
MS;2701010200;MS2701010200;ROTULO SLEEVE VODKA JAMES COOK 900ML;ROTULO;SLEEVE;50000;CCL;16600;JAN;2026;01/2026;;
MS;2701010198;MS2701010198;ROTULO SLEEVE GIN JAMES ACET 900ML;ROTULO;SLEEVE;50000;CCL;16600;JAN;2026;01/2026;;
MS;2701040003;MS2701040003;FILME TERMO ENCOLHÍVEL DE 560X006;FILME;DIVERSOS;1000;PACKSEVEN;23500;SET;2025;09/2025;;
MS;2701150004;MS2701150004;VASILHAME OW 600ML (BELLA ROMA);VASILHAME;NORMAL;56700;VERALLIA;64070,999999999993;SET;2025;09/2025;;
PR;2701090002;PR2701090002;ACIDO CITRICO;ACID.E CONSERV.;REF/ENER/ROM/DEL;13750;BORAQUIMICA;123062,49999999999;OUT;2025;10/2025;;
PR;2701050037;PR2701050037;AROMA IDENTICO AO NATURAL FRAMBOESA 77587 SAPORITI;AROMA;REFRIGERANTE;50;SAPORITI;3100;OUT;2025;10/2025;;
PR;2701050010;PR2701050010;AROMA DE LARANJA IDENTICO AO NATURAL;AROMA;REFRIGERANTE;14;DUAS RODAS;1053,08;OUT;2025;10/2025;;
PR;2701130007;PR2701130007;AROMA EXTRATO GUARANA REFRIKO 28;AROMA;REFRIGERANTE;900;SAPORITI;29519,999999999996;OUT;2025;10/2025;;
PR;2701050011;PR2701050011;AROMA LIMAO REFRIKO 41;AROMA;REFRIGERANTE;300;SAPORITI;14400;OUT;2025;10/2025;;
PR;2701050027;PR2701050027;AROMA UVA REFRIKO 84;AROMA;REFRIGERANTE;400;SAPORITI;11200;OUT;2025;10/2025;;
PR;2701100002;PR2701100002;BENZOATO DE SODIO;ACID.E CONSERV.;REF/ENER/NOCH/TON;2500;STAR;30250;OUT;2025;10/2025;;
PR;2701050035;PR2701050035;AROMA ARTIFICIAL GUARANA IFB (PED. KOMPLETO);AROMA;REFRIGERANTE;1000;OTC;22750;OUT;2025;10/2025;;
PR;2701060007;PR2701060007;CORANTE CARAMELO CLASE IV DPC;CORANTE;REFRIGERANTE;650;SAPORITI;4875;OUT;2025;10/2025;;
PR;2701060003;PR2701060003;CORANTE TARTRAZINA;CORANTE;ENERGÉTICO;10;SAPORITI;490;OUT;2025;10/2025;;
PR;2701130006;PR2701130006;EXTRATO DE GUARANA 200% DUAS RODAS;AROMA;ENERG./DELÍR.;350;DUAS RODAS;17475,5;OUT;2025;10/2025;;
PR;2701050023;PR2701050023;PREP ACIDO COLA ;CONCENT./KITs;KIT COLA;150;SAPORITI;3750;OUT;2025;10/2025;;
PR;2701100001;PR2701100001;SORBATO DE POTASSIO 25KG;ACID.E CONSERV.;REF/ENER/ROM/DEL;400;PARKER;6288;OUT;2025;10/2025;;
PR;2701130009;PR2701130009;SUCO CONCENTRADO DE MACA;SUCO;XAROPARIA;1400;INTERSUCOS;16800;OUT;2025;10/2025;;
PR;2701130001;PR2701130001;SUCO CONCENTRADO LARANJA;SUCO;XAROPARIA;200;INTERSUCOS;2400;OUT;2025;10/2025;;
PR;2701130002;PR2701130002;SUCO CONCENTRADO LIMÃO;SUCO;XAROPARIA;100;INTERSUCOS;1650;OUT;2025;10/2025;;
PR;2701130003;PR2701130003;SUCO CONCENTRADO UVA;SUCO;XAROPARIA;300;INTERSUCOS;3900;OUT;2025;10/2025;;
PR;2801120003;PR2801120003;PREMIX ENERG EMULVIT 8959 - BOMBADÃO SAPORITI -IND;CONCENT./KITs;C.ENERGETICO;50;DUAS RODAS;9000;OUT;2025;10/2025;;
PR;2801050006;PR2801050006;AROMA FRUTAS TROPICAIS;AROMA;ENERGÉTICO;300;MONARCH;44871;OUT;2025;10/2025;;
PR;2801050027;PR2801050027;AROMA IDENTICO AO NATURAL DE PESSEGO;AROMA;NOCH DEMAIS;100;SAPORITI;5800;OUT;2025;10/2025;;
PR;2801050019;PR2801050019;AROMA IDENTICO AO NATURAL MARACUJA;AROMA;NOCH DEMAIS;50;DUAS RODAS;2710,5;OUT;2025;10/2025;;
PR;2801050021;PR2801050021;AROMA IDENTICO AO NATURAL MELANCIA;AROMA;ENERGÉTICO;350;DUAS RODAS;13009,5;OUT;2025;10/2025;;
PR;2801050025;PR2801050025;AROMA IDENTICO AO NATURAL MORANGO;AROMA;ENERGÉTICO;200;DUAS RODAS;15176;OUT;2025;10/2025;;
PR;2801050015;PR2801050015;AROMA MAÇA VERDE COD;AROMA;ENERGÉTICO;100;DUAS RODAS;4645;OUT;2025;10/2025;;
PR;2801050023;PR2801050023;AROMA MELAO;AROMA;ENERGÉTICO;200;DUAS RODAS;11794;OUT;2025;10/2025;;
PR;2801090005;PR2801090005;CITRATO DE SODIO;ACID.E CONSERV.;ENERG/DELIRIO;600;TOTAL ING;4968;OUT;2025;10/2025;;
PR;2801130002;PR2801130002;POLPA DE AÇAI DESIDRATA SOL.;AROMA;ENERGÉTICO;100;SANRISIL;5140;OUT;2025;10/2025;;
PR;2801050039;PR2801050039;AROMA ID. AO NATURAL DE UVA VERDE SAPORITI;AROMA;ENERGÉTICO;100;SAPORITI;10800;OUT;2025;10/2025;;
MS;2701210005;MS2701210005;ALGINATO DE PROPILENO GLICOL;CERVEJARIA;OUTROS;200;PROZYN;56758,000000000007;OUT;2025;10/2025;;
MS;2701130007;MS2701130007;AROMA EXTRATO GUARANA REFRIKO 28;AROMA;REFRIGERANTE;500;SAPORITI;16400;OUT;2025;10/2025;;
MS;2701050017;MS2701050017;AROMA IDENTICO AO NATURAL MELANCIA;AROMA;ENERGÉTICO;100;DUAS RODAS;3717;OUT;2025;10/2025;;
MS;2701050013;MS2701050013;AROMA MAÇA VERDE COD;AROMA;ENERGÉTICO;100;DUAS RODAS;4645;OUT;2025;10/2025;;
MS;2701050019;MS2701050019;AROMA MELAO ;AROMA;ENERGÉTICO;100;DUAS RODAS;5897;OUT;2025;10/2025;;
MS;2701050028;MS2701050028;AROMA NATURAL PARA VODKA ;AROMA;VODKA;300;DUAS RODAS;7764;OUT;2025;10/2025;;
MS;2701050027;MS2701050027;AROMA UVA REFRIKO 84;AROMA;REFRIGERANTE;100;SAPORITI;2800;OUT;2025;10/2025;;
MS;2701100002;MS2701100002;BENZOATO DE SODIO;ACID.E CONSERV.;REF/ENER/NOCH/TON;300;STAR;3630;OUT;2025;10/2025;;
MS;2701240002;MS2701240002;CANTONEIRA DE PAPELAO 110x110x1580;CANTONEIRA;CANTONEIRA;7000;SAO JOSE C.;11340;OUT;2025;10/2025;;
MS;3002020007;MS3002020007;CARVÃO ATIVADO;TERRA;XAROPARIA;200;GUARAMEX;2500;OUT;2025;10/2025;;
MS;2701090006;MS2701090006;CITRATO DE SODIO;ACID.E CONSERV.;ENERG/DELIRIO;600;TOTAL ING;4968;OUT;2025;10/2025;;
MS;2701250001;MS2701250001;CLORETO DE CALCIO - IBC;CERVEJARIA;OUTROS;1000;BELA VISTA;4070,0000000000005;OUT;2025;10/2025;;
MS;2701060007;MS2701060007;CORANTE CARAMELO CLASE IV DPC;CORANTE;REFRIGERANTE;600;SAPORITI;4500;OUT;2025;10/2025;;
MS;2701130006;MS2701130006;EXTRATO DE GUARANA 200% DUAS RODAS;AROMA;ENERG./DELÍR.;100;DUAS RODAS;4993;OUT;2025;10/2025;;
MS;2701150001;MS2701150001;VASILHAME GINGUALA 970ML;VASILHAME;NORMAL;126720;VIDROPORTO;198950,39999999999;OUT;2025;10/2025;;
MS;2701150005;MS2701150005;VASILHAME SPIDER 900ML GIN/VODKA;VASILHAME;JAMES COOK;39424;VIDRO PORTO;90675,199999999997;OUT;2025;10/2025;;
MS;2701200002;MS2701200002;LUPULO LSKE;CERVEJARIA;LUPULO;29;LNF LATINO;29506,63;OUT;2025;10/2025;;
MS;2701050023;MS2701050023;PREP ACIDO COLA ;CONCENT./KITs;KIT COLA;250;SAPORITI;6250;OUT;2025;10/2025;;
MS;2701130009;MS2701130009;SUCO CONCENTRADO DE MACA;SUCO;XAROPARIA;300;INTERSUCOS;3600;OUT;2025;10/2025;;
MS;2701030035;MS2701030035;TAMPA METALICA PRETA LISA;TAMPA;VIDRO NAC;500000;IND REUNIDAS;24500;OUT;2025;10/2025;;
MS;3002020010;MS3002020010;TERRA CELITE DIATOMITA 2500/535;TERRA;CERVEJARIA;4154,1;VENETO;36556,080000000002;OUT;2025;10/2025;;
MS;3002020009;MS3002020009;TERRA CELITE DIATOMITA SPEEDFLOW/STANDARD (VERMELHO);TERRA;CERVEJARIA;1793,3;VENETO;15781,04;OUT;2025;10/2025;;
MS;3002020011;MS3002020011;TERRA DIATOMITA 341/HYFLOW (AZUL);TERRA;XAROPARIA;249,7;VENETO;2197,36;OUT;2025;10/2025;;
MS;2701150003;MS2701150003;VASILHAME NOVO 330ML;VASILHAME;LONGNECK;95480;VIDROPORTO;84022,399999999994;OUT;2025;10/2025;;
MS;2701150004;MS2701150004;VASILHAME OW 600ML (BELLA ROMA);VASILHAME;NORMAL;170100;VERALLIA;192212,99999999997;OUT;2025;10/2025;;
SP;2801010063;SP2801010063;ROTULO BOPP AGUA C/ GAS HIDRATAR 500ML                   ;ROTULO;BOPP;3000000;TRIA;31680;OUT;2025;10/2025;;
MS;2701260003;MS2701260003;LACRE BARRIL MOEMA;LACRE;CHOPP;5000;INDALFA;1825;SET;2025;09/2025;;
PR;2701070006;PR2701070006;ACESSULFAME DE POTASSIO;EDULCORANTE;XAROPARIA;150;GERAL;4279,5;NOV;2025;11/2025;;
PR;2701050001;PR2701050001;AROMA NATURAL MOUTHFEEL FASV259 ADM;AROMA;REFRIGERANTE;180;ADM;29772;NOV;2025;11/2025;;
PR;2701070004;PR2701070004;CICLAMATO DE SÓDIO ;EDULCORANTE;XAROPARIA;250;PARKER;3545;NOV;2025;11/2025;;
PR;2701050020;PR2701050020;EMULSÃO COLA E-0388 ADM (NOVO) (usar no 500 ml);EMULSAO;XAROPARIA;50;ADM;19225,5;NOV;2025;11/2025;;
PR;2701050018;PR2701050018;EMULSAO LARANJA REFRIKO 98;EMULSAO;XAROPARIA;600;SAPORITI;19680;NOV;2025;11/2025;;
PR;2701010156;PR2701010156;ROTULO BOPP REFRISHOW GUARANA 2 L;ROTULO;BOPP;400000;MABFLEX;14199,999999999998;NOV;2025;11/2025;;
PR;2701010135;PR2701010135;ROTULO FRAMBOESA REDUZIDO 2L (exclusivo SJP);ROTULO;BOPP;200000;MABFLEX;7099,9999999999991;NOV;2025;11/2025;;
PR;2701010132;PR2701010132;ROTULO REFRIKO COLA 2L;ROTULO;BOPP;200000;MABFLEX;7099,9999999999991;NOV;2025;11/2025;;
PR;2701010161;PR2701010161;ROTULO TERNURA TUBAINA 2L;ROTULO;BOPP;200000;MABFLEX;7099,9999999999991;NOV;2025;11/2025;;
PR;2701010163;PR2701010163;ROTULO TUBA JUJUBA 2L;ROTULO;BOPP;200000;MABFLEX;7099,9999999999991;NOV;2025;11/2025;;
PR;2701010164;PR2701010164;ROTULO TUBAJUJUBA LARANJA S/SUCO 2L;ROTULO;BOPP;100000;MABFLEX;3549,9999999999995;NOV;2025;11/2025;;
PR;2701010147;PR2701010147;ROTULO REFRIKO LIMÃO DQI1% 2L;ROTULO;BOPP;200000;MABFLEX;7099,9999999999991;NOV;2025;11/2025;;
PR;2701070002;PR2701070002;SACARINA SÓDICA;EDULCORANTE;XAROPARIA;150;DAXIA;4447,5;NOV;2025;11/2025;;
PR;2701070001;PR2701070001;SUCRALOSE;EDULCORANTE;XAROPARIA;475;WENDA;41800;NOV;2025;11/2025;;
PR;2701030037;PR2701030037;TAMPA AMARELA LISA;TAMPA;PET;5140800;OXFORD;228508,56000000003;NOV;2025;11/2025;;
PR;2701030043;PR2701030043;TAMPA LARANJA REFRIKO;TAMPA;PET;1058400;OXFORD;47045,880000000005;NOV;2025;11/2025;;
PR;2701030044;PR2701030044;TAMPA LILAS LISA;TAMPA;PET;756000;OXFORD;33604,200000000004;NOV;2025;11/2025;;
PR;2701030049;PR2701030049;TAMPA VERDE REFRIKO;TAMPA;PET;3175200;OXFORD;141137,64000000001;NOV;2025;11/2025;;
PR;2701030050;PR2701030050;TAMPA VERMELHA LISA;TAMPA;PET;756000;OXFORD;33604,200000000004;NOV;2025;11/2025;;
PR;2801050003;PR2801050003;CONCENTRADO BEBIDAS ENERGETICA;AROMA;KIT ENERGÉTICO;261,1420613;ADM;533974,51253481896;NOV;2025;11/2025;;
PR;2801120002;PR2801120002;PREMIX ENERG EMULVIT 8942;CONCENT./KITs;C.ENERGETICO;3800;QUANTIQ;68590;NOV;2025;11/2025;;
PR;2801010099;PR2801010099;ROTULO FURIOSO 250ML;ROTULO;SLEEVE;1500000;CCL;75565,5;NOV;2025;11/2025;;
PR;2801010100;PR2801010100;ROTULO FURIOSO 2L;ROTULO;SLEEVE;350000;CCL;72170;NOV;2025;11/2025;;
PR;2801010093;PR2801010093;ROTULO FURIOSO AÇAI 250ML;ROTULO;SLEEVE;200000;CCL;10075,4;NOV;2025;11/2025;;
PR;2801010094;PR2801010094;ROTULO FURIOSO CITRUS 250 ML;ROTULO;SLEEVE;200000;CCL;10075,4;NOV;2025;11/2025;;
PR;2801010097;PR2801010097;ROTULO FURIOSO MELANCIA E MORANGO 250ML;ROTULO;SLEEVE;150000;CCL;7556,5499999999993;NOV;2025;11/2025;;
PR;2801010098;PR2801010098;ROTULO FURIOSO MELANCIA E MORANGO 2L;ROTULO;SLEEVE;100000;CCL;20620;NOV;2025;11/2025;;
PR;2801010095;PR2801010095;ROTULO FURIOSO MELAO 250ML;ROTULO;SLEEVE;200000;CCL;10075,4;NOV;2025;11/2025;;
PR;2801010096;PR2801010096;ROTULO FURIOSO MELAO 2L;ROTULO;SLEEVE;100000;CCL;20620;NOV;2025;11/2025;;
PR;2801010101;PR2801010101;ROTULO FURIOSO TROPICAL 250ML;ROTULO;SLEEVE;200000;CCL;10075,4;NOV;2025;11/2025;;
PR;2801010102;PR2801010102;ROTULO FURIOSO TROPICAL 2L;ROTULO;SLEEVE;150000;CCL;30930;NOV;2025;11/2025;;
PR;2801010072;PR2801010072;ROTULO GUARANA REDUZIDO 200 ML ;ROTULO;BOPP;1500000;TRIA;12000;NOV;2025;11/2025;;
PR;2801010077;PR2801010077;ROTULO REFRIKO LIMÃO DQI1% 200 ML;ROTULO;BOPP;1500000;TRIA;12000;NOV;2025;11/2025;;
MS;2701070006;MS2701070006;ACESSULFAME DE POTASSIO;EDULCORANTE;XAROPARIA;50;MCASSAB;1426,5;NOV;2025;11/2025;;
MS;2701050001;MS2701050001;AROMA NATURAL MOUTHFEEL FASV259 ADM;AROMA;REFRIGERANTE;60;ADM;9924;NOV;2025;11/2025;;
MS;2701070005;MS2701070005;ASPARTAME;EDULCORANTE;XAROPARIA;100;MCASSAB;6126;NOV;2025;11/2025;;
MS;2701070004;MS2701070004;CICLAMATO DE SÓDIO ;EDULCORANTE;XAROPARIA;100;PARKER;1418;NOV;2025;11/2025;;
MS;2701050040;MS2701050040;CONCENTRADO BEBIDAS ENERGETICA;AROMA;KIT ENERGÉTICO;87,04735376;ADM;180787,43036211701;NOV;2025;11/2025;;
MS;2701010052;MS2701010052;CONTRA ROTULO BAMBOA 330ML (ARTE NOVA);ROTULO;ADESIVO;200000;EASY LABEL;11222;NOV;2025;11/2025;;
MS;2701050020;MS2701050020;EMULSÃO COLA E-0388 ADM (NOVO);EMULSAO;XAROPARIA;50;ADM;19225,5;NOV;2025;11/2025;;
MS;2701050018;MS2701050018;EMULSAO LARANJA REFRIKO 98;EMULSAO;XAROPARIA;300;SAPORITI;9840;NOV;2025;11/2025;;
MS;2701120001;MS2701120001;PREMIX ENERG EMULVIT 8942;CONCENT./KITs;C.ENERGETICO;1200;CALDIC;21660;NOV;2025;11/2025;;
MS;2701010052;MS2701010052;CONTRA ROTULO BAMBOA 330ML (ARTE NOVA);ROTULO;ADESIVO;200000;EASY LABEL;11222;NOV;2025;11/2025;;
MS;2701010119;MS2701010119;ROTULO BAMBOA TRADICIONAL VODKA;ROTULO;ADESIVO;150000;GRAFIMAX;11550;NOV;2025;11/2025;;
MS;2701010191;MS2701010191;ROTULO FURIOSO 2L;ROTULO;SLEEVE;100000;CCL;20620;NOV;2025;11/2025;;
MS;2701010187;MS2701010187;ROTULO FURIOSO MELANCIA E MORANGO 2L;ROTULO;SLEEVE;50000;CCL;10310;NOV;2025;11/2025;;
MS;2701010193;MS2701010193;ROTULO FURIOSO TROPICAL 2L;ROTULO;SLEEVE;50000;CCL;10310;NOV;2025;11/2025;;
MS;2701010138;MS2701010138;ROTULO GUARANA 2L;ROTULO;BOPP;200000;MABFLEX;7099,9999999999991;NOV;2025;11/2025;;
MS;2701010161;MS2701010161;ROTULO TERNURA TUBAINA 2L;ROTULO;BOPP;200000;MABFLEX;7099,9999999999991;NOV;2025;11/2025;;
MS;2701070002;MS2701070002;SACARINA SÓDICA;EDULCORANTE;XAROPARIA;50;MCASSAB;1482,5;NOV;2025;11/2025;;
MS;2701040011;MS2701040011;SHRINK MOEMA 350ML - 390X0,06;FILME;MOEMA;10000;PATENA;315100;NOV;2025;11/2025;;
MS;2701040010;MS2701040010;SHRINK MOEMA 473ML - 400X0,06;FILME;MOEMA;2000;PATENA;29000;NOV;2025;11/2025;;
MS;2701030037;MS2701030037;TAMPA AMARELA LISA;TAMPA;PET;1209600;OXFORD;59270,400000000001;NOV;2025;11/2025;;
MS;2701030043;MS2701030043;TAMPA LARANJA REFRIKO;TAMPA;PET;302400;OXFORD;14817,6;NOV;2025;11/2025;;
MS;2701030049;MS2701030049;TAMPA VERDE REFRIKO;TAMPA;PET;453600;OXFORD;22226,400000000001;NOV;2025;11/2025;;
MS;2701030050;MS2701030050;TAMPA VERMELHA LISA;TAMPA;PET;151200;OXFORD;7408,8;NOV;2025;11/2025;;
SP;2801030014;SP2801030014;TAMPA PLASTICA AZUL OMNI                             ;TAMPA;PET;604800;OPS;26207,798400000003;NOV;2025;11/2025;;
SP;2801030017;SP2801030017;TAMPA PLASTICA PRETA OMNI 120 COM VEDANTE;TAMPA;PET;1512000;OPS;65519,496000000006;NOV;2025;11/2025;;
PR;2701020055;PR2701020055;PREFORMA 18G CRISTAL;PREFORMA;FURIOSO 250ML;2708160;ENGEPACK;695022,18239999993;OUT;2025;10/2025;;
PR;2701020058;PR2701020058;PREFORMA 39,7G CRISTAL;PREFORMA;TERNURA LARANJA;50560;ENGEPACK;22499,200000000001;OUT;2025;10/2025;;
PR;2701020059;PR2701020059;PREFORMA 41G CRISTAL;PREFORMA;REFRIKO 2L;342912;ENGEPACK;178725,73439999999;OUT;2025;10/2025;;
PR;2701020101;PR2701020101;PREFORMA 39,7G VERDE;PREFORMA;REFRISHOW;469248;ENGEPACK;208815,36000000002;OUT;2025;10/2025;;
PR;2701020101;PR2701020101;PREFORMA 39,7G VERDE;PREFORMA;REFRISHOW;258816;ENGEPACK;115173,12;OUT;2025;10/2025;;
PR;2701020102;PR2701020102;PREFORMA 41G VERDE;PREFORMA;REFRIKO 2L;794112;ENGEPACK;413891,17440000002;OUT;2025;10/2025;;
PR;2701020075;PR2701020075;PREFORMA PET 46,7GR CRISTAL ;PREFORMA;FURIOSO 2L;709152;ENGEPACK;487533,49017599999;OUT;2025;10/2025;;
PR;2801020035;PR2801020035;PREFORMA PET 200 ML CRISTAL 12 g;PREFORMA;REFRIKO 200ML;1432704;ENGEPACK;283600,89139200002;OUT;2025;10/2025;;
PR;2801020053;PR2801020053;PREFORMA PET 200 ML VERDE 12 g;PREFORMA;REFRIKO 200ML;1845984;ENGEPACK;365408,84083200002;OUT;2025;10/2025;;
MS;2701020115;MS2701020115;PREFORMA 18 A 20G VERDE 500 ML - DESCONTINUAR;PREFORMA;REFRIKO 500ML;0;GERAL;0;OUT;2025;10/2025;;
MS;2701020059;MS2701020059;PREFORMA 41 G CRISTAL;PREFORMA;REFRIKO 2L;75168;ENVASES;41740,790399999998;OUT;2025;10/2025;;
MS;2701020102;MS2701020102;PREFORMA 41 G VERDE;PREFORMA;REFRIKO 2L;309024;ENVASES;124011,3312;OUT;2025;10/2025;;
MS;2701020109;MS2701020109;PREFORMA 54,4GR VERDE SHORT;PREFORMA;REFRIKO 3L;20328;BRASPET;11367,82416;OUT;2025;10/2025;;
MS;2701020046;MS2701020046;PREFORMA 31,7G CRISTAL;PREFORMA;FURIOSO 1L;22608;BRASPET;9399,7281599999988;OUT;2025;10/2025;;
MS;2701020075;MS2701020075;PREFORMA PET 46,7GR CRISTAL;PREFORMA;FURIOSO 2L;162336;BRASPET;96427,584000000003;OUT;2025;10/2025;;
SP;2801020042;SP2801020042;PREFORMA 15G CRISTAL;PREFORMA;PET 500 PA;197280;ENGEPACK;43663,982400000001;OUT;2025;10/2025;;
SP;2801020041;SP2801020041;PREFORMA 18G CRISTAL 500 ML;PREFORMA;PET 500 PA;1183680;ENGEPACK;303779,63519999996;OUT;2025;10/2025;;
PR;2701040004;PR2701040004;FILME TERMO ENCOLHIVEL 600 MM X 0,04 ;FILME;REFRI;3000;EPA;42300;DEZ;2025;12/2025;;
PR;2701040005;PR2701040005;FILME TERMO ENCOLHIVEL 660 MM X 0,04;FILME;ENERGÉTICO;3000;PACKSEVEN;70500;JAN;2026;01/2026;;
PR;2701040006;PR2701040006;FILME TERMO ENCOLHIVEL 860/5 MM;FILME;JUJ/TERN;3000;GERAL;70725;DEZ;2025;12/2025;;
PR;2701040007;PR2701040007;FILME TERMO ENCOLHIVEL 860/0,06 MM;FILME;REFR/ENERG.;9000;EPA;212175;DEZ;2025;12/2025;;
MS;2701240004;MS2701240004;CHAPA SEM IMPRESSAO 1000X1200 (NOVA);SEPARADOR DE CAMADAS;CHAPA;82000;CPEL;102500;DEZ;2025;12/2025;;
MS;2701040009;MS2701040009;FILME STRETCH POLIETILENO 500X0023;FILME;STRETCH;3000;EPA;68550;DEZ;2025;12/2025;;
MS;2701040001;MS2701040001;FILME TERMO ENCOLHIVEL 420 X 0,05;FILME;JUJ/TERN;3000;PATENA;63000;DEZ;2025;12/2025;;
MS;2701040003;MS2701040003;FILME TERMO ENCOLHÍVEL DE 560X006;FILME;DIVERSOS;3000;PACKSEVEN;70500;DEZ;2025;12/2025;;
MS;2701040015;MS2701040015;FILME TERMOENCOLHIVEL LISO 380X0,06MM;FILME;VIDRO;3000;EPA;63000;DEZ;2025;12/2025;;
SP;2801040018;SP2801040018;FILME TERMOENCOLHIVEL LISO 390X0,05MM                    ;FILME;ÁGUA 500;3000;PATENA;70725;DEZ;2025;12/2025;;
PA;11070046;PA11070046;PREFORMA 18 ou 20,6G CRISTAL;PREFORMA;PET 500 PA;98640;ENVASES;23279,039999999997;OUT;2025;10/2025;;
PA;11070012;PA11070012;PREFORMA 46,0G CRISTAL OU 45,7 G;PREFORMA;PET 2L PA;202752;AMCOR;99348,479999999996;OUT;2025;10/2025;;
PA;11070013;PA11070013;PREFORMA 46,0G VERDE OU 45,7 G;PREFORMA;PET 2L PA;33792;AMCOR;16558,079999999998;OUT;2025;10/2025;;
PA;11070032;PA11070032;PREFORMA 48GR CRISTAL OU 50,7 G;PREFORMA;PET 2,5L PA;716800;AMCOR;356966,40000000002;OUT;2025;10/2025;;
PA;11070033;PA11070033;PREFORMA 48GR VERDE OU 50,7 G;PREFORMA;PET 2,5L PA;224000;AMCOR;111552;OUT;2025;10/2025;;
PA;11070041;PA11070041;PREFORMA PET 200 ML CRISTAL 12 G;PREFORMA;PET 200 PA;257400;ENVASES;40926,6;OUT;2025;10/2025;;
PA;11070048;PA11070048;PREFORMA PET 200 ML VERDE 12 G;PREFORMA;PET 200 PA;163800;ENVASES;26044,2;OUT;2025;10/2025;;
PA;10010001;PA10010001;ACUCAR CRISTAL;AÇUCAR;XAROPARIA;200000;CERTANO;455584;OUT;2025;10/2025;;
PA;10090017;PA10090017;EMULSAO LARANJA REFRIKO 98;EMULSAO;XAROPARIA;600;SAPORITI;21600;OUT;2025;10/2025;;
PA;10020009;PA10020009;AROMA UVA REFRIKO 84;AROMA;REFRIGERANTE;600;SAPORITI;14100;OUT;2025;10/2025;;
PA;10100012;PA10100012;BENZOATO DE SODIO;ACID.E CONSERV.;REF/ENER/NOCH/TON;1000;STAR;10352;OUT;2025;10/2025;;
PA;10100006;PA10100006;CITRATO DE SODIO;ACID.E CONSERV.;ENERG/DELIRIO;500;TOTAL ING;5185;OUT;2025;10/2025;;
PA;10090291;PA10090291;EXTRATO DE GUARANA 200% DUAS RODAS;AROMA;REFRIGERANTE;150;DUAS RODAS;7180,5;OUT;2025;10/2025;;
PA;10100002;PA10100002;SORBATO DE POTASSIO 25KG;ACID.E CONSERV.;REF/ENER/ROM/DEL;500;OXYGEN;9275;OUT;2025;10/2025;;
PA;12084720;PA12084720;TERRA DIATOMITA GROSSA DICALITE 341 MC;TERRA;XAROPARIA;1770;VENETO;14637,9;OUT;2025;10/2025;;
PA;10100003;PA10100003;ACIDO CITRICO;ACID.E CONSERV.;REF/ENER/ROM/DEL;12000;BORAQUIMICA;121200;NOV;2025;11/2025;;
PA;10020012;PA10020012;AROMA DE GUARANA 31835 ADM;AROMA;REFRIGERANTE;350;ADM;42070;NOV;2025;11/2025;;
PA;10090017;PA10090017;EMULSAO LARANJA REFRIKO 98;EMULSAO;XAROPARIA;700;SAPORITI;25200;NOV;2025;11/2025;;
PA;10020011;PA10020011;AROMA NATURAL MOUTHFEEL FASV259 ADM;AROMA;REFRIGERANTE;100;ADM;15752,000000000002;NOV;2025;11/2025;;
PA;10020009;PA10020009;AROMA UVA REFRIKO 84;AROMA;REFRIGERANTE;600;SAPORITI;14100;NOV;2025;11/2025;;
PA;10090295;PA10090295;CONCENTRADO COLA IAB 7729 (NOVO);CONCENT./KITs;KIT COLA;2500;INTERAMERICA;55975;NOV;2025;11/2025;;
PA;10090292;PA10090292;CORANTE AMARANTO;CORANTE;REFRIGERANTE;50;SAPORITI;3399,4999999999995;NOV;2025;11/2025;;
PA;10090056;PA10090056;CORANTE AMARELO SUNSET;CORANTE;XAROPARIA;15;SAPORITI;627,6;NOV;2025;11/2025;;
PA;10090294;PA10090294;CORANTE CARAMELO CLASE IV DPC;CORANTE;REFRIGERANTE;500;SAPORITI;2400;NOV;2025;11/2025;;
PA;10090291;PA10090291;EXTRATO DE GUARANA 200% DUAS RODAS;AROMA;REFRIGERANTE;200;DUAS RODAS;9574;NOV;2025;11/2025;;
PA;10090290;PA10090290;PREMIX ENERG EMULVIT 8942 ADM;CONCENT./KITs;C.ENERGETICO;200;QUANTIQ;5360;NOV;2025;11/2025;;
PA;11080235;PA11080235;ROTULO FURIOSO MELANCIA E MORANGO 250ML;ROTULO;SLEEVE-PA;100000;CCL;6581,0000000000009;NOV;2025;11/2025;;
PA;11080239;PA11080239;ROTULO FURIOSO TROPICAL 250ML;ROTULO;SLEEVE-PA;100000;CCL;6581,0000000000009;NOV;2025;11/2025;;
PA;11080241;PA11080241;RÓTULO MICOS COLA 2,5L;ROTULO;BOPP-PA;400000;ELLOFLEX;13580;NOV;2025;11/2025;;
PA;11080244;PA11080244;ROTULO MICOS COLA 500ML;ROTULO;BOPP-PA;300000;ELLOFLEX;10119,000000000002;NOV;2025;11/2025;;
PA;11080245;PA11080245;RÓTULO MICOS GUARANA 2,5L;ROTULO;BOPP-PA;400000;ELLOFLEX;13580;NOV;2025;11/2025;;
PA;11080246;PA11080246;RÓTULO MICOS GUARANÁ 200ML;ROTULO;BOPP-PA;400000;ELLOFLEX;2360;NOV;2025;11/2025;;
PA;11080249;PA11080249;RÓTULO MICOS LARANJA 2,5L;ROTULO;BOPP-PA;400000;ELLOFLEX;13580;NOV;2025;11/2025;;
PA;11080250;PA11080250;RÓTULO MICOS LARANJA 200ML;ROTULO;BOPP-PA;500000;ELLOFLEX;2950;NOV;2025;11/2025;;
PA;11080253;PA11080253;RÓTULO MICOS UVA 2,5L;ROTULO;BOPP-PA;400000;ELLOFLEX;13580;NOV;2025;11/2025;;
MS;2701170003;MS2701170003;VINHO DE MESA TINTO SECO GRANEL;VINHO;TANQUE;42000;BEBIDAS GAZZI;176400;SET;2025;09/2025;;
MS;2701170003;MS2701170003;VINHO DE MESA TINTO SECO GRANEL;VINHO;TANQUE;42000;BEBIDAS GAZZI;176400;SET;2025;09/2025;;
MS;2701170003;MS2701170003;VINHO DE MESA TINTO SECO GRANEL;VINHO;TANQUE;42000;BEBIDAS GAZZI;176400;OUT;2025;10/2025;;
MS;2701170003;MS2701170003;VINHO DE MESA TINTO SECO GRANEL;VINHO;TANQUE;42000;BEBIDAS GAZZI;176400;OUT;2025;10/2025;;
MS;2701170003;MS2701170003;VINHO DE MESA TINTO SECO GRANEL;VINHO;TANQUE;42000;BEBIDAS GAZZI;176400;OUT;2025;10/2025;;
MS;2701170003;MS2701170003;VINHO DE MESA TINTO SECO GRANEL;VINHO;TANQUE;42000; GAZZI;176400;NOV;2025;11/2025;;
MS;2701170003;MS2701170003;VINHO DE MESA TINTO SECO GRANEL;VINHO;TANQUE;42000; GAZZI;176400;NOV;2025;11/2025;;
PA;11080233;PA11080233;ROTULO FURIOSO 2L;ROTULO;SLEEVE-PA;100000;CCL;28732,000000000004;NOV;2025;11/2025;;
PA;11080237;PA11080237;ROTULO FURIOSO MELAO 250ML;ROTULO;SLEEVE-PA;100000;CCL;6581,0000000000009;NOV;2025;11/2025;;
PA;11080236;PA11080236;ROTULO FURIOSO MELANCIA E MORANGO 2L;ROTULO;SLEEVE-PA;50000;CCL;14366,000000000002;NOV;2025;11/2025;;
PA;11080238;PA11080238;ROTULO FURIOSO MELAO 2L;ROTULO;SLEEVE-PA;50000;CCL;14366,000000000002;NOV;2025;11/2025;;
PA;11080240;PA11080240;ROTULO FURIOSO TROPICAL 2L;ROTULO;SLEEVE-PA;50000;ALL4LABELL;14366,000000000002;NOV;2025;11/2025;;
MS;2701140029;MS2701140029;TAMPA - LATA 350/269/473ML - B64;TAMPA;LATA;10782720;CROWN;2587852,7999999998;DEZ;2025;12/2025;;
MS;2701190004;MS2701190004;XAROPE DE HIGH MALTOSE 25KG (BREWGILL);CERVEJARIA;OUTROS;121710;TEREOS;338353,8;SET;2025;09/2025;;
MS;2701190004;MS2701190004;XAROPE DE HIGH MALTOSE 25KG (BREWGILL);CERVEJARIA;OUTROS;178810;TEREOS;497091,8;OUT;2025;10/2025;;
MS;2701190001;MS2701190001;MALTE PILSEN BAG 1000 - BARLEY;CERVEJARIA;MALTE;240720;AGRARIA;791968,8;OUT;2025;10/2025;;
MS;2701080001;MS2701080001;ACUCAR CRISTAL;AÇUCAR;XAROPARIA;187200;RAIZEN;344448;OUT;2025;10/2025;;
PR;2701080001;PR2701080001;ACUCAR CRISTAL;AÇUCAR;XAROPARIA;264000;RAIZEN;485760;OUT;2025;10/2025;;
PR;2801010103;PR2801010103;ROTULO FURIOSO UVA VERDE 250ML;ROTULO;SLEEVE;500000;CCL;25188,5;OUT;2025;10/2025;;
PR;2801010103;PR2801010103;ROTULO FURIOSO UVA VERDE 250ML;ROTULO;SLEEVE;200000;GERAL;10075,4;NOV;2025;11/2025;;
MS;2701150006;MS2701150006;VASILHAME AMBAR 300ML - LITRINHO;VASILHAME;NORMAL;101640;VIDROPORTO;75213,600000000006;OUT;2025;10/2025;;
SP;2801180002;SP2801180002;COPO AGUA HIDRATAR 200ML;COPO;AGUA 200;500000;POLIGYN;76450;NOV;2025;11/2025;;
SP;2801260003;SP2801260003;LACRE AGUA HIDRATAR 200ML;LACRE;AGUA 200;500000;OKRA;18200;NOV;2025;11/2025;;
SP;2801040018;SP2801040018;FILME TERMOENCOLHIVEL LISO 390X0,05MM                    ;FILME;ÁGUA 500;2000;PACKSEVEN;47150;OUT;2025;10/2025;;
PA;10010001;PA10010001;ACUCAR CRISTAL;AÇUCAR;XAROPARIA;250000;CERTANO;569480;NOV;2025;11/2025;;
PA;10090100;PA10090100;ASPARTAME;EDULCORANTE;XAROPARIA;120;MCASSAB;8446,7999999999993;NOV;2025;11/2025;;
PA;10100024;PA10100024;CICLAMATO DE SÓDIO ;EDULCORANTE;XAROPARIA;300;PARKER;5961;NOV;2025;11/2025;;
PA;10090293;PA10090293;SUCO CONCENTRADO DE MACA;SUCO;XAROPARIA;1600;INTER SUCOS;18400;NOV;2025;11/2025;;
PA;10090090;PA10090090;SUCO CONCENTRADO LARANJA;SUCO;XAROPARIA;350;INTER SUCOS;3675;NOV;2025;11/2025;;
PA;10090094;PA10090094;SUCO CONCENTRADO UVA;SUCO;XAROPARIA;250;INTERSUCOS;2625;NOV;2025;11/2025;;
PA;11090001;PA11090001;TAMPA LARANJA REFRIKO;TAMPA;PET;453600;RAVIBRAS;21169,512000000002;NOV;2025;11/2025;;
PA;11090034;PA11090034;TAMPA LILAS LISA;TAMPA;PET;302400;RAVIBRAS;14113,008000000002;NOV;2025;11/2025;;
PA;11090031;PA11090031;TAMPA VERMELHA LISA;TAMPA;PET;1058400;RAVIBRAS;49395,528000000006;NOV;2025;11/2025;;
PA;10090273;PA10090273;ACESSULFAME DE POTASSIO;EDULCORANTE;XAROPARIA;100;BUSCHLE;3490;DEZ;2025;12/2025;;
PA;10020012;PA10020012;AROMA DE GUARANA 31835 ADM;AROMA;REFRIGERANTE;350;ADM;42070;DEZ;2025;12/2025;;
PA;10020001;PA10020001;AROMA DE LARANJA IDENTICO AO NATURAL;AROMA;REFRIGERANTE;23;DUAS RODAS;1786,1799999999998;DEZ;2025;12/2025;;
PA;10090017;PA10090017;EMULSAO LARANJA REFRIKO 98;EMULSAO;XAROPARIA;650;SAPORITI;23400;DEZ;2025;12/2025;;
PA;10020011;PA10020011;AROMA NATURAL MOUTHFEEL FASV259 ADM;AROMA;REFRIGERANTE;100;ADM;15752,000000000002;DEZ;2025;12/2025;;
PA;10020009;PA10020009;AROMA UVA REFRIKO 84;AROMA;REFRIGERANTE;600;SAPORITI;14100;DEZ;2025;12/2025;;
PA;10090100;PA10090100;ASPARTAME;EDULCORANTE;XAROPARIA;120;BUSCHLE;8446,7999999999993;DEZ;2025;12/2025;;
PA;10100012;PA10100012;BENZOATO DE SODIO;ACID.E CONSERV.;REF/ENER/NOCH/TON;1000;DAXIA;10352;DEZ;2025;12/2025;;
PA;10100024;PA10100024;CICLAMATO DE SÓDIO ;EDULCORANTE;XAROPARIA;300;PARKER;5961;DEZ;2025;12/2025;;
PA;10090274;PA10090274;CONCENTRADO BEBIDAS ENERGETICA;AROMA;KIT ENERGÉTICO;600;WILD;98834,853760445709;DEZ;2025;12/2025;;
PA;10090295;PA10090295;CONCENTRADO COLA IAB 7729 (NOVO);CONCENT./KITs;KIT COLA;2500;INTERAMERICA;55975;DEZ;2025;12/2025;;
PA;10090291;PA10090291;EXTRATO DE GUARANA 200% DUAS RODAS;AROMA;REFRIGERANTE;150;DUAS RODAS;7180,5;DEZ;2025;12/2025;;
PA;12030001;PA12030001;FILME STRETCH POLIETILENO 500X0023;FILME;STRETCH;3400;EPA;33320;DEZ;2025;12/2025;;
PA;11040794;PA11040794;FILME TERMO - 390X0,05;FILME;REFRI;2000;PRISMAPACK;20700;DEZ;2025;12/2025;;
PA;11040793;PA11040793;FILME TERMO - 480X0,06;FILME;REFRI;9000;EPA;93150;DEZ;2025;12/2025;;
PA;10090290;PA10090290;PREMIX ENERG EMULVIT 8942 ADM;CONCENT./KITs;C.ENERGETICO;200;QUANTIQ;5360;DEZ;2025;12/2025;;
PA;11080241;PA11080241;RÓTULO MICOS COLA 2,5L;ROTULO;BOPP-PA;300000;ELLOFLEX;10185;DEZ;2025;12/2025;;
PA;11080247;PA11080247;ROTULO MICOS GUARANA 2L;ROTULO;BOPP-PA;300000;ELLOFLEX;12489;DEZ;2025;12/2025;;
PA;11080248;PA11080248;ROTULO MICOS GUARANA 500ML;ROTULO;BOPP-PA;300000;ELLOFLEX;10119,000000000002;DEZ;2025;12/2025;;
PA;11080254;PA11080254;RÓTULO MICOS UVA 200ML;ROTULO;BOPP-PA;500000;ELLOFLEX;2950;DEZ;2025;12/2025;;
PA;11080256;PA11080256;ROTULO MICOS UVA 500ML;ROTULO;BOPP-PA;200000;ELLOFLEX;6746,0000000000009;DEZ;2025;12/2025;;
PA;11080266;PA11080266;ROTULO TUCA UVA 200ML;ROTULO;BOPP-PA;200000;ELLOFLEX;1180;JAN;2026;01/2026;;
PA;10090293;PA10090293;SUCO CONCENTRADO DE MACA;SUCO;XAROPARIA;1500;INTERSUCOS;17250;DEZ;2025;12/2025;;
PA;10090090;PA10090090;SUCO CONCENTRADO LARANJA;SUCO;XAROPARIA;300;INTERSUCOS;3150;DEZ;2025;12/2025;;
PA;10090094;PA10090094;SUCO CONCENTRADO UVA;SUCO;XAROPARIA;250;INTERSUCOS;2625;DEZ;2025;12/2025;;
PA;10090071;PA10090071;SUCRALOSE;EDULCORANTE;XAROPARIA;200;PARKER;22812;DEZ;2025;12/2025;;
PA;11070046;PA11070046;PREFORMA 18 ou 20,6G CRISTAL;PREFORMA;PET 500 PA;19728;GERAL;4655,808;NOV;2025;11/2025;;
PA;11070047;PA11070047;PREFORMA 18 ou 20,6G VERDE;PREFORMA;PET 500 PA;98640;GERAL;23279,039999999997;NOV;2025;11/2025;;
PA;11070012;PA11070012;PREFORMA 46,0G CRISTAL OU 45,7 G;PREFORMA;PET 2L PA;92928;AMCOR;45534,720000000001;NOV;2025;11/2025;;
PA;11070013;PA11070013;PREFORMA 46,0G VERDE OU 45,7 G;PREFORMA;PET 2L PA;84480;AMCOR;41395,199999999997;NOV;2025;11/2025;;
PA;11070032;PA11070032;PREFORMA 48GR CRISTAL OU 50,7 G;PREFORMA;PET 2,5L PA;546560;AMCOR;272186,88;NOV;2025;11/2025;;
PA;11070033;PA11070033;PREFORMA 48GR VERDE OU 50,7 G;PREFORMA;PET 2,5L PA;179200;AMCOR;89241,600000000006;NOV;2025;11/2025;;
PR;2801020035;PR2801020035;PREFORMA PET 200 ML CRISTAL 12 g;PREFORMA;REFRIKO 200ML;716352;ENGEPACK;141800,44569600001;NOV;2025;11/2025;;
PR;2801020035;PR2801020035;PREFORMA PET 200 ML CRISTAL 12 g;PREFORMA;REFRIKO 200ML;330624;ENGEPACK;65446,359552000002;NOV;2025;11/2025;;
PR;2801020053;PR2801020053;PREFORMA PET 200 ML VERDE 12 g;PREFORMA;REFRIKO 200ML;2341920;ENGEPACK;463578,38016000006;NOV;2025;11/2025;;
PR;2801020053;PR2801020053;PREFORMA PET 200 ML VERDE 12 g;PREFORMA;REFRIKO 200ML;1102080;ENGEPACK;218154,53184000001;NOV;2025;11/2025;;
PR;2701020055;PR2701020055;PREFORMA 18G CRISTAL;PREFORMA;FURIOSO 250ML;2312392;ENGEPACK;593452,28287999996;NOV;2025;11/2025;;
PR;2701020055;PR2701020055;PREFORMA 18G CRISTAL;PREFORMA;FURIOSO 250ML;624960;ENGEPACK;160389,73439999999;NOV;2025;11/2025;;
PR;2701020058;PR2701020058;PREFORMA 39,7G CRISTAL;PREFORMA;TERNURA LARANJA;80896;ENGEPACK;35998,720000000001;NOV;2025;11/2025;;
PR;2701020059;PR2701020059;PREFORMA 41G CRISTAL;PREFORMA;REFRIKO 2L;333888;ENGEPACK;174022,42559999999;NOV;2025;11/2025;;
PR;2701020101;PR2701020101;PREFORMA 39,7G VERDE;PREFORMA;REFRISHOW;515712;ENGEPACK;229491,84;NOV;2025;11/2025;;
PR;2701020102;PR2701020102;PREFORMA 41G VERDE;PREFORMA;REFRIKO 2L;613632;ENGEPACK;319824,99839999998;NOV;2025;11/2025;;
PR;2701020075;PR2701020075;PREFORMA PET 46,7GR CRISTAL ;PREFORMA;FURIOSO 2L;888576;ENGEPACK;610885,33708800003;NOV;2025;11/2025;;
MS;2701020090;MS2701020090;PREFORMA 18G CRISTAL 500 ML - DESCONTINUAR;PREFORMA;REFRIKO 500ML;0;GERAL;0;NOV;2025;11/2025;;
MS;2701020115;MS2701020115;PREFORMA 18 A 20G VERDE 500 ML - DESCONTINUAR;PREFORMA;REFRIKO 500ML;0;GERAL;0;NOV;2025;11/2025;;
MS;2701020059;MS2701020059;PREFORMA 41 G CRISTAL;PREFORMA;REFRIKO 2L;208800;CRISTALPET;115946,64;NOV;2025;11/2025;;
MS;2701020102;MS2701020102;PREFORMA 41 G VERDE;PREFORMA;REFRIKO 2L;576288;CRISTALPET;231264,3744;NOV;2025;11/2025;;
MS;2701020050;MS2701020050;PREFORMA 48G CRISTAL (COMPRAR 50 G);PREFORMA;PET 2,5L PA;32276;BRASPET;20785,743999999999;NOV;2025;11/2025;;
MS;2701020109;MS2701020109;PREFORMA 54,4GR VERDE SHORT;PREFORMA;REFRIKO 3L;27104;BRASPET;15157,098880000001;NOV;2025;11/2025;;
MS;2701020075;MS2701020075;PREFORMA PET 46,7GR CRISTAL;PREFORMA;FURIOSO 2L;171744;BRASPET;102015,936;NOV;2025;11/2025;;
SP;2801020042;SP2801020042;PREFORMA 15G CRISTAL;PREFORMA;PET 500 PA;640128;CRISTALPET;141679,53023999999;NOV;2025;11/2025;;
SP;2801020042;SP2801020042;PREFORMA 15G CRISTAL;PREFORMA;PET 500 PA;464640;ENGEPACK;102838,7712;NOV;2025;11/2025;;
SP;2801020041;SP2801020041;PREFORMA 18G CRISTAL 500 ML;PREFORMA;PET 500 PA;1028784;CRISTALPET;264027,12575999997;NOV;2025;11/2025;;
SP;2801020032;SP2801020032;PREFORMA 31,7G CRISTAL;PREFORMA;ÁGUA 1,5L;72072;ENVASES;29965,37544;NOV;2025;11/2025;;
PR;2801090003;PR2801090003;ACIDO TARTARICO;ACID.E CONSERV.;NOCH/TON/BEL;75;MCASSAB;2662,5;NOV;2025;11/2025;;
PR;2801050006;PR2801050006;AROMA FRUTAS TROPICAIS;AROMA;ENERGÉTICO;240;MONARCH;35896,799999999996;NOV;2025;11/2025;;
PR;2801050027;PR2801050027;AROMA IDENTICO AO NATURAL DE PESSEGO;AROMA;NOCH DEMAIS;100;SAPORITI;5800;NOV;2025;11/2025;;
PR;2801050019;PR2801050019;AROMA IDENTICO AO NATURAL MARACUJA;AROMA;NOCH DEMAIS;50;DUAS RODAS;2710,5;NOV;2025;11/2025;;
PR;2801050021;PR2801050021;AROMA IDENTICO AO NATURAL MELANCIA;AROMA;ENERGÉTICO;500;DUAS RODAS;18585;NOV;2025;11/2025;;
PR;2801050025;PR2801050025;AROMA IDENTICO AO NATURAL MORANGO;AROMA;ENERGÉTICO;300;DUAS RODAS;22764;NOV;2025;11/2025;;
PR;2801050023;PR2801050023;AROMA MELAO;AROMA;ENERGÉTICO;204;DUAS RODAS;12029,88;NOV;2025;11/2025;;
PR;2801090005;PR2801090005;CITRATO DE SODIO;ACID.E CONSERV.;ENERG/DELIRIO;1400;TOTAL ING;11592;NOV;2025;11/2025;;
PR;2801050039;PR2801050039;AROMA ID. AO NATURAL DE UVA VERDE SAPORITI;AROMA;ENERGÉTICO;72;SAPORITI;7776;NOV;2025;11/2025;;
PR;2701090002;PR2701090002;ACIDO CITRICO;ACID.E CONSERV.;REF/ENER/ROM/DEL;13750;KONKRETA;123062,49999999999;NOV;2025;11/2025;;
PR;2701050037;PR2701050037;AROMA IDENTICO AO NATURAL FRAMBOESA 77587 SAPORITI;AROMA;REFRIGERANTE;100;SAPORITI;6200;NOV;2025;11/2025;;
PR;2701130007;PR2701130007;AROMA EXTRATO GUARANA REFRIKO 28;AROMA;REFRIGERANTE;1105;SAPORITI;36244;NOV;2025;11/2025;;
PR;2701050011;PR2701050011;AROMA LIMAO REFRIKO 41;AROMA;REFRIGERANTE;264;SAPORITI;12672;NOV;2025;11/2025;;
PR;2701050027;PR2701050027;AROMA UVA REFRIKO 84;AROMA;REFRIGERANTE;403;SAPORITI;11284;NOV;2025;11/2025;;
PR;2701100002;PR2701100002;BENZOATO DE SODIO;ACID.E CONSERV.;REF/ENER/NOCH/TON;2500;DAXIA;30250;NOV;2025;11/2025;;
PR;2701050022;PR2701050022;CONCENTRADO DE GUARANA IAB 7205;AROMA;REFRIGERANTE;1200;INTERAMERICAS;32604,000000000004;NOV;2025;11/2025;;
PR;2701050035;PR2701050035;AROMA ARTIFICIAL GUARANA IFB (PED. KOMPLETO);AROMA;REFRIGERANTE;1000;OTC;22750;NOV;2025;11/2025;;
PR;2701060010;PR2701060010;CORANTE AMARANTO;CORANTE;REFRIGERANTE;30;SAPORITI;2565;NOV;2025;11/2025;;
PR;2701060009;PR2701060009;CORANTE AMARELO SUNSET;CORANTE;XAROPARIA;15;SAPORITI;684,3;NOV;2025;11/2025;;
PR;2701060008;PR2701060008;CORANTE AZUL BRILHANTE;CORANTE;ENERGÉTICO;5;SAPORITI;580;NOV;2025;11/2025;;
PR;2701060007;PR2701060007;CORANTE CARAMELO CLASE IV DPC;CORANTE;REFRIGERANTE;800;SAPORITI;6000;NOV;2025;11/2025;;
PR;2701130006;PR2701130006;EXTRATO DE GUARANA 200% DUAS RODAS;AROMA;ENERG./DELÍR.;289;DUAS RODAS;14429,77;NOV;2025;11/2025;;
PR;2701050023;PR2701050023;PREP ACIDO COLA ;CONCENT./KITs;KIT COLA;220;SAPORITI;5500;NOV;2025;11/2025;;
PR;2701100001;PR2701100001;SORBATO DE POTASSIO 25KG;ACID.E CONSERV.;REF/ENER/ROM/DEL;340;PARKER;5344,8;NOV;2025;11/2025;;
PR;2701130009;PR2701130009;SUCO CONCENTRADO DE MACA;SUCO;XAROPARIA;1300;INTERSUCOS;15600;NOV;2025;11/2025;;
PR;2701130001;PR2701130001;SUCO CONCENTRADO LARANJA;SUCO;XAROPARIA;200;INTERSUCOS;2400;NOV;2025;11/2025;;
PR;2701130002;PR2701130002;SUCO CONCENTRADO LIMÃO;SUCO;XAROPARIA;100;INTERSUCOS;1650;NOV;2025;11/2025;;
PR;2701130003;PR2701130003;SUCO CONCENTRADO UVA;SUCO;XAROPARIA;200;INTERSUCOS;2600;NOV;2025;11/2025;;
MS;2701090002;MS2701090002;ACIDO CITRICO;ACID.E CONSERV.;REF/ENER/ROM/DEL;13750;KONKRETA;123062,49999999999;NOV;2025;11/2025;;
MS;2701090003;MS2701090003;ACIDO LACTICO - IBC;CERVEJARIA;OUTROS;700;DAXIA;7287;NOV;2025;11/2025;;
MS;2701090004;MS2701090004;ACIDO TARTARICO ;ACID.E CONSERV.;NOCH/TON/BEL;175;MCASSAB;6212,5;NOV;2025;11/2025;;
MS;2701210005;MS2701210005;ALGINATO DE PROPILENO GLICOL;CERVEJARIA;OUTROS;200;PROZYN;56758,000000000007;NOV;2025;11/2025;;
MS;2701090005;MS2701090005;ANTIOXIDANTE;CERVEJARIA;OUTROS;200;AEB;6044;NOV;2025;11/2025;;
MS;2701130007;MS2701130007;AROMA EXTRATO GUARANA REFRIKO 28;AROMA;REFRIGERANTE;408;SAPORITI;13382,4;NOV;2025;11/2025;;
MS;2701050008;MS2701050008;AROMA FRUTAS TROPICAIS;AROMA;ENERGÉTICO;100;MONARCH;14957;NOV;2025;11/2025;;
MS;2701050026;MS2701050026;AROMA IDENTICO AO NATURAL DE PESSEGO;AROMA;NOCH DEMAIS;60;SAPORITI;3480;NOV;2025;11/2025;;
MS;2701050017;MS2701050017;AROMA IDENTICO AO NATURAL MELANCIA;AROMA;ENERGÉTICO;200;DUAS RODAS;7434;NOV;2025;11/2025;;
MS;2701050021;MS2701050021;AROMA IDENTICO AO NATURAL MORANGO;AROMA;ENERGÉTICO;100;DUAS RODAS;7588;NOV;2025;11/2025;;
MS;2701050013;MS2701050013;AROMA MAÇA VERDE COD;AROMA;ENERGÉTICO;100;DUAS RODAS;4645;NOV;2025;11/2025;;
MS;2701050019;MS2701050019;AROMA MELAO ;AROMA;ENERGÉTICO;153;DUAS RODAS;9022,41;NOV;2025;11/2025;;
MS;2701050027;MS2701050027;AROMA UVA REFRIKO 84;AROMA;REFRIGERANTE;158;SAPORITI;4424;NOV;2025;11/2025;;
MS;2701100002;MS2701100002;BENZOATO DE SODIO;ACID.E CONSERV.;REF/ENER/NOCH/TON;1500;DAXIA;18150;NOV;2025;11/2025;;
MS;2701090006;MS2701090006;CITRATO DE SODIO;ACID.E CONSERV.;ENERG/DELIRIO;200;TOTAL ING;1655,9999999999998;NOV;2025;11/2025;;
MS;2701050022;MS2701050022;CONCENTRADO DE GUARANA IAB 7205;AROMA;REFRIGERANTE;800;INTERAMERICA;20696;NOV;2025;11/2025;;
MS;2701050035;MS2701050035;AROMA ARTIFICIAL GUARANA IFB (PED. KOMPLETO);AROMA;REFRIGERANTE;800;OTC;18200;NOV;2025;11/2025;;
MS;2701060010;MS2701060010;CORANTE AMARANTO;CORANTE;DELIRIO;15;SAPORITI;1282,5;NOV;2025;11/2025;;
MS;2701060008;MS2701060008;CORANTE AZUL BRILHANTE;CORANTE;ENERGÉTICO;5;SAPORITI;580;NOV;2025;11/2025;;
MS;2701060007;MS2701060007;CORANTE CARAMELO CLASE IV DPC;CORANTE;REFRIGERANTE;500;SAPORITI;3750;NOV;2025;11/2025;;
MS;2701160012;MS2701160012;CX 12X300ML - TUBAINA;CAIXA;TUBAINA;20000;JAUENSE;33800;NOV;2025;11/2025;;
MS;2701160011;MS2701160011;CX ONE WAY BAMBOA 12X330ML;CAIXA;CERVEJA;20000;BLUMEN;36800;NOV;2025;11/2025;;
MS;2701130006;MS2701130006;EXTRATO DE GUARANA 200% DUAS RODAS;AROMA;ENERG./DELÍR.;102;DUAS RODAS;5092,8599999999997;NOV;2025;11/2025;;
MS;2701150006;MS2701150006;VASILHAME AMBAR 300ML - LITRINHO;VASILHAME;NORMAL;203280;VIDRO PORTO;150427,20000000001;NOV;2025;11/2025;;
MS;2701150001;MS2701150001;VASILHAME GINGUALA 970ML;VASILHAME;NORMAL;168960;VIDRO PORTO;265267,20000000001;NOV;2025;11/2025;;
MS;2701050023;MS2701050023;PREP ACIDO COLA ;CONCENT./KITs;KIT COLA;100;SAPORITI;2500;NOV;2025;11/2025;;
MS;2701150009;MS2701150009;VASILHAME TUBAINA CRISTAL LONGNECK 355ML;VASILHAME;NORMAL;184800;VIDRO PORTO;97944;NOV;2025;11/2025;;
MS;2701160013;MS2701160013;CAIXA TUBAÍNA 12X355ML;CAIXA;TUBAINA;20000;JAUENSE;39400;NOV;2025;11/2025;;
MS;2701040019;MS2701040019;SHRINK BAMBOA 350ML -360X0,06 LAGER;FILME;BAMBOA;1500;PACKSEVEN;21750;NOV;2025;11/2025;;
MS;2701040012;MS2701040012;SHRINK MOEMA 269ML - 350X0,06;FILME;MOEMA;1000;PACKSEVEN;14500;NOV;2025;11/2025;;
MS;2701210002;MS2701210002;SILICA HP 9000;CERVEJARIA;OUTROS;2000;PARKER;72020;NOV;2025;11/2025;;
MS;2701100001;MS2701100001;SORBATO DE POTASSIO 25KG;ACID.E CONSERV.;REF/ENER/ROM/DEL;100;PARKER;1572;NOV;2025;11/2025;;
MS;2701130009;MS2701130009;SUCO CONCENTRADO DE MACA;SUCO;XAROPARIA;500;INTERSUCOS;6000;NOV;2025;11/2025;;
MS;2701130001;MS2701130001;SUCO CONCENTRADO LARANJA;SUCO;XAROPARIA;75;INTERSUCOS;900;NOV;2025;11/2025;;
MS;2701130003;MS2701130003;SUCO CONCENTRADO UVA;SUCO;XAROPARIA;75;INTERSUCOS;975;NOV;2025;11/2025;;
MS;2701030041;MS2701030041;TAMPA AZUL BAMBOA (VODKA BAMBOA);TAMPA;VIDRO NAC;300000;BRASTAMPAS;90000;NOV;2025;11/2025;;
MS;2701030032;MS2701030032;TAMPA METALICA LISA;TAMPA;VIDRO NAC;500000;RENDA;24750;NOV;2025;11/2025;;
MS;3002020010;MS3002020010;TERRA CELITE DIATOMITA 2500/535;TERRA;CERVEJARIA;7718;VENETO;67918,400000000009;NOV;2025;11/2025;;
MS;3002020009;MS3002020009;TERRA CELITE DIATOMITA SPEEDFLOW/STANDARD (VERMELHO);TERRA;CERVEJARIA;2951;VENETO;25968,800000000003;NOV;2025;11/2025;;
MS;2701150003;MS2701150003;VASILHAME NOVO 330ML;VASILHAME;LONGNECK;286440;VIDRO PORTO;252067,20000000001;NOV;2025;11/2025;;
MS;2701150004;MS2701150004;VASILHAME OW 600ML (BELLA ROMA);VASILHAME;NORMAL;113400;VERALLIA;128141,99999999999;NOV;2025;11/2025;;
MS;2701050033;MS2701050033;AROMA ID. AO NATURAL DE UVA VERDE SAPORITI;AROMA;ENERGÉTICO;54;SAPORITI;5832;NOV;2025;11/2025;;
PR;2801090001;PR2801090001;ACIDO MALICO;ACID.E CONSERV.;NOCH;100;PARKER;975;DEZ;2025;12/2025;;
PR;2801050040;PR2801050040;AROMA DE LIMAO MATRIX;AROMA;NOCH LEMON;100;MATRIX;6620;DEZ;2025;12/2025;;
PR;2801050006;PR2801050006;AROMA FRUTAS TROPICAIS;AROMA;ENERGÉTICO;200;MONARCH;29914;DEZ;2025;12/2025;;
PR;2801050021;PR2801050021;AROMA IDENTICO AO NATURAL MELANCIA;AROMA;ENERGÉTICO;300;GERAL;11151;DEZ;2025;12/2025;;
PR;2801050025;PR2801050025;AROMA IDENTICO AO NATURAL MORANGO;AROMA;ENERGÉTICO;200;DUAS RODAS;15176;DEZ;2025;12/2025;;
PR;2801050015;PR2801050015;AROMA MAÇA VERDE COD;AROMA;ENERGÉTICO;100;DUAS RODAS;4645;DEZ;2025;12/2025;;
PR;2801050023;PR2801050023;AROMA MELAO;AROMA;ENERGÉTICO;200;DUAS RODAS;11794;DEZ;2025;12/2025;;
PR;2801050010;PR2801050010;AROMA NATURAL DE LIMAO VERDE;AROMA;NOCH DEMAIS;23;MATRIX;828;DEZ;2025;12/2025;;
PR;2801090005;PR2801090005;CITRATO DE SODIO;ACID.E CONSERV.;ENERG/DELIRIO;1000;PARKER;8280;DEZ;2025;12/2025;;
PR;2801050003;PR2801050003;CONCENTRADO BEBIDAS ENERGETICA;AROMA;KIT ENERGÉTICO;208,913649;ADM;427179,61002785515;DEZ;2025;12/2025;;
PR;2701050020;PR2701050020;EMULSÃO COLA E-0388 ADM (NOVO) (usar no 500 ml);EMULSAO;XAROPARIA;50;ADM;19225,5;DEZ;2025;12/2025;;
PR;2801120002;PR2801120002;PREMIX ENERG EMULVIT 8942;CONCENT./KITs;C.ENERGETICO;3000;CALDIC;54150;DEZ;2025;12/2025;;
PR;2801010090;PR2801010090;ROT SLEE NOCH LIMAO 270ML;ROTULO;SLEEVE;300000;ALL4LABELL;36000;DEZ;2025;12/2025;;
PR;2801010091;PR2801010091;ROT SLEE NOCH MARACUJA 270ML;ROTULO;SLEEVE;200000;ALL4LABELL;24000;DEZ;2025;12/2025;;
PR;2801010092;PR2801010092;ROT SLEE NOCH MELANCIA E MORAN 270ML-IND;ROTULO;SLEEVE;250000;ALL4LABELL;30000;DEZ;2025;12/2025;;
PR;2801010088;PR2801010088;ROTULO AGUA TONICA MALDIVES 250 ML;ROTULO;SLEEVE;200000;CCL;10142;DEZ;2025;12/2025;;
PR;2801010099;PR2801010099;ROTULO FURIOSO 250ML;ROTULO;SLEEVE;2000000;CCL;100754;DEZ;2025;12/2025;;
PR;2801010100;PR2801010100;ROTULO FURIOSO 2L;ROTULO;SLEEVE;300000;CCL;61860;DEZ;2025;12/2025;;
PR;2801010097;PR2801010097;ROTULO FURIOSO MELANCIA E MORANGO 250ML;ROTULO;SLEEVE;300000;CCL;15113,099999999999;DEZ;2025;12/2025;;
PR;2801010098;PR2801010098;ROTULO FURIOSO MELANCIA E MORANGO 2L;ROTULO;SLEEVE;200000;CCL;41240;DEZ;2025;12/2025;;
PR;2801010095;PR2801010095;ROTULO FURIOSO MELAO 250ML;ROTULO;SLEEVE;300000;GERAL;15113,099999999999;DEZ;2025;12/2025;;
PR;2801010072;PR2801010072;ROTULO GUARANA REDUZIDO 200 ML ;ROTULO;BOPP;2000000;TRIA;16000;DEZ;2025;12/2025;;
PR;2801010078;PR2801010078;ROTULO REFRIKO TUBAÍNA 200 ML ;ROTULO;BOPP;1500000;TRIA;12000;DEZ;2025;12/2025;;
PR;2801010075;PR2801010075;ROTULO REFRIKO LARANJA DQI1% 200 ML;ROTULO;BOPP;1500000;TRIA;12000;DEZ;2025;12/2025;;
PR;2801030013;PR2801030013;TAMPA AZUL LISA;TAMPA;PET;151200;OXFORD;6551,9496000000008;DEZ;2025;12/2025;;
PR;2801050039;PR2801050039;AROMA ID. AO NATURAL DE UVA VERDE SAPORITI;AROMA;ENERGÉTICO;150;SAPORITI;16200;DEZ;2025;12/2025;;
PR;2801010104;PR2801010104;ROTULO SLEEVE FURIOSO UVA VERDE E PESSEGO 2L;ROTULO;SLEEVE;200000;CCL;42136;DEZ;2025;12/2025;;
PR;2701070006;PR2701070006;ACESSULFAME DE POTASSIO;EDULCORANTE;XAROPARIA;180;BUSCHLE;5135,4000000000005;DEZ;2025;12/2025;;
PR;2701050010;PR2701050010;AROMA DE LARANJA IDENTICO AO NATURAL;AROMA;REFRIGERANTE;23;DUAS RODAS;1730,06;DEZ;2025;12/2025;;
PR;2701130007;PR2701130007;AROMA EXTRATO GUARANA REFRIKO 28;AROMA;REFRIGERANTE;1097;SAPORITI;35981,599999999999;DEZ;2025;12/2025;;
PR;2701050011;PR2701050011;AROMA LIMAO REFRIKO 41;AROMA;REFRIGERANTE;270;SAPORITI;12960;DEZ;2025;12/2025;;
PR;2701050001;PR2701050001;AROMA NATURAL MOUTHFEEL FASV259 ADM;AROMA;REFRIGERANTE;200;ADM;33080;DEZ;2025;12/2025;;
PR;2701050027;PR2701050027;AROMA UVA REFRIKO 84;AROMA;REFRIGERANTE;403;SAPORITI;11284;DEZ;2025;12/2025;;
PR;2701070005;PR2701070005;ASPARTAME;EDULCORANTE;XAROPARIA;100;BUSCHLE;6126;DEZ;2025;12/2025;;
PR;2701100002;PR2701100002;BENZOATO DE SODIO;ACID.E CONSERV.;REF/ENER/NOCH/TON;2200;DAXIA;26620;DEZ;2025;12/2025;;
PR;2701070004;PR2701070004;CICLAMATO DE SÓDIO ;EDULCORANTE;XAROPARIA;250;PARKER;3545;DEZ;2025;12/2025;;
PR;2701050022;PR2701050022;CONCENTRADO DE GUARANA IAB 7205;AROMA;REFRIGERANTE;1200;INTERAMERICA;32604,000000000004;DEZ;2025;12/2025;;
PR;2701050035;PR2701050035;AROMA ARTIFICIAL GUARANA IFB (PED. KOMPLETO);AROMA;REFRIGERANTE;1000;OTC;22750;DEZ;2025;12/2025;;
PR;2701050018;PR2701050018;EMULSAO LARANJA REFRIKO 98;EMULSAO;XAROPARIA;750;SAPORITI;24599,999999999996;DEZ;2025;12/2025;;
PR;2701050016;PR2701050016;EMULSAO NEUTRA PARA SUCO;EMULSAO;XAROPARIA;60;SAPORITI;3360;DEZ;2025;12/2025;;
PR;2701130006;PR2701130006;EXTRATO DE GUARANA 200% DUAS RODAS;AROMA;ENERG./DELÍR.;300;DUAS RODAS;14979;DEZ;2025;12/2025;;
PR;2701050023;PR2701050023;PREP ACIDO COLA ;CONCENT./KITs;KIT COLA;150;SAPORITI;3750;DEZ;2025;12/2025;;
PR;2701010138;PR2701010138;ROTULO GUARANA 2L;ROTULO;BOPP;400000;MALFLEX;14199,999999999998;DEZ;2025;12/2025;;
PR;2701010161;PR2701010161;ROTULO TERNURA TUBAINA 2L;ROTULO;BOPP;300000;MABFLEX;10649,999999999998;DEZ;2025;12/2025;;
PR;2701010163;PR2701010163;ROTULO TUBA JUJUBA 2L;ROTULO;BOPP;300000;MABFLEX;10649,999999999998;DEZ;2025;12/2025;;
PR;2701010161;PR2701010161;ROTULO TERNURA TUBAINA 2L;ROTULO;BOPP;300000;MABFLEX;10649,999999999998;DEZ;2025;12/2025;;
PR;2701010144;PR2701010144;ROTULO REFRIKO LARANJA DQI1% 2L;ROTULO;BOPP;300000;MABFLEX;10649,999999999998;DEZ;2025;12/2025;;
PR;2701010155;PR2701010155;ROTULO REFRIKO UVA DQI1% 2L;ROTULO;BOPP;200000;MABFLEX;7099,9999999999991;DEZ;2025;12/2025;;
PR;2701100001;PR2701100001;SORBATO DE POTASSIO 25KG;ACID.E CONSERV.;REF/ENER/ROM/DEL;300;PARKER;4716;DEZ;2025;12/2025;;
PR;2701130009;PR2701130009;SUCO CONCENTRADO DE MACA;SUCO;XAROPARIA;1400;INTERSUCOS;16800;DEZ;2025;12/2025;;
PR;2701130001;PR2701130001;SUCO CONCENTRADO LARANJA;SUCO;XAROPARIA;200;INTERSUCOS;2400;DEZ;2025;12/2025;;
PR;2701130002;PR2701130002;SUCO CONCENTRADO LIMÃO;SUCO;XAROPARIA;100;INTERSUCOS;1650;DEZ;2025;12/2025;;
PR;2701130003;PR2701130003;SUCO CONCENTRADO UVA;SUCO;XAROPARIA;400;INTERSUCOS;5200;DEZ;2025;12/2025;;
PR;2701070001;PR2701070001;SUCRALOSE;EDULCORANTE;XAROPARIA;200;WENDA;17600;DEZ;2025;12/2025;;
PR;2701030037;PR2701030037;TAMPA AMARELA LISA;TAMPA;PET;7106400;OXFORD;315879,48000000004;DEZ;2025;12/2025;;
PR;2701030043;PR2701030043;TAMPA LARANJA REFRIKO;TAMPA;PET;1663200;OXFORD;73929,240000000005;DEZ;2025;12/2025;;
PR;2701030044;PR2701030044;TAMPA LILAS LISA;TAMPA;PET;453600;OXFORD;20162,52;DEZ;2025;12/2025;;
PR;2701030048;PR2701030048;TAMPA ROSA MAGENTA REFRIKO;TAMPA;PET;151200;OXFORD;6720,84;DEZ;2025;12/2025;;
PR;2701030049;PR2701030049;TAMPA VERDE REFRIKO;TAMPA;PET;3780800;OXFORD;168056,56000000003;DEZ;2025;12/2025;;
PR;2701030050;PR2701030050;TAMPA VERMELHA LISA;TAMPA;PET;604800;OXFORD;26883,360000000001;DEZ;2025;12/2025;;
MS;2701070006;MS2701070006;ACESSULFAME DE POTASSIO;EDULCORANTE;XAROPARIA;50;BUSCHLE;1426,5;DEZ;2025;12/2025;;
MS;2701130007;MS2701130007;AROMA EXTRATO GUARANA REFRIKO 28;AROMA;REFRIGERANTE;350;SAPORITI;11479,999999999998;DEZ;2025;12/2025;;
MS;2701050008;MS2701050008;AROMA FRUTAS TROPICAIS;AROMA;ENERGÉTICO;50;MONARCH;7478,5;DEZ;2025;12/2025;;
MS;2701050017;MS2701050017;AROMA IDENTICO AO NATURAL MELANCIA;AROMA;ENERGÉTICO;100;DUAS RODAS;3717;DEZ;2025;12/2025;;
MS;2701050021;MS2701050021;AROMA IDENTICO AO NATURAL MORANGO;AROMA;ENERGÉTICO;50;DUAS RODAS;3794;DEZ;2025;12/2025;;
MS;2701050011;MS2701050011;AROMA LIMAO REFRIKO 41;AROMA;REFRIGERANTE;50;SAPORITI;2400;DEZ;2025;12/2025;;
MS;2701050019;MS2701050019;AROMA MELAO ;AROMA;ENERGÉTICO;150;DUAS RODAS;8845,5;DEZ;2025;12/2025;;
MS;2701050001;MS2701050001;AROMA NATURAL MOUTHFEEL FASV259 ADM;AROMA;REFRIGERANTE;100;ADM;16540;DEZ;2025;12/2025;;
MS;2701050028;MS2701050028;AROMA NATURAL PARA VODKA ;AROMA;VODKA;200;DUAS RODAS;5176;DEZ;2025;12/2025;;
MS;2701050027;MS2701050027;AROMA UVA REFRIKO 84;AROMA;REFRIGERANTE;120;SAPORITI;3360;DEZ;2025;12/2025;;
MS;2701100002;MS2701100002;BENZOATO DE SODIO;ACID.E CONSERV.;REF/ENER/NOCH/TON;750;DAXIA;9075;DEZ;2025;12/2025;;
MS;2701070004;MS2701070004;CICLAMATO DE SÓDIO ;EDULCORANTE;XAROPARIA;100;PARKER;1418;DEZ;2025;12/2025;;
MS;2701090006;MS2701090006;CITRATO DE SODIO;ACID.E CONSERV.;ENERG/DELIRIO;400;PARKER;3311,9999999999995;DEZ;2025;12/2025;;
MS;2701050040;MS2701050040;CONCENTRADO BEBIDAS ENERGETICA;AROMA;KIT ENERGÉTICO;139,275766;ADM;289259,88857938722;DEZ;2025;12/2025;;
MS;2701050022;MS2701050022;CONCENTRADO DE GUARANA IAB 7205;AROMA;REFRIGERANTE;650;INTERAMERICA;16815,5;DEZ;2025;12/2025;;
MS;2701050035;MS2701050035;AROMA ARTIFICIAL GUARANA IFB (PED. KOMPLETO);AROMA;REFRIGERANTE;300;KOMPLETO;6825;DEZ;2025;12/2025;;
MS;2701010052;MS2701010052;CONTRA ROTULO BAMBOA 330ML (ARTE NOVA);ROTULO;ADESIVO;500000;EASY LABEL;28055;DEZ;2025;12/2025;;
MS;2701050020;MS2701050020;EMULSÃO COLA E-0388 ADM (NOVO);EMULSAO;XAROPARIA;50;ADM;19225,5;DEZ;2025;12/2025;;
MS;2701050018;MS2701050018;EMULSAO LARANJA REFRIKO 98;EMULSAO;XAROPARIA;200;SAPORITI;6559,9999999999991;DEZ;2025;12/2025;;
MS;2701210004;MS2701210004;ENZIMA ULTRA FLOW;CERVEJARIA;OUTROS;100;PROZYN ;7636;DEZ;2025;12/2025;;
MS;2701130006;MS2701130006;EXTRATO DE GUARANA 200% DUAS RODAS;AROMA;ENERG./DELÍR.;100;DUAS RODAS;4993;DEZ;2025;12/2025;;
MS;2701040023;MS2701040023;FILME TERMO ENCOLHÍVEL DE 500X0,06 ;FILME;B.ROMA;1000;PACKSEVEN ;11400;DEZ;2025;12/2025;;
MS;2701200002;MS2701200002;LUPULO LSKE;CERVEJARIA;LUPULO;29;LNF LATINO;29506,63;DEZ;2025;12/2025;;
MS;2701120001;MS2701120001;PREMIX ENERG EMULVIT 8942;CONCENT./KITs;C.ENERGETICO;2000;CALDIC;36100;DEZ;2025;12/2025;;
MS;2701050023;MS2701050023;PREP ACIDO COLA ;CONCENT./KITs;KIT COLA;150;SAPORITI;3750;DEZ;2025;12/2025;;
MS;2701010118;MS2701010118;ROTULO ADESIVO TUBAINA 355ML  ;ROTULO;ADESIVO;300000;ALL4LABELL;15285;DEZ;2025;12/2025;;
MS;2701030036;MS2701030036;TAMPA METALICA TWISTOF;TAMPA;VIDRO NAC;500000;RENDA;24750;DEZ;2025;12/2025;;
MS;2701010116;MS2701010116;ROTULO ADESIVO TUBAINA 300ML;ROTULO;ADESIVO;300000;SAPORATI;11994;DEZ;2025;12/2025;;
MS;2701010052;MS2701010052;CONTRA ROTULO BAMBOA 330ML (ARTE NOVA);ROTULO;ADESIVO;500000;EASY LABEL;28055;DEZ;2025;12/2025;;
MS;2701010119;MS2701010119;ROTULO BAMBOA TRADICIONAL VODKA;ROTULO;ADESIVO;300000;GRAFIMAX;23100;DEZ;2025;12/2025;;
MS;2701010191;MS2701010191;ROTULO FURIOSO 2L;ROTULO;SLEEVE;200000;CCL;41240;DEZ;2025;12/2025;;
MS;2701010171;MS2701010171;ROTULO GUARANA 600ML;ROTULO;PAPEL;200000;KEOPS;5160;DEZ;2025;12/2025;;
MS;2701010152;MS2701010152;ROTULO REFRIKO TUBAINA 500ML;ROTULO;BOPP;300000;MABFLEX;3840;DEZ;2025;12/2025;;
MS;2701010163;MS2701010163;ROTULO TUBA JUJUBA 2L;ROTULO;BOPP;300000;MABFLEX;10649,999999999998;DEZ;2025;12/2025;;
MS;2701010144;MS2701010144;ROTULO REFRIKO LARANJA DQI1% 2L;ROTULO;BOPP;100000;MABFLEX;3549,9999999999995;DEZ;2025;12/2025;;
MS;2701010155;MS2701010155;ROTULO REFRIKO UVA DQI1% 2L;ROTULO;BOPP;100000;MABFLEX;3549,9999999999995;DEZ;2025;12/2025;;
MS;2701010173;MS2701010173;ROTULO REFRIKO LIMÃO DQI1% 600 ML;ROTULO;PAPEL;200000;KEOPS;5160;DEZ;2025;12/2025;;
MS;2701010145;MS2701010145;ROTULO REFRIKO LARANJA DQI1% 500 ML;ROTULO;BOPP;300000;MABFLEX;3840;DEZ;2025;12/2025;;
MS;2701070002;MS2701070002;SACARINA SÓDICA;EDULCORANTE;XAROPARIA;100;CALDIC;2965;DEZ;2025;12/2025;;
MS;2701040019;MS2701040019;SHRINK BAMBOA 350ML -360X0,06 LAGER;FILME;BAMBOA;1000;PACKSEVEN;14500;DEZ;2025;12/2025;;
MS;2701040011;MS2701040011;SHRINK MOEMA 350ML - 390X0,06;FILME;MOEMA;10000;PACKSEVEN;315100;DEZ;2025;12/2025;;
MS;2701040010;MS2701040010;SHRINK MOEMA 473ML - 400X0,06;FILME;MOEMA;1000;PACKSEVEN;14500;DEZ;2025;12/2025;;
MS;2701210002;MS2701210002;SILICA HP 9000;CERVEJARIA;OUTROS;2000;GRACE;72020;DEZ;2025;12/2025;;
MS;2701100001;MS2701100001;SORBATO DE POTASSIO 25KG;ACID.E CONSERV.;REF/ENER/ROM/DEL;100;PARKER;1572;DEZ;2025;12/2025;;
MS;2701130009;MS2701130009;SUCO CONCENTRADO DE MACA;SUCO;XAROPARIA;350;INTERSUCOS;4200;DEZ;2025;12/2025;;
MS;2701130001;MS2701130001;SUCO CONCENTRADO LARANJA;SUCO;XAROPARIA;50;INTERSUCOS;600;DEZ;2025;12/2025;;
MS;2701130002;MS2701130002;SUCO CONCENTRADO LIMÃO;SUCO;XAROPARIA;50;INTERSUCOS;825;DEZ;2025;12/2025;;
MS;2701130003;MS2701130003;SUCO CONCENTRADO UVA;SUCO;XAROPARIA;50;INTERSUCOS;650;DEZ;2025;12/2025;;
MS;2701030039;MS2701030039;TAMPA 2850/5 AZUL H/S (GIN-VODKA) - JAMES;TAMPA;JAMES COOK;50000;BRASTAMPA;21999,599999999999;DEZ;2025;12/2025;;
MS;2701030037;MS2701030037;TAMPA AMARELA LISA;TAMPA;PET;302400;OXFORD;14817,6;DEZ;2025;12/2025;;
MS;2701030043;MS2701030043;TAMPA LARANJA REFRIKO;TAMPA;PET;151200;OXFORD;7408,8;DEZ;2025;12/2025;;
MS;2701030044;MS2701030044;TAMPA LILAS LISA;TAMPA;PET;151200;OXFORD;7408,8;DEZ;2025;12/2025;;
SP;2801010066;SP2801010066;ROTULO BOPP AGUA S/ GAS HIDRATAR 1,5L                    ;ROTULO;BOPP;300000;MABFLEX;5984,94;DEZ;2025;12/2025;;
SP;2801030014;SP2801030014;TAMPA PLASTICA AZUL OMNI                             ;TAMPA;PET;2116800;OPS;91727,294400000013;DEZ;2025;12/2025;;
SP;2801030017;SP2801030017;TAMPA PLASTICA PRETA OMNI 120 COM VEDANTE;TAMPA;PET;3628800;OPS;157246,7904;NOV;2025;11/2025;;
MS;2701020075;MS2701020075;PREFORMA PET 46,7GR CRISTAL;PREFORMA;FURIOSO 2L;84576;CRISTALPET;50238,144;NOV;2025;11/2025;;
MS;2701190004;MS2701190004;XAROPE DE HIGH MALTOSE 25KG (BREWGILL);CERVEJARIA;OUTROS;150620;TEREOS;418723,6;NOV;2025;11/2025;;
MS;2701190001;MS2701190001;MALTE PILSEN BAG 1000 - BARLEY;CERVEJARIA;MALTE;200880;AGRARIA;660895,19999999995;NOV;2025;11/2025;;
MS;2701140029;MS2701140029;TAMPA - LATA 350/269/473ML - B64;TAMPA;LATA;10782720;CROWN;2587852,7999999998;FEV;2025;02/2025;;
MS;2701080001;MS2701080001;ACUCAR CRISTAL;AÇUCAR;XAROPARIA;187200;RAIZEN;344448;NOV;2025;11/2025;;
PR;2701080001;PR2701080001;ACUCAR CRISTAL;AÇUCAR;XAROPARIA;240000;RAIZEN;441600;NOV;2025;11/2025;;
MS;2701040059;MS2701040059;FILME TERMOENCOLHIVEL CER DEL P 269ML 350X0,05MM;FILME;PUERTO;1000;GERAL;15000;JAN;2026;01/2026;;
MS;2701040060;MS2701040060;FILME TERMOENCOLHIVEL CER DEL P 350ML 380X0,05MM;FILME;PUERTO;1000;MACROPLASTIC ;15000;MAR;2026;03/2026;;
SP;2801020041;SP2801020041;PREFORMA 18G CRISTAL 500 ML;PREFORMA;PET 500 PA;887760;ENVASES;227834,72639999999;NOV;2025;11/2025;;
PA;10010001;PA10010001;ACUCAR CRISTAL;AÇUCAR;XAROPARIA;170000;CERTANO;387246,39999999997;DEZ;2025;12/2025;;
PA;10020003;PA10020003;AROMA FRUTAS TROPICAIS;AROMA;ENERGÉTICO;20;MONARCH;2750;JAN;2026;01/2026;;
PA;10020010;PA10020010;AROMA IDENTICO AO NATURAL MELANCIA;AROMA;ENERGÉTICO;35;DUAS RODAS;1288;JAN;2026;01/2026;;
PA;10020004;PA10020004;AROMA IDENTICO AO NATURAL MORANGO;AROMA;ENERGÉTICO;20;DUAS RODAS;1455,3999999999999;JAN;2026;01/2026;;
PA;10020014;PA10020014;AROMA ID. AO NATURAL DE UVA VERDE SAPORITI;AROMA;ENERGÉTICO;18;GERAL;1309,8599999999999;JAN;2026;01/2026;;
PA;10020006;PA10020006;AROMA MAÇA VERDE COD;AROMA;ENERGÉTICO;17;DUAS RODAS;815,32;JAN;2026;01/2026;;
PA;10020007;PA10020007;AROMA MELAO ;AROMA;ENERGÉTICO;34;DUAS RODAS;1961,12;JAN;2026;01/2026;;
PA;10090274;PA10090274;CONCENTRADO BEBIDAS ENERGETICA;AROMA;KIT ENERGÉTICO;600;WILD;98834,853760445709;JAN;2026;01/2026;;
PA;10090290;PA10090290;PREMIX ENERG EMULVIT 8942 ADM;CONCENT./KITs;C.ENERGETICO;300;QUANTIQ;8040;JAN;2026;01/2026;;
PR;2701050001;PR2701050001;AROMA NATURAL MOUTHFEEL FASV259 ADM;AROMA;REFRIGERANTE;200;ADM;33080;JAN;2026;01/2026;;
PR;2701010138;PR2701010138;ROTULO GUARANA 2L;ROTULO;BOPP;250000;MABFLEX;8875;JAN;2026;01/2026;;
PR;2701010132;PR2701010132;ROTULO REFRIKO COLA 2L;ROTULO;BOPP;250000;MABFLEX;8875;JAN;2026;01/2026;;
PR;2701010161;PR2701010161;ROTULO TERNURA TUBAINA 2L;ROTULO;BOPP;300000;MABFLEX;10649,999999999998;JAN;2026;01/2026;;
PR;2701010144;PR2701010144;ROTULO REFRIKO LARANJA DQI1% 2L;ROTULO;BOPP;250000;MABFLEX;8875;JAN;2026;01/2026;;
PR;2701010147;PR2701010147;ROTULO REFRIKO LIMÃO DQI1% 2L;ROTULO;BOPP;250000;MABFLEX;8875;JAN;2026;01/2026;;
PR;2801050003;PR2801050003;CONCENTRADO BEBIDAS ENERGETICA;AROMA;KIT ENERGÉTICO;9,522980501;ADM;19472,270557103067;JAN;2026;01/2026;;
PR;2801050003;PR2801050003;CONCENTRADO BEBIDAS ENERGETICA;AROMA;KIT ENERGÉTICO;104,4568245;ADM;213589,80501392757;JAN;2026;01/2026;;
PR;2801010097;PR2801010097;ROTULO FURIOSO MELANCIA E MORANGO 250ML;ROTULO;SLEEVE;250000;CCL;12594,25;JAN;2026;01/2026;;
PR;2801010101;PR2801010101;ROTULO FURIOSO TROPICAL 250ML;ROTULO;SLEEVE;300000;CCL;15113,099999999999;JAN;2026;01/2026;;
PR;2801010072;PR2801010072;ROTULO GUARANA REDUZIDO 200 ML ;ROTULO;BOPP;200000;TRIA;1600;JAN;2026;01/2026;;
MS;2701090003;MS2701090003;ACIDO LACTICO - IBC;CERVEJARIA;OUTROS;600;DAXIA;6246;DEZ;2025;12/2025;;
MS;2701150006;MS2701150006;VASILHAME AMBAR 300ML - LITRINHO;VASILHAME;NORMAL;101640;VIDRO PORTO;75213,600000000006;DEZ;2025;12/2025;;
MS;2701050001;MS2701050001;AROMA NATURAL MOUTHFEEL FASV259 ADM;AROMA;REFRIGERANTE;50;ADM ;8270;JAN;2026;01/2026;;
MS;2701050040;MS2701050040;CONCENTRADO BEBIDAS ENERGETICA;AROMA;KIT ENERGÉTICO;26,11420613;ADM;54236,229108635096;JAN;2026;01/2026;;
MS;2701160012;MS2701160012;CX 12X300ML - TUBAINA;CAIXA;TUBAINA;20000;GERAL;33800;JAN;2026;01/2026;;
SP;2801010061;SP2801010061;ROTULO BOPP AGUA C/ GAS HIDRATAR 1,5L                    ;ROTULO;BOPP;244000;MABFLEX;4867,7511999999997;MAR;2026;03/2026;;
SP;2801010063;SP2801010063;ROTULO BOPP AGUA C/ GAS HIDRATAR 500ML                   ;ROTULO;BOPP;1500000;TRIA;15840;JAN;2026;01/2026;;
SP;2801010068;SP2801010068;ROTULO BOPP AGUA S/ GAS HIDRATAR 500ML                   ;ROTULO;BOPP;2000000;TRIA;21120;JAN;2026;01/2026;;
PR;2701040009;PR2701040009;FILME STRETCH POLIETILENO 500X0023;FILME;STRETCH;3000;EPA;60000;JAN;2026;01/2026;;
PR;2701040007;PR2701040007;FILME TERMO ENCOLHIVEL 860/0,06 MM;FILME;REFR/ENERG.;3000;GERAL;70725;JAN;2026;01/2026;;
PR;2701040004;PR2701040004;FILME TERMO ENCOLHIVEL 600 MM X 0,04 ;FILME;REFRI;3000;GERAL;42300;JAN;2026;01/2026;;
MS;2701040028;MS2701040028;FILME TERMO ENCOLHÍVEL DE 480X0,06;FILME;REFRI;2000;PATENA;25400;DEZ;2025;12/2025;;
MS;2701040009;MS2701040009;FILME STRETCH POLIETILENO 500X0023;FILME;STRETCH;1500;GUANAPACK;34275;JAN;2026;01/2026;;
MS;2701040003;MS2701040003;FILME TERMO ENCOLHÍVEL DE 560X006;FILME;DIVERSOS;3000;EPA;70500;JAN;2026;01/2026;;
MS;2701040028;MS2701040028;FILME TERMO ENCOLHÍVEL DE 480X0,06;FILME;REFRI;3000;PATENA;38100;JAN;2026;01/2026;;
SP;2801040014;SP2801040014;FILME STRETCH POLIETILENO 500X0023;FILME;STRETCH;700;BAMBOA;15995,000000000002;DEZ;2025;12/2025;;
SP;2801040014;SP2801040014;FILME STRETCH POLIETILENO 500X0023;FILME;STRETCH;1000;GERAL;22850;JAN;2026;01/2026;;
SP;2801040018;SP2801040018;FILME TERMOENCOLHIVEL LISO 390X0,05MM                    ;FILME;ÁGUA 500;5000;EPA;117875;JAN;2026;01/2026;;
PR;2801020035;PR2801020035;PREFORMA PET 200 ML CRISTAL 12 g;PREFORMA;REFRIKO 200ML;187200;CRISTALPET;37055,865600000005;DEZ;2025;12/2025;;
PR;2801020053;PR2801020053;PREFORMA PET 200 ML VERDE 12 g;PREFORMA;REFRIKO 200ML;523488;CRISTALPET;103623,40262400001;DEZ;2025;12/2025;;
SP;2801020042;SP2801020042;PREFORMA 15G CRISTAL;PREFORMA;PET 500 PA;1479600;ENVASES;327479,86800000002;DEZ;2025;12/2025;;
PR;2701020055;PR2701020055;PREFORMA 18G CRISTAL;PREFORMA;FURIOSO 250ML;1604064;ENGEPACK;411666,98495999997;DEZ;2025;12/2025;;
SP;2801020041;SP2801020041;PREFORMA 18G CRISTAL 500 ML;PREFORMA;PET 500 PA;2268720;ENVASES;582244,30079999997;DEZ;2025;12/2025;;
PR;2701020059;PR2701020059;PREFORMA 41G CRISTAL;PREFORMA;REFRIKO 2L;496320;ENGEPACK;258681,984;DEZ;2025;12/2025;;
PR;2701020101;PR2701020101;PREFORMA 39,7G VERDE;PREFORMA;REFRISHOW;141568;ENGEPACK;62997,760000000002;DEZ;2025;12/2025;;
PR;2701020102;PR2701020102;PREFORMA 41G VERDE;PREFORMA;REFRIKO 2L;586560;ENGEPACK;305715,07199999999;DEZ;2025;12/2025;;
MS;2701020102;MS2701020102;PREFORMA 41 G VERDE;PREFORMA;REFRIKO 2L;91872;BRASPET;36868,2336;DEZ;2025;12/2025;;
MS;2701020050;MS2701020050;PREFORMA 48G CRISTAL (COMPRAR 50 G);PREFORMA;PET 2,5L PA;47808;BRASPET;30788,352000000003;DEZ;2025;12/2025;;
MS;2701020096;MS2701020096;PREFORMA 48G VERDE;PREFORMA;PET 2,5L PA;143424;BRASPET;92396,609280000004;DEZ;2025;12/2025;;
SP;2801020032;SP2801020032;PREFORMA 31,7G CRISTAL;PREFORMA;ÁGUA 1,5L;150336;ENVASES;62505,198719999993;DEZ;2025;12/2025;;
MS;2701020075;MS2701020075;PREFORMA PET 46,7GR CRISTAL;PREFORMA;FURIOSO 2L;141984;BRASPET;84338,495999999999;DEZ;2025;12/2025;;
PA;11070046;PA11070046;PREFORMA 18 ou 20,6G CRISTAL;PREFORMA;PET 500 PA;78912;ENVASES SUL;18623,232;DEZ;2025;12/2025;;
PA;11070047;PA11070047;PREFORMA 18 ou 20,6G VERDE;PREFORMA;PET 500 PA;78912;ENVASES SUL;18623,232;DEZ;2025;12/2025;;
PA;11070012;PA11070012;PREFORMA 46,0G CRISTAL OU 45,7 G;PREFORMA;PET 2L PA;126720;ENVASES;62092,799999999996;DEZ;2025;12/2025;;
PA;11070013;PA11070013;PREFORMA 46,0G VERDE OU 45,7 G;PREFORMA;PET 2L PA;76032;ENVASES;37255,68;DEZ;2025;12/2025;;
PA;11070032;PA11070032;PREFORMA 48GR CRISTAL OU 50,7 G;PREFORMA;PET 2,5L PA;627200;AMCOR;312345,59999999998;JAN;2026;01/2026;;
PA;11070033;PA11070033;PREFORMA 48GR VERDE OU 50,7 G;PREFORMA;PET 2,5L PA;304640;AMCOR;151710,72;JAN;2026;01/2026;;
PA;11070041;PA11070041;PREFORMA PET 200 ML CRISTAL 12 G;PREFORMA;PET 200 PA;280800;CRISTALPET;44647,199999999997;DEZ;2025;12/2025;;
PA;11070048;PA11070048;PREFORMA PET 200 ML VERDE 12 G;PREFORMA;PET 200 PA;187200;CRISTALPET;29764,799999999999;DEZ;2025;12/2025;;
MS;2701040002;MS2701040002;FILME TERMO ENCOLHIVEL 420 X 0,06;FILME;REFR/ENERG.;782;EPA;18377;DEZ;2025;12/2025;;
MS;2701170003;MS2701170003;VINHO DE MESA TINTO SECO GRANEL;VINHO;TANQUE;42000; GAZZI;176400;NOV;2025;11/2025;;
MS;2701170003;MS2701170003;VINHO DE MESA TINTO SECO GRANEL;VINHO;TANQUE;42000; GAZZI;176400;NOV;2025;11/2025;;
MS;2701170003;MS2701170003;VINHO DE MESA TINTO SECO GRANEL;VINHO;TANQUE;42000; GAZZI;176400;DEZ;2025;12/2025;;
MS;2701170003;MS2701170003;VINHO DE MESA TINTO SECO GRANEL;VINHO;TANQUE;42000; GAZZI;176400;DEZ;2025;12/2025;;
MS;2701170003;MS2701170003;VINHO DE MESA TINTO SECO GRANEL;VINHO;TANQUE;42000; GAZZI;176400;DEZ;2025;12/2025;;
MS;2701170003;MS2701170003;VINHO DE MESA TINTO SECO GRANEL;VINHO;TANQUE;84000; GAZZI;352800;DEZ;2025;12/2025;;
MS;2701170003;MS2701170003;VINHO DE MESA TINTO SECO GRANEL;VINHO;TANQUE;148000; GAZZI;621600;ABR;2025;04/2025;;
MS;2701080001;MS2701080001;ACUCAR CRISTAL;AÇUCAR;XAROPARIA;105800;RAIZEN;194672;DEZ;2025;12/2025;;
PR;2701080001;PR2701080001;ACUCAR CRISTAL;AÇUCAR;XAROPARIA;156200;GERAL;287408;DEZ;2025;12/2025;;
SP;2801040018;SP2801040018;FILME TERMOENCOLHIVEL LISO 390X0,05MM                    ;FILME;ÁGUA 500;1300;PATENA;30647,5;NOV;2025;11/2025;;
PR;2701020051;PR2701020051;PREFORMA PET 200 ML CRISTAL 12 g ;PREFORMA;REFRIKO 200ML;1294944;ENGEPACK;256331,57491200001;DEZ;2025;12/2025;;
PR;2701020097;PR2701020097;PREFORMA PET 200 ML VERDE 12 g ;PREFORMA;REFRIKO 200ML;3306240;ENGEPACK;654463,59552000009;DEZ;2025;12/2025;;
PR;2701020102;PR2701020102;PREFORMA 41G VERDE;PREFORMA;REFRIKO 2L;225600;ENVASES;117582,72;DEZ;2025;12/2025;;
SP;2801010068;SP2801010068;ROTULO BOPP AGUA S/ GAS HIDRATAR 500ML                   ;ROTULO;BOPP;1500000;TRIA;15840;JAN;2026;01/2026;;
MS;2701190001;MS2701190001;MALTE PILSEN BAG 1000 - BARLEY;CERVEJARIA;MALTE;167780;AGRARIA;551996,19999999995;DEZ;2025;12/2025;;
MS;2701190004;MS2701190004;XAROPE DE HIGH MALTOSE 25KG (BREWGILL);CERVEJARIA;OUTROS;119780;TEREOS;332988,39999999997;DEZ;2025;12/2025;;
PR;2801010072;PR2801010072;ROTULO GUARANA REDUZIDO 200 ML ;ROTULO;BOPP;1800000;TRIA;14400;JAN;2026;01/2026;;
MS;2701090003;MS2701090003;ACIDO LACTICO - IBC;CERVEJARIA;OUTROS;700;DAXIA;7287;JAN;2026;01/2026;;
MS;2701090004;MS2701090004;ACIDO TARTARICO ;ACID.E CONSERV.;NOCH/TON/BEL;150;MCASSAB;5325;JAN;2026;01/2026;;
PA;10010001;PA10010001;ACUCAR CRISTAL;AÇUCAR;XAROPARIA;249000;CERTANO;567202,07999999996;JAN;2026;01/2026;;
MS;2701090005;MS2701090005;ANTIOXIDANTE;CERVEJARIA;OUTROS;200;AEB;6044;JAN;2026;01/2026;;
PR;2701130007;PR2701130007;AROMA EXTRATO GUARANA REFRIKO 28;AROMA;REFRIGERANTE;1200;SAPORITI;39360;JAN;2026;01/2026;;
MS;2701050008;MS2701050008;AROMA FRUTAS TROPICAIS;AROMA;ENERGÉTICO;100;MONARCH;14957;JAN;2026;01/2026;;
PR;2801050013;PR2801050013;AROMA IN LIMAO SICILIANO;AROMA;ENERGÉTICO;17;DUAS RODAS;3867,5;JAN;2026;01/2026;;
PR;2701100002;PR2701100002;BENZOATO DE SODIO;ACID.E CONSERV.;REF/ENER/NOCH/TON;2600;BBCA;31460;JAN;2026;01/2026;;
PR;3002020007;PR3002020007;CARVÃO ATIVADO;TERRA;XAROPARIA;400;GUARAMEX;5000;JAN;2026;01/2026;;
MS;2701250001;MS2701250001;CLORETO DE CALCIO - IBC;CERVEJARIA;OUTROS;1000;BELA VISTA ;4070,0000000000005;JAN;2026;01/2026;;
PR;2701050035;PR2701050035;AROMA ARTIFICIAL GUARANA IFB (PED. KOMPLETO);AROMA;REFRIGERANTE;700;OTC;15925;JAN;2026;01/2026;;
MS;2701050035;MS2701050035;AROMA ARTIFICIAL GUARANA IFB (PED. KOMPLETO);AROMA;REFRIGERANTE;200;GERAL;4550;JAN;2026;01/2026;;
PR;2701060010;PR2701060010;CORANTE AMARANTO;CORANTE;REFRIGERANTE;20;SAPORITI;1710;JAN;2026;01/2026;;
MS;2701060007;MS2701060007;CORANTE CARAMELO CLASE IV DPC;CORANTE;REFRIGERANTE;400;SAPORITI;3000;JAN;2026;01/2026;;
PR;2701060007;PR2701060007;CORANTE CARAMELO CLASE IV DPC;CORANTE;REFRIGERANTE;1200;SAPORITI;9000;JAN;2026;01/2026;;
PR;2701060001;PR2701060001;CORANTE PONCEAU ;CORANTE;ENERGÉTICO;10;SAPORITI;670;JAN;2026;01/2026;;
PR;2701050018;PR2701050018;EMULSAO LARANJA REFRIKO 98;EMULSAO;XAROPARIA;200;SAPORITI;6559,9999999999991;JAN;2026;01/2026;;
PR;2801050038;PR2801050038;EMULSAO SABOR CITRUS;EMULSAO;XAROPARIA;12;DUAS RODAS;1208,8799999999999;JAN;2026;01/2026;;
MS;2701210004;MS2701210004;ENZIMA ULTRA FLOW;CERVEJARIA;OUTROS;100;PROZYN ;7636;JAN;2026;01/2026;;
MS;2701200002;MS2701200002;LUPULO LSKE;CERVEJARIA;LUPULO;29;LNF LATINO;29506,63;JAN;2026;01/2026;;
PR;2801120003;PR2801120003;PREMIX ENERG EMULVIT 8959 - BOMBADÃO SAPORITI -IND;CONCENT./KITs;C.ENERGETICO;25;SAPORITI;4500;JAN;2026;01/2026;;
PR;2701050023;PR2701050023;PREP ACIDO COLA ;CONCENT./KITs;KIT COLA;150;SAPORITI;3750;JAN;2026;01/2026;;
MS;2701130007;MS2701130007;AROMA EXTRATO GUARANA REFRIKO 28;AROMA;REFRIGERANTE;280;SAPORITI;9184;JAN;2026;01/2026;;
PR;2701030037;PR2701030037;TAMPA AMARELA LISA;TAMPA;PET;2721600;OXFORD;120975,12000000001;JAN;2026;01/2026;;
PR;2701030043;PR2701030043;TAMPA LARANJA REFRIKO;TAMPA;PET;907200;OXFORD;40325,040000000001;JAN;2026;01/2026;;
PR;2701030044;PR2701030044;TAMPA LILAS LISA;TAMPA;PET;302400;OXFORD;13441,68;JAN;2026;01/2026;;
PR;2701030049;PR2701030049;TAMPA VERDE REFRIKO;TAMPA;PET;3024000;OXFORD;134416,80000000002;JAN;2026;01/2026;;
PR;2701030050;PR2701030050;TAMPA VERMELHA LISA;TAMPA;PET;302400;OXFORD;13441,68;JAN;2026;01/2026;;
PR;3002020009;PR3002020009;TERRA CELITE DIATOMITA SPEEDFLOW/STANDARD (VERMELHO);TERRA;XAROPARIA;159;VENETO ;1399,2;JAN;2026;01/2026;;
PR;3002020011;PR3002020011;TERRA DIATOMITA 341/HYFLOW (AZUL);TERRA;XAROPARIA;726;VENETO ;6388,8;JAN;2026;01/2026;;
SP;2801030014;SP2801030014;TAMPA PLASTICA AZUL OMNI                             ;TAMPA;PET;1512000;OPS;65519,496000000006;JAN;2026;01/2026;;
SP;2801030017;SP2801030017;TAMPA PLASTICA PRETA OMNI 120 COM VEDANTE;TAMPA;PET;604800;OPS;26207,798400000003;JAN;2026;01/2026;;
MS;2701010168;MS2701010168;ROTULO MOEMA 1 LITRO;ROTULO;PAPEL;0;GERAL;0;MAR;2026;03/2026;;
MS;3002020010;MS3002020010;TERRA CELITE DIATOMITA 2500/535;TERRA;CERVEJARIA;2043;VENETO ;17978,400000000001;JAN;2026;01/2026;;
MS;3002020009;MS3002020009;TERRA CELITE DIATOMITA SPEEDFLOW/STANDARD (VERMELHO);TERRA;CERVEJARIA;2043;VENETO ;17978,400000000001;JAN;2026;01/2026;;
MS;2701150004;MS2701150004;VASILHAME OW 600ML (BELLA ROMA);VASILHAME;NORMAL;113400;VIDRO PORTO;128141,99999999999;JAN;2026;01/2026;;
PA;11090001;PA11090001;TAMPA LARANJA REFRIKO;TAMPA;PET;320400;RAVIBRAS;14953,068000000001;JAN;2026;01/2026;;
PA;11090034;PA11090034;TAMPA LILAS LISA;TAMPA;PET;304800;RAVIBRAS;14225,016000000001;JAN;2026;01/2026;;
PA;11090031;PA11090031;TAMPA VERMELHA LISA;TAMPA;PET;1344000;RAVIBRAS;62724,480000000003;JAN;2026;01/2026;;
PR;2701020051;PR2701020051;PREFORMA PET 200 ML CRISTAL 12 g ;PREFORMA;REFRIKO 200ML;1046976;ENGEPACK;207246,80524800002;JAN;2026;01/2026;;
PR;2801020053;PR2801020053;PREFORMA PET 200 ML VERDE 12 g;PREFORMA;REFRIKO 200ML;303072;ENGEPACK;59992,496256000006;JAN;2026;01/2026;;
PR;2701020097;PR2701020097;PREFORMA PET 200 ML VERDE 12 g ;PREFORMA;REFRIKO 200ML;606144;ENGEPACK;119984,99251200001;JAN;2026;01/2026;;
SP;2801020042;SP2801020042;PREFORMA 15G CRISTAL;PREFORMA;PET 500 PA;1025856;ENVASES;227052,70848;JAN;2026;01/2026;;
MS;2701020090;MS2701020090;PREFORMA 18G CRISTAL 500 ML - DESCONTINUAR;PREFORMA;REFRIKO 500ML;145824;BRASPET;37424,271359999999;JAN;2026;01/2026;;
PR;2701020055;PR2701020055;PREFORMA 18G CRISTAL;PREFORMA;FURIOSO 250ML;2604000;ENGEPACK;668290,55999999994;JAN;2026;01/2026;;
MS;2701020115;MS2701020115;PREFORMA 18 A 20G VERDE 500 ML - DESCONTINUAR;PREFORMA;REFRIKO 500ML;124992;BRASPET;25498,367999999999;JAN;2026;01/2026;;
PR;2701020058;PR2701020058;PREFORMA 39,7G CRISTAL;PREFORMA;TERNURA LARANJA;108288;ENGEPACK;48188,160000000003;JAN;2026;01/2026;;
MS;2701020059;MS2701020059;PREFORMA 41 G CRISTAL;PREFORMA;REFRIKO 2L;59808;BRASPET;33211,382400000002;JAN;2026;01/2026;;
PR;2701020101;PR2701020101;PREFORMA 39,7G VERDE;PREFORMA;REFRISHOW;676800;ENGEPACK;301176;JAN;2026;01/2026;;
PR;2701020102;PR2701020102;PREFORMA 41G VERDE;PREFORMA;REFRIKO 2L;270720;ENGEPACK;141099,264;JAN;2026;01/2026;;
MS;2701020096;MS2701020096;PREFORMA 48G VERDE;PREFORMA;PET 2,5L PA;63744;BRASPET;41065,159680000004;JAN;2026;01/2026;;
MS;2701020046;MS2701020046;PREFORMA 31,7G CRISTAL;PREFORMA;FURIOSO 1L;22464;BRASPET;9339,8572800000002;JAN;2026;01/2026;;
MS;2701020075;MS2701020075;PREFORMA PET 46,7GR CRISTAL;PREFORMA;FURIOSO 2L;183744;BRASPET;109143,936;JAN;2026;01/2026;;
PR;2701020075;PR2701020075;PREFORMA PET 46,7GR CRISTAL ;PREFORMA;FURIOSO 2L;495552;ENGEPACK;340686,05337599997;JAN;2026;01/2026;;
PA;11070046;PA11070046;PREFORMA 18 ou 20,6G CRISTAL;PREFORMA;PET 500 PA;315648;ENVASES;74492,928;JAN;2026;01/2026;;
PA;11070047;PA11070047;PREFORMA 18 ou 20,6G VERDE;PREFORMA;PET 500 PA;217008;ENVASES;51213,887999999999;JAN;2026;01/2026;;
PA;11070032;PA11070032;PREFORMA 48GR CRISTAL OU 50,7 G;PREFORMA;PET 2,5L PA;89600;GERAL;44620,800000000003;JAN;2026;01/2026;;
PA;11070041;PA11070041;PREFORMA PET 200 ML CRISTAL 12 G;PREFORMA;PET 200 PA;351000;ENVASES;55809;JAN;2026;01/2026;;
PA;11070048;PA11070048;PREFORMA PET 200 ML VERDE 12 G;PREFORMA;PET 200 PA;234000;ENVASE;37206;JAN;2026;01/2026;;
MS;2701240004;MS2701240004;CHAPA SEM IMPRESSAO 1000X1200 (NOVA);SEPARADOR DE CAMADAS;CHAPA;82000;CPEL;102500;FEV;2026;02/2026;;
MS;2701240005;MS2701240005;CHAPA SEM IMPRESSAO CORRUGADO 1000X1200;SEPARADOR DE CAMADAS;CHAPA;5000;EMBRART;15650;FEV;2026;02/2026;;
MS;2701050040;MS2701050040;CONCENTRADO BEBIDAS ENERGETICA;AROMA;KIT ENERGÉTICO;62,67409471;ADM;130166,94986072424;FEV;2026;02/2026;;
MS;2701160011;MS2701160011;CX ONE WAY BAMBOA 12X330ML;CAIXA;CERVEJA;13200;BLUMEN;24288;FEV;2026;02/2026;;
MS;2701040009;MS2701040009;FILME STRETCH POLIETILENO 500X0023;FILME;STRETCH;3000;EPA;68550;FEV;2026;02/2026;;
MS;2701040003;MS2701040003;FILME TERMO ENCOLHÍVEL DE 560X006;FILME;DIVERSOS;3500;EPA;82250;FEV;2026;02/2026;;
MS;2701120001;MS2701120001;PREMIX ENERG EMULVIT 8942;CONCENT./KITs;C.ENERGETICO;1500;CALDIC;27075;FEV;2026;02/2026;;
MS;2701010191;MS2701010191;ROTULO FURIOSO 2L;ROTULO;SLEEVE;150000;CCL;30930;FEV;2026;02/2026;;
MS;2701010187;MS2701010187;ROTULO FURIOSO MELANCIA E MORANGO 2L;ROTULO;SLEEVE;100000;CCL;20620;FEV;2026;02/2026;;
MS;2701010193;MS2701010193;ROTULO FURIOSO TROPICAL 2L;ROTULO;SLEEVE;100000;CCL;20620;FEV;2026;02/2026;;
MS;2701010163;MS2701010163;ROTULO TUBA JUJUBA 2L;ROTULO;BOPP;250000;MAB;8875;FEV;2026;02/2026;;
PR;2701050001;PR2701050001;AROMA NATURAL MOUTHFEEL FASV259 ADM;AROMA;REFRIGERANTE;200;ADM;33080;FEV;2026;02/2026;;
PR;2801050003;PR2801050003;CONCENTRADO BEBIDAS ENERGETICA;AROMA;KIT ENERGÉTICO;78,34261838;ADM;160192,35376044569;FEV;2026;02/2026;;
PR;2701050020;PR2701050020;EMULSÃO COLA E-0388 ADM (NOVO) (usar no 500 ml);EMULSAO;XAROPARIA;50;ADM;19225,5;FEV;2026;02/2026;;
PR;2701040009;PR2701040009;FILME STRETCH POLIETILENO 500X0023;FILME;STRETCH;2000;EPA;40000;FEV;2026;02/2026;;
PR;2701040006;PR2701040006;FILME TERMO ENCOLHIVEL 860/5 MM;FILME;JUJ/TERN;5500;EPA;129662,5;FEV;2026;02/2026;;
PR;2701040007;PR2701040007;FILME TERMO ENCOLHIVEL 860/0,06 MM;FILME;REFR/ENERG.;9000;EPA;212175;FEV;2026;02/2026;;
PR;2801010090;PR2801010090;ROT SLEE NOCH LIMAO 270ML;ROTULO;SLEEVE;150000;ALL4LABELL;18000;FEV;2026;02/2026;;
PR;2801010092;PR2801010092;ROT SLEE NOCH MELANCIA E MORAN 270ML-IND;ROTULO;SLEEVE;150000;ALL4LABELL;18000;FEV;2026;02/2026;;
PR;2701010156;PR2701010156;ROTULO BOPP REFRISHOW GUARANA 2 L;ROTULO;BOPP;500000;MABFLEX;17750;FEV;2026;02/2026;;
PR;2801010103;PR2801010103;ROTULO FURIOSO UVA VERDE 250ML;ROTULO;SLEEVE;300000;CCL;15113,099999999999;FEV;2026;02/2026;;
PR;2801010095;PR2801010095;ROTULO FURIOSO MELAO 250ML;ROTULO;SLEEVE;150000;GERAL;7556,5499999999993;FEV;2026;02/2026;;
PR;2801010072;PR2801010072;ROTULO GUARANA REDUZIDO 200 ML ;ROTULO;BOPP;200000;TRIA;1600;FEV;2026;02/2026;;
PR;2701010141;PR2701010141;ROTULO GUARANA 200 ML ZERO ;ROTULO;BOPP;600000;GERAL;4800;ABR;2026;04/2026;;
PR;2701010143;PR2701010143;ROTULO REFRIKO LARANJA DQI1% 200 ML ;ROTULO;BOPP;1500000;TRIA;12000;FEV;2026;02/2026;;
PR;2701010149;PR2701010149;ROTULO REFRIKO TUBAÍNA 200 ML ;ROTULO;BOPP;1500000;GERAL;12000;FEV;2025;02/2025;;
PR;2701010164;PR2701010164;ROTULO TUBAJUJUBA LARANJA S/SUCO 2L;ROTULO;BOPP;250000;MABFLEX;8875;FEV;2026;02/2026;;
PR;2701010155;PR2701010155;ROTULO REFRIKO UVA DQI1% 2L;ROTULO;BOPP;250000;MABFLEX;8875;FEV;2026;02/2026;;
PA;10090295;PA10090295;CONCENTRADO COLA IAB 7729 (NOVO);CONCENT./KITs;KIT COLA;1700;INTERAMERICA;38063;FEV;2026;02/2026;;
PA;10090292;PA10090292;CORANTE AMARANTO;CORANTE;REFRIGERANTE;25;SAPORITI;1699,7499999999998;FEV;2026;02/2026;;
PA;10090056;PA10090056;CORANTE AMARELO SUNSET;CORANTE;XAROPARIA;10;SAPORITI;418,40000000000003;FEV;2026;02/2026;;
PA;10090037;PA10090037;CORANTE AZUL BRILHANTE;CORANTE;ENERGÉTICO;5;SAPORITI;496,85;FEV;2026;02/2026;;
PA;10090294;PA10090294;CORANTE CARAMELO CLASE IV DPC;CORANTE;REFRIGERANTE;220;SAPORITI;1056;FEV;2026;02/2026;;
SP;2801040018;SP2801040018;FILME TERMOENCOLHIVEL LISO 390X0,05MM                    ;FILME;ÁGUA 500;3500;GERAL;82512,5;FEV;2026;02/2026;;
SP;2801040017;SP2801040017;FILME TERMO ENCOLHIVEL 420X0,05MM;FILME;AGUA 1,5L;1000;BAMBOA;21000;FEV;2026;02/2026;;
PA;12030001;PA12030001;FILME STRETCH POLIETILENO 500X0023;FILME;STRETCH;1400;PRISMAPACK;13720,000000000002;FEV;2026;02/2026;;
PA;11040005;PA11040005;FILME TERMO ENCOLHIVEL 300 MM X 0,04;FILME;REFRI;2000;PRISMAPACK;20700;FEV;2026;02/2026;;
SP;2801010063;SP2801010063;ROTULO BOPP AGUA C/ GAS HIDRATAR 500ML                   ;ROTULO;BOPP;1500000;GERAL;15840;ABR;2026;04/2026;;
MS;2701040002;MS2701040002;FILME TERMO ENCOLHIVEL 420 X 0,06;FILME;REFR/ENERG.;2500;GERAL;58750;FEV;2026;02/2026;;
MS;2701050010;MS2701050010;AROMA DE LARANJA IDENTICO AO NATURAL;AROMA;REFRIGERANTE;23;DUAS RODAS;1730,06;FEV;2026;02/2026;;
MS;2701050008;MS2701050008;AROMA FRUTAS TROPICAIS;AROMA;ENERGÉTICO;150;MONARCH;22435,5;FEV;2026;02/2026;;
MS;2701050026;MS2701050026;AROMA IDENTICO AO NATURAL DE PESSEGO;AROMA;NOCH DEMAIS;40;SAPORITI;2320;FEV;2026;02/2026;;
MS;2701100002;MS2701100002;BENZOATO DE SODIO;ACID.E CONSERV.;REF/ENER/NOCH/TON;1000;GERAL;12100;FEV;2026;02/2026;;
MS;2701050022;MS2701050022;CONCENTRADO DE GUARANA IAB 7205;AROMA;REFRIGERANTE;500;INTERAMERICA;12935;FEV;2026;02/2026;;
MS;2701060010;MS2701060010;CORANTE AMARANTO;CORANTE;DELIRIO;20;SAPORITI;1710;FEV;2026;02/2026;;
MS;2701060007;MS2701060007;CORANTE CARAMELO CLASE IV DPC;CORANTE;REFRIGERANTE;400;SAPORITI;3000;FEV;2026;02/2026;;
MS;2701050002;MS2701050002;DESTILADO DE ERVAS AROMÁT PARA GIN;AROMA;JAMES COOK;1000;GERAL;19200;FEV;2026;02/2026;;
MS;2701050018;MS2701050018;EMULSAO LARANJA REFRIKO 98;EMULSAO;XAROPARIA;200;SAPORITI;6559,9999999999991;FEV;2026;02/2026;;
MS;2701130006;MS2701130006;EXTRATO DE GUARANA 200% DUAS RODAS;AROMA;ENERG./DELÍR.;110;DUAS RODAS;5492,3;FEV;2026;02/2026;;
MS;2701150006;MS2701150006;VASILHAME AMBAR 300ML - LITRINHO;VASILHAME;NORMAL;101640;VIDROPORTO;75213,600000000006;FEV;2026;02/2026;;
MS;2701150001;MS2701150001;VASILHAME GINGUALA 970ML;VASILHAME;NORMAL;42240;VIDROPORTO;66316,800000000003;FEV;2026;02/2026;;
MS;2701050023;MS2701050023;PREP ACIDO COLA ;CONCENT./KITs;KIT COLA;100;SAPORITI;2500;FEV;2026;02/2026;;
MS;2701040012;MS2701040012;SHRINK MOEMA 269ML - 350X0,06;FILME;MOEMA;1000;PACKSEVEN;14500;FEV;2026;02/2026;;
MS;2701040010;MS2701040010;SHRINK MOEMA 473ML - 400X0,06;FILME;MOEMA;1000;PACKSEVEN;14500;FEV;2026;02/2026;;
MS;2701100001;MS2701100001;SORBATO DE POTASSIO 25KG;ACID.E CONSERV.;REF/ENER/ROM/DEL;100;KALIUM;1572;FEV;2026;02/2026;;
MS;2701150003;MS2701150003;VASILHAME NOVO 330ML;VASILHAME;LONGNECK;190960;VIDRO PORTO;168044,79999999999;FEV;2026;02/2026;;
PR;2701090002;PR2701090002;ACIDO CITRICO;ACID.E CONSERV.;REF/ENER/ROM/DEL;13750;PARKER;123062,49999999999;FEV;2026;02/2026;;
PR;2701130007;PR2701130007;AROMA EXTRATO GUARANA REFRIKO 28;AROMA;REFRIGERANTE;900;SAPORITI;29519,999999999996;FEV;2026;02/2026;;
PR;2701050011;PR2701050011;AROMA LIMAO REFRIKO 41;AROMA;REFRIGERANTE;200;SAPORITI;9600;FEV;2026;02/2026;;
PR;2701050027;PR2701050027;AROMA UVA REFRIKO 84;AROMA;REFRIGERANTE;350;SAPORITI;9800;FEV;2026;02/2026;;
PR;2701050022;PR2701050022;CONCENTRADO DE GUARANA IAB 7205;AROMA;REFRIGERANTE;1500;INTERAMERICA;40755;FEV;2026;02/2026;;
PR;2701060009;PR2701060009;CORANTE AMARELO SUNSET;CORANTE;XAROPARIA;15;SAPORITI;684,3;FEV;2026;02/2026;;
PR;2701060007;PR2701060007;CORANTE CARAMELO CLASE IV DPC;CORANTE;REFRIGERANTE;500;SAPORITI;3750;FEV;2026;02/2026;;
PR;2701050018;PR2701050018;EMULSAO LARANJA REFRIKO 98;EMULSAO;XAROPARIA;700;SAPORITI;22959,999999999996;FEV;2026;02/2026;;
PR;2701130006;PR2701130006;EXTRATO DE GUARANA 200% DUAS RODAS;AROMA;ENERG./DELÍR.;150;DUAS RODAS;7489,5;FEV;2026;02/2026;;
PR;2701050023;PR2701050023;PREP ACIDO COLA ;CONCENT./KITs;KIT COLA;200;SAPORITI;5000;FEV;2026;02/2026;;
PR;2701130009;PR2701130009;SUCO CONCENTRADO DE MACA;SUCO;XAROPARIA;1500;INTERSUCOS;18000;FEV;2026;02/2026;;
PR;2701130001;PR2701130001;SUCO CONCENTRADO LARANJA;SUCO;XAROPARIA;300;INTERSUCOS;3600;FEV;2026;02/2026;;
PR;2701130002;PR2701130002;SUCO CONCENTRADO LIMÃO;SUCO;XAROPARIA;100;INTERSUCOS;1650;FEV;2026;02/2026;;
PR;2701030037;PR2701030037;TAMPA AMARELA LISA;TAMPA;PET;2570400;OXFORD;114254,28000000001;FEV;2026;02/2026;;
PR;2701030043;PR2701030043;TAMPA LARANJA REFRIKO;TAMPA;PET;907200;OXFORD;40325,040000000001;FEV;2026;02/2026;;
PR;2701030049;PR2701030049;TAMPA VERDE REFRIKO;TAMPA;PET;1512000;OXFORD;67208,400000000009;FEV;2026;02/2026;;
PR;2701030050;PR2701030050;TAMPA VERMELHA LISA;TAMPA;PET;302400;OXFORD;13441,68;FEV;2026;02/2026;;
PA;11090001;PA11090001;TAMPA LARANJA REFRIKO;TAMPA;PET;504000;RAVIBRAS;23521,68;FEV;2026;02/2026;;
PA;11090034;PA11090034;TAMPA LILAS LISA;TAMPA;PET;336000;RAVIBRAS;15681,12;FEV;2026;02/2026;;
PA;11090031;PA11090031;TAMPA VERMELHA LISA;TAMPA;PET;1176000;RAVIBRAS;54883,920000000006;FEV;2026;02/2026;;
MS;2701070006;MS2701070006;ACESSULFAME DE POTASSIO;EDULCORANTE;XAROPARIA;50;KALIUM;1426,5;MAR;2026;03/2026;;
MS;2701090003;MS2701090003;ACIDO LACTICO - IBC;CERVEJARIA;OUTROS;700;OXYGEN;7287;MAR;2026;03/2026;;
MS;2701090005;MS2701090005;ANTIOXIDANTE;CERVEJARIA;OUTROS;100;AEB;3022;MAR;2026;03/2026;;
MS;2701240005;MS2701240005;CHAPA SEM IMPRESSAO CORRUGADO 1000X1200;SEPARADOR DE CAMADAS;CHAPA;5000;EMBRART;15650;MAR;2026;03/2026;;
MS;2701070004;MS2701070004;CICLAMATO DE SÓDIO ;EDULCORANTE;XAROPARIA;50;KALIUM;709;MAR;2026;03/2026;;
MS;2701210003;MS2701210003;CLEAR MAX PVPP;CERVEJARIA;OUTROS;60;PROZYN ;8301;MAR;2026;03/2026;;
MS;2701250001;MS2701250001;CLORETO DE CALCIO - IBC;CERVEJARIA;OUTROS;300;BELA VISTA ;1221;MAR;2026;03/2026;;
MS;2701050040;MS2701050040;CONCENTRADO BEBIDAS ENERGETICA;AROMA;KIT ENERGÉTICO;87,04735376;ADM;180787,43036211701;MAR;2026;03/2026;;
MS;2701060006;MS2701060006;CORANTE CARAMELO CERVEJA;CERVEJARIA;OUTROS;500;GERAL;3020;MAR;2026;03/2026;;
MS;2701050020;MS2701050020;EMULSÃO COLA E-0388 ADM (NOVO);EMULSAO;XAROPARIA;50;ADM;19225,5;MAR;2026;03/2026;;
MS;2701040009;MS2701040009;FILME STRETCH POLIETILENO 500X0023;FILME;STRETCH;1500;EPA;34275;MAR;2026;03/2026;;
MS;2701040001;MS2701040001;FILME TERMO ENCOLHIVEL 420 X 0,05;FILME;JUJ/TERN;2400;EPA;50400;MAR;2026;03/2026;;
MS;2701200002;MS2701200002;LUPULO LSKE;CERVEJARIA;LUPULO;29;LNF LATINO;29506,63;FEV;2026;02/2026;;
MS;2701120001;MS2701120001;PREMIX ENERG EMULVIT 8942;CONCENT./KITs;C.ENERGETICO;1200;CALDIC;21660;MAR;2026;03/2026;;
MS;2701010191;MS2701010191;ROTULO FURIOSO 2L;ROTULO;SLEEVE;150000;CCL;30930;MAR;2026;03/2026;;
MS;2701010140;MS2701010140;ROTULO GUARANA 500ML;ROTULO;BOPP;200000;MALFLEX;2560;MAR;2026;03/2026;;
MS;2701070001;MS2701070001;SUCRALOSE;EDULCORANTE;XAROPARIA;125;MONFIZA;10537,5;MAR;2026;03/2026;;
MS;3002020010;MS3002020010;TERRA CELITE DIATOMITA 2500/535;TERRA;CERVEJARIA;5675;VENETO ;49940,000000000007;MAR;2026;03/2026;;
MS;3002020009;MS3002020009;TERRA CELITE DIATOMITA SPEEDFLOW/STANDARD (VERMELHO);TERRA;CERVEJARIA;2270;VENETO ;19976;MAR;2026;03/2026;;
MS;3002020011;MS3002020011;TERRA DIATOMITA 341/HYFLOW (AZUL);TERRA;XAROPARIA;113,5;VENETO ;998,80000000000007;MAR;2026;03/2026;;
PR;2701070006;PR2701070006;ACESSULFAME DE POTASSIO;EDULCORANTE;XAROPARIA;150;KALIUM;4279,5;MAR;2026;03/2026;;
PR;2701070004;PR2701070004;CICLAMATO DE SÓDIO ;EDULCORANTE;XAROPARIA;420;KALIUM;5955,5999999999995;MAR;2026;03/2026;;
PR;2701050020;PR2701050020;EMULSÃO COLA E-0388 ADM (NOVO) (usar no 500 ml);EMULSAO;XAROPARIA;50;ADM;19225,5;MAR;2026;03/2026;;
PR;2701040004;PR2701040004;FILME TERMO ENCOLHIVEL 600 MM X 0,04 ;FILME;REFRI;3000;EPA;42300;MAR;2026;03/2026;;
PR;2701040005;PR2701040005;FILME TERMO ENCOLHIVEL 660 MM X 0,04;FILME;ENERGÉTICO;3000;EPA;70500;MAR;2026;03/2026;;
PR;2701040006;PR2701040006;FILME TERMO ENCOLHIVEL 860/5 MM;FILME;JUJ/TERN;5000;EPA;117875;MAR;2026;03/2026;;
PR;2701070003;PR2701070003;NEOTAME;EDULCORANTE;XAROPARIA;15;SAPORITI;2914,5;MAR;2026;03/2026;;
PR;2701160004;PR2701160004;CAIXA PACK FURIOSO 4X250 ML ( PROPRIO);CAIXA;FURIOSO;65000;GERAL;47450;MAR;2026;03/2026;;
PR;2701010156;PR2701010156;ROTULO BOPP REFRISHOW GUARANA 2 L;ROTULO;BOPP;400000;MABFLEX;14199,999999999998;MAR;2026;03/2026;;
PR;2701010163;PR2701010163;ROTULO TUBA JUJUBA 2L;ROTULO;BOPP;400000;MABFLEX;14199,999999999998;MAR;2026;03/2026;;
PR;2701010138;PR2701010138;ROTULO GUARANA 2L;ROTULO;BOPP;300000;MABFLEX;10649,999999999998;MAR;2026;03/2026;;
PR;2701010161;PR2701010161;ROTULO TERNURA TUBAINA 2L;ROTULO;BOPP;300000;MABFLEX;10649,999999999998;MAR;2026;03/2026;;
PR;2701070002;PR2701070002;SACARINA SÓDICA;EDULCORANTE;XAROPARIA;200;KALIUM;5930;MAR;2026;03/2026;;
PR;2701070001;PR2701070001;SUCRALOSE;EDULCORANTE;XAROPARIA;250;MONFIZA;22000;MAR;2026;03/2026;;
PA;10090273;PA10090273;ACESSULFAME DE POTASSIO;EDULCORANTE;XAROPARIA;100;BUSCHLE;3490;MAR;2026;03/2026;;
PA;10010001;PA10010001;ACUCAR CRISTAL;AÇUCAR;XAROPARIA;250000;CERTANO;569480;MAR;2026;03/2026;;
PA;10020012;PA10020012;AROMA DE GUARANA 31835 ADM;AROMA;REFRIGERANTE;400;ADM;48080;MAR;2026;03/2026;;
PA;10020011;PA10020011;AROMA NATURAL MOUTHFEEL FASV259 ADM;AROMA;REFRIGERANTE;120;ADM;18902,400000000001;MAR;2026;03/2026;;
PA;10090100;PA10090100;ASPARTAME;EDULCORANTE;XAROPARIA;150;MCASSAB;10558,5;MAR;2026;03/2026;;
PA;10100012;PA10100012;BENZOATO DE SODIO;ACID.E CONSERV.;REF/ENER/NOCH/TON;1000;ANASTACIO;10352;MAR;2026;03/2026;;
PA;10100024;PA10100024;CICLAMATO DE SÓDIO ;EDULCORANTE;XAROPARIA;300;PARKER;5961;MAR;2026;03/2026;;
PA;10090274;PA10090274;CONCENTRADO BEBIDAS ENERGETICA;AROMA;KIT ENERGÉTICO;600;WILD;98834,853760445709;FEV;2026;02/2026;;
PA;10090295;PA10090295;CONCENTRADO COLA IAB 7729 (NOVO);CONCENT./KITs;KIT COLA;2000;INTERAMERICA;44780;MAR;2026;03/2026;;
PA;11080241;PA11080241;RÓTULO MICOS COLA 2,5L;ROTULO;BOPP-PA;200000;ELLOFLEX;6790;MAR;2026;03/2026;;
PA;11080243;PA11080243;ROTULO MICOS COLA 2L;ROTULO;BOPP-PA;200000;ELLOFLEX;8326;MAR;2026;03/2026;;
PA;11080245;PA11080245;RÓTULO MICOS GUARANA 2,5L;ROTULO;BOPP-PA;300000;ELLOFLEX;10185;MAR;2026;03/2026;;
PA;11080246;PA11080246;RÓTULO MICOS GUARANÁ 200ML;ROTULO;BOPP-PA;200000;ELLOFLEX;1180;MAR;2026;03/2026;;
PA;11080249;PA11080249;RÓTULO MICOS LARANJA 2,5L;ROTULO;BOPP-PA;200000;ELLOFLEX;6790;MAR;2026;03/2026;;
PA;11080251;PA11080251;ROTULO MICOS LARANJA 2L;ROTULO;BOPP-PA;200000;ELLOFLEX;8326;MAR;2026;03/2026;;
PA;10090293;PA10090293;SUCO CONCENTRADO DE MACA;SUCO;XAROPARIA;1300;INTERSUCOS;14950;MAR;2026;03/2026;;
PA;10090090;PA10090090;SUCO CONCENTRADO LARANJA;SUCO;XAROPARIA;175;INTERSUCOS;1837,5;MAR;2026;03/2026;;
PA;10090094;PA10090094;SUCO CONCENTRADO UVA;SUCO;XAROPARIA;150;INTERSUCOS;1575;MAR;2026;03/2026;;
PA;10090071;PA10090071;SUCRALOSE;EDULCORANTE;XAROPARIA;150;MONFIZA;17109;MAR;2026;03/2026;;
MS;2701120001;MS2701120001;PREMIX ENERG EMULVIT 8942;CONCENT./KITs;C.ENERGETICO;3000;CALDIC;54150;ABR;2026;04/2026;;
PR;2801050025;PR2801050025;AROMA IDENTICO AO NATURAL MORANGO;AROMA;ENERGÉTICO;160;DUAS RODAS;12140,8;FEV;2026;02/2026;;
PR;2801050004;PR2801050004;AROMA NATURA DE CITRUS RB 25395;AROMA;ENERGÉTICO;18;SAPORITI;1890;FEV;2026;02/2026;;
PR;2801090005;PR2801090005;CITRATO DE SODIO;ACID.E CONSERV.;ENERG/DELIRIO;300;KALIUM;2484;FEV;2026;02/2026;;
PR;2801030013;PR2801030013;TAMPA AZUL LISA;TAMPA;PET;151200;OXFORD;6551,9496000000008;FEV;2026;02/2026;;
SP;2801030014;SP2801030014;TAMPA PLASTICA AZUL OMNI                             ;TAMPA;PET;2872800;OXFORD;124487,04240000001;FEV;2026;02/2026;;
SP;2801030017;SP2801030017;TAMPA PLASTICA PRETA OMNI 120 COM VEDANTE;TAMPA;PET;2570400;OXFORD;111383,14320000001;FEV;2026;02/2026;;
SP;2801260003;SP2801260003;LACRE AGUA HIDRATAR 200ML;LACRE;AGUA 200;500000;OKRA;18200;FEV;2026;02/2026;;
PR;2801050003;PR2801050003;CONCENTRADO BEBIDAS ENERGETICA;AROMA;KIT ENERGÉTICO;95,75208914;ADM;195790,6545961003;MAR;2026;03/2026;;
PR;2801010091;PR2801010091;ROT SLEE NOCH MARACUJA 270ML;ROTULO;SLEEVE;100000;ALL4LABELL;12000;MAR;2026;03/2026;;
PR;2801010089;PR2801010089;ROTULO BOMBADÃO 2L;ROTULO;SLEEVE;100000;ALL4LABELL;21285,599999999999;MAR;2026;03/2026;;
PR;2801010099;PR2801010099;ROTULO FURIOSO 250ML;ROTULO;SLEEVE;1500000;CCL;75565,5;MAR;2026;03/2026;;
PR;2801010100;PR2801010100;ROTULO FURIOSO 2L;ROTULO;SLEEVE;150000;CCL;30930;MAR;2026;03/2026;;
PR;2801010103;PR2801010103;ROTULO FURIOSO UVA VERDE 250ML;ROTULO;SLEEVE;200000;CCL;10075,4;MAR;2026;03/2026;;
SP;2801040014;SP2801040014;FILME STRETCH POLIETILENO 500X0023;FILME;STRETCH;1500;GERAL;34275;MAR;2026;03/2026;;
SP;2801040018;SP2801040018;FILME TERMOENCOLHIVEL LISO 390X0,05MM                    ;FILME;ÁGUA 500;6000;GERAL;141450;MAR;2026;03/2026;;
SP;2801040017;SP2801040017;FILME TERMO ENCOLHIVEL 420X0,05MM;FILME;AGUA 1,5L;600;GERAL;12600;MAR;2026;03/2026;;
SP;2801010066;SP2801010066;ROTULO BOPP AGUA S/ GAS HIDRATAR 1,5L                    ;ROTULO;BOPP;100000;GERAL;1994,98;MAR;2026;03/2026;;
SP;2801010068;SP2801010068;ROTULO BOPP AGUA S/ GAS HIDRATAR 500ML                   ;ROTULO;BOPP;2500000;GERAL;26400;MAR;2026;03/2026;;
SP;2801160001;SP2801160001;CAIXA AGUA HIDRATAR 48X200ML;CAIXA;AGUA 200;24364;FERCORR;50920,759999999995;MAR;2026;03/2026;;
SP;2801160002;SP2801160002;TABULEIRO SEPARADOR DA CAIXA AGUA HIDRATAR 200ML;CAIXA;AGUA 200;26600;FERCORR;6650;MAR;2026;03/2026;;
SP;2801180002;SP2801180002;COPO AGUA HIDRATAR 200ML;COPO;AGUA 200;500000;POLIGYN;76450;MAR;2026;03/2026;;
PR;2801120002;PR2801120002;PREMIX ENERG EMULVIT 8942;CONCENT./KITs;C.ENERGETICO;2500;QUANTIQ;45125;ABR;2026;04/2026;;
MS;2701200002;MS2701200002;LUPULO LSKE;CERVEJARIA;LUPULO;29;LNF LATINO;29506,63;MAR;2026;03/2026;;
PR;2801020035;PR2801020035;PREFORMA PET 200 ML CRISTAL 12 g;PREFORMA;REFRIKO 200ML;330624;ENGEPACK;65446,359552000002;FEV;2026;02/2026;;
PR;2701020051;PR2701020051;PREFORMA PET 200 ML CRISTAL 12 g ;PREFORMA;REFRIKO 200ML;330624;ENGEPACK;65446,359552000002;FEV;2026;02/2026;;
PR;2801020053;PR2801020053;PREFORMA PET 200 ML VERDE 12 g;PREFORMA;REFRIKO 200ML;192864;ENGEPACK;38177,043072;FEV;2026;02/2026;;
PR;2701020097;PR2701020097;PREFORMA PET 200 ML VERDE 12 g ;PREFORMA;REFRIKO 200ML;1928640;ENGEPACK;381770,43072;FEV;2026;02/2026;;
PR;2701020055;PR2701020055;PREFORMA 18G CRISTAL;PREFORMA;FURIOSO 250ML;1897708;ENGEPACK;487027,78111999994;FEV;2026;02/2026;;
PR;2701020055;PR2701020055;PREFORMA 18G CRISTAL;PREFORMA;FURIOSO 250ML;1025856;CRISTALPET;263275,68383999995;FEV;2026;02/2026;;
PR;2701020059;PR2701020059;PREFORMA 41G CRISTAL;PREFORMA;REFRIKO 2L;541440;ENGEPACK;282198,52799999999;FEV;2026;02/2026;;
PR;2701020101;PR2701020101;PREFORMA 39,7G VERDE;PREFORMA;REFRISHOW;541440;ENGEPACK;240940,80000000002;FEV;2026;02/2026;;
PR;2701020101;PR2701020101;PREFORMA 39,7G VERDE;PREFORMA;REFRISHOW;469248;CRISTALPET;208815,36000000002;FEV;2026;02/2026;;
PR;2701020102;PR2701020102;PREFORMA 41G VERDE;PREFORMA;REFRIKO 2L;81216;GERAL;42329,779199999997;FEV;2026;02/2026;;
SP;2801020042;SP2801020042;PREFORMA 15G CRISTAL;PREFORMA;PET 500 PA;1203408;CRISTALPET;266350,29264;FEV;2026;02/2026;;
SP;2801020041;SP2801020041;PREFORMA 18G CRISTAL 500 ML;PREFORMA;PET 500 PA;1617696;CRISTALPET;415165,50143999996;FEV;2026;02/2026;;
SP;2801020032;SP2801020032;PREFORMA 31,7G CRISTAL;PREFORMA;ÁGUA 1,5L;146952;CRISTALPET;61098,233039999999;FEV;2026;02/2026;;
PA;11070012;PA11070012;PREFORMA 46,0G CRISTAL OU 45,7 G;PREFORMA;PET 2L PA;325728;BRASPET;159606,72;FEV;2026;02/2026;;
PA;11070013;PA11070013;PREFORMA 46,0G VERDE OU 45,7 G;PREFORMA;PET 2L PA;108576;BRASPET;53202,239999999998;FEV;2026;02/2026;;
PA;11070032;PA11070032;PREFORMA 48GR CRISTAL OU 50,7 G;PREFORMA;PET 2,5L PA;322560;AMCOR;160634,88;FEV;2026;02/2026;;
PA;11070041;PA11070041;PREFORMA PET 200 ML CRISTAL 12 G;PREFORMA;PET 200 PA;304200;GERAL;48367,8;FEV;2026;02/2026;;
PA;11070048;PA11070048;PREFORMA PET 200 ML VERDE 12 G;PREFORMA;PET 200 PA;140400;GERAL;22323,599999999999;FEV;2026;02/2026;;
MS;2701020090;MS2701020090;PREFORMA 18G CRISTAL 500 ML - DESCONTINUAR;PREFORMA;REFRIKO 500ML;59184;ENVASES;15188,981759999999;FEV;2026;02/2026;;
MS;2701020115;MS2701020115;PREFORMA 18 A 20G VERDE 500 ML - DESCONTINUAR;PREFORMA;REFRIKO 500ML;118368;ENVASES;24147,072;FEV;2026;02/2026;;
MS;2701020059;MS2701020059;PREFORMA 41 G CRISTAL;PREFORMA;REFRIKO 2L;91872;ENVASES;51016,5216;FEV;2026;02/2026;;
MS;2701020102;MS2701020102;PREFORMA 41 G VERDE;PREFORMA;REFRIKO 2L;267264;ENVASES;107253,0432;FEV;2026;02/2026;;
MS;2701020050;MS2701020050;PREFORMA 48G CRISTAL (COMPRAR 50 G);PREFORMA;PET 2,5L PA;55776;BRASPET;35919,743999999999;FEV;2026;02/2026;;
MS;2701020096;MS2701020096;PREFORMA 48G VERDE;PREFORMA;PET 2,5L PA;0;GERAL;0;FEV;2026;02/2026;;
MS;2701020081;MS2701020081;PREFORMA 54,4GR CRISTAL SHORT;PREFORMA;REFRIKO 3L;46656;BRASPET;26090,968320000004;FEV;2026;02/2026;;
MS;2701020109;MS2701020109;PREFORMA 54,4GR VERDE SHORT;PREFORMA;REFRIKO 3L;77760;BRASPET;43484,947200000002;FEV;2026;02/2026;;
MS;2701020075;MS2701020075;PREFORMA PET 46,7GR CRISTAL;PREFORMA;FURIOSO 2L;242208;BRASPET;143871,552;FEV;2026;02/2026;;
MS;2701150004;MS2701150004;VASILHAME OW 600ML (BELLA ROMA);VASILHAME;NORMAL;113400;VIDROPORTO;128141,99999999999;FEV;2026;02/2026;;
MS;2701150009;MS2701150009;VASILHAME TUBAINA CRISTAL LONGNECK 355ML;VASILHAME;NORMAL;184800;VIDRO PORTO;97944;FEV;2026;02/2026;;
MS;2701050035;MS2701050035;AROMA ARTIFICIAL GUARANA IFB (PED. KOMPLETO);AROMA;REFRIGERANTE;700;KOMPLETO;15925;FEV;2026;02/2026;;
MS;2701050036;MS2701050036;AROMA NATURAL DE TANGERINA DOHLER;AROMA;ENERGÉTICO;50;DOHLER;5400;FEV;2026;02/2026;;
PR;2801050019;PR2801050019;AROMA IDENTICO AO NATURAL MARACUJA;AROMA;NOCH DEMAIS;100;DUAS RODAS;5421;FEV;2026;02/2026;;
MS;2701090002;MS2701090002;ACIDO CITRICO;ACID.E CONSERV.;REF/ENER/ROM/DEL;13750;PARKER;123062,49999999999;MAR;2026;03/2026;;
PR;2801090001;PR2801090001;ACIDO MALICO;ACID.E CONSERV.;NOCH;100;GERAL;975;MAR;2026;03/2026;;
MS;2701090004;MS2701090004;ACIDO TARTARICO ;ACID.E CONSERV.;NOCH/TON/BEL;100;MCASSAB;3550;MAR;2026;03/2026;;
PR;2801120003;PR2801120003;PREMIX ENERG EMULVIT 8959 - BOMBADÃO SAPORITI -IND;CONCENT./KITs;C.ENERGETICO;100;DUAS RODAS;18000;MAR;2026;03/2026;;
PR;2701050037;PR2701050037;AROMA IDENTICO AO NATURAL FRAMBOESA 77587 SAPORITI;AROMA;REFRIGERANTE;100;SAPORITI;6200;MAR;2026;03/2026;;
MS;2701050035;MS2701050035;AROMA ARTIFICIAL GUARANA IFB (PED. KOMPLETO);AROMA;REFRIGERANTE;306;KOMPLETO;6961,5;MAR;2026;03/2026;;
PR;2701050035;PR2701050035;AROMA ARTIFICIAL GUARANA IFB (PED. KOMPLETO);AROMA;REFRIGERANTE;200;KOMPLETO;4550;MAR;2026;03/2026;;
PA;10020001;PA10020001;AROMA DE LARANJA IDENTICO AO NATURAL;AROMA;REFRIGERANTE;22,5;DUAS RODAS;1747,35;MAR;2026;03/2026;;
PR;2701050010;PR2701050010;AROMA DE LARANJA IDENTICO AO NATURAL;AROMA;REFRIGERANTE;23;DUAS RODAS;1730,06;MAR;2026;03/2026;;
PR;2801050040;PR2801050040;AROMA DE LIMAO MATRIX;AROMA;NOCH LEMON;100;GERAL;6620;MAR;2026;03/2026;;
MS;2701130007;MS2701130007;AROMA EXTRATO GUARANA REFRIKO 28;AROMA;REFRIGERANTE;200;SAPORITI;6559,9999999999991;MAR;2026;03/2026;;
PR;2701130007;PR2701130007;AROMA EXTRATO GUARANA REFRIKO 28;AROMA;REFRIGERANTE;900;SAPORITI;29519,999999999996;MAR;2026;03/2026;;
PA;10020003;PA10020003;AROMA FRUTAS TROPICAIS;AROMA;ENERGÉTICO;40;MONARCH;5500;MAR;2026;03/2026;;
MS;2701050008;MS2701050008;AROMA FRUTAS TROPICAIS;AROMA;ENERGÉTICO;250;MONARCH;37392,5;MAR;2026;03/2026;;
MS;2701050033;MS2701050033;AROMA ID. AO NATURAL DE UVA VERDE SAPORITI;AROMA;ENERGÉTICO;100;SAPORITI;10800;MAR;2026;03/2026;;
MS;2701050026;MS2701050026;AROMA IDENTICO AO NATURAL DE PESSEGO;AROMA;NOCH DEMAIS;50;SAPORITI;2900;MAR;2026;03/2026;;
PR;2801050027;PR2801050027;AROMA IDENTICO AO NATURAL DE PESSEGO;AROMA;NOCH DEMAIS;50;SAPORITI;2900;MAR;2026;03/2026;;
PA;10020010;PA10020010;AROMA IDENTICO AO NATURAL MELANCIA;AROMA;ENERGÉTICO;20;DUAS RODAS;736;MAR;2026;03/2026;;
MS;2701050017;MS2701050017;AROMA IDENTICO AO NATURAL MELANCIA;AROMA;ENERGÉTICO;200;DUAS RODAS;7434;MAR;2026;03/2026;;
PR;2801050021;PR2801050021;AROMA IDENTICO AO NATURAL MELANCIA;AROMA;ENERGÉTICO;150;DUAS RODAS;5575,5;MAR;2026;03/2026;;
MS;2701050021;MS2701050021;AROMA IDENTICO AO NATURAL MORANGO;AROMA;ENERGÉTICO;150;DUAS RODAS;11382;MAR;2026;03/2026;;
PR;2701050011;PR2701050011;AROMA LIMAO REFRIKO 41;AROMA;REFRIGERANTE;150;SAPORITI;7200;MAR;2026;03/2026;;
PA;10020006;PA10020006;AROMA MAÇA VERDE COD;AROMA;ENERGÉTICO;17;DUAS RODAS;815,32;MAR;2026;03/2026;;
PA;10020007;PA10020007;AROMA MELAO ;AROMA;ENERGÉTICO;51;DUAS RODAS;2941,68;MAR;2026;03/2026;;
PR;2801050010;PR2801050010;AROMA NATURAL DE LIMAO VERDE;AROMA;NOCH DEMAIS;25;MATRIX;900;FEV;2026;02/2026;;
PA;10020009;PA10020009;AROMA UVA REFRIKO 84;AROMA;REFRIGERANTE;300;SAPORITI;7050;MAR;2026;03/2026;;
PR;2701050027;PR2701050027;AROMA UVA REFRIKO 84;AROMA;REFRIGERANTE;200;SAPORITI;5600;MAR;2026;03/2026;;
PR;2701100002;PR2701100002;BENZOATO DE SODIO;ACID.E CONSERV.;REF/ENER/NOCH/TON;2200;BBCA;26620;MAR;2026;03/2026;;
MS;2701090006;MS2701090006;CITRATO DE SODIO;ACID.E CONSERV.;ENERG/DELIRIO;600;PARKER;4968;MAR;2026;03/2026;;
MS;2701050022;MS2701050022;CONCENTRADO DE GUARANA IAB 7205;AROMA;REFRIGERANTE;200;INTERAMERICA;5174;MAR;2026;03/2026;;
PR;2701050022;PR2701050022;CONCENTRADO DE GUARANA IAB 7205;AROMA;REFRIGERANTE;500;INTERAMERICA;13585;MAR;2026;03/2026;;
MS;2701060009;MS2701060009;CORANTE AMARELO SUNSET;CORANTE;XAROPARIA;10;SAPORITI;456,2;MAR;2026;03/2026;;
PR;2701060007;PR2701060007;CORANTE CARAMELO CLASE IV DPC;CORANTE;REFRIGERANTE;500;SAPORITI;3750;MAR;2026;03/2026;;
MS;2701060001;MS2701060001;CORANTE PONCEAU ;CORANTE;ENERGÉTICO;10;SAPORITI;670;MAR;2026;03/2026;;
PA;10090017;PA10090017;EMULSAO LARANJA REFRIKO 98;EMULSAO;XAROPARIA;350;SAPORITI;12600;MAR;2026;03/2026;;
PR;2701050018;PR2701050018;EMULSAO LARANJA REFRIKO 98;EMULSAO;XAROPARIA;700;SAPORITI;22959,999999999996;MAR;2026;03/2026;;
PR;2701050016;PR2701050016;EMULSAO NEUTRA PARA SUCO;EMULSAO;XAROPARIA;100;SAPORITI;5600;MAR;2026;03/2026;;
PA;10090291;PA10090291;EXTRATO DE GUARANA 200% DUAS RODAS;AROMA;REFRIGERANTE;102;DUAS RODAS;4882,74;MAR;2026;03/2026;;
MS;2701130006;MS2701130006;EXTRATO DE GUARANA 200% DUAS RODAS;AROMA;ENERG./DELÍR.;50;DUAS RODAS;2496,5;MAR;2026;03/2026;;
PR;2701130006;PR2701130006;EXTRATO DE GUARANA 200% DUAS RODAS;AROMA;ENERG./DELÍR.;300;DUAS RODAS;14979;MAR;2026;03/2026;;
MS;2701150001;MS2701150001;VASILHAME GINGUALA 970ML;VASILHAME;NORMAL;126720;VIDRO PORTO;198950,39999999999;MAR;2026;03/2026;;
PR;2701020051;PR2701020051;PREFORMA PET 200 ML CRISTAL 12 g ;PREFORMA;REFRIKO 200ML;964320;ENGEPACK;190885,21536;MAR;2026;03/2026;;
PR;2701020097;PR2701020097;PREFORMA PET 200 ML VERDE 12 g ;PREFORMA;REFRIKO 200ML;1542912;ENGEPACK;305416,344576;MAR;2026;03/2026;;
PR;2801020053;PR2801020053;PREFORMA PET 200 ML VERDE 12 g;PREFORMA;REFRIKO 200ML;110208;ENGEPACK;21815,453184000002;MAR;2026;03/2026;;
PA;11070041;PA11070041;PREFORMA PET 200 ML CRISTAL 12 G;PREFORMA;PET 200 PA;374400;CRISTALPET;59529,599999999999;MAR;2026;03/2026;;
PA;11070048;PA11070048;PREFORMA PET 200 ML VERDE 12 G;PREFORMA;PET 200 PA;140400;CRISTALPET;22323,599999999999;MAR;2026;03/2026;;
SP;2801020042;SP2801020042;PREFORMA 15G CRISTAL;PREFORMA;PET 500 PA;1183680;CRISTALPET;261983,89439999999;MAR;2026;03/2026;;
MS;2701020115;MS2701020115;PREFORMA 18 A 20G VERDE 500 ML - DESCONTINUAR;PREFORMA;REFRIKO 500ML;39456;CRISTALPET;8049,0239999999994;MAR;2026;03/2026;;
PA;11070046;PA11070046;PREFORMA 18 ou 20,6G CRISTAL;PREFORMA;PET 500 PA;98640;CRISTALPET;23279,039999999997;MAR;2026;03/2026;;
PR;2701020055;PR2701020055;PREFORMA 18G CRISTAL;PREFORMA;FURIOSO 250ML;916608;ENGEPACK;235238,27711999998;MAR;2026;03/2026;;
SP;2801020041;SP2801020041;PREFORMA 18G CRISTAL 500 ML;PREFORMA;PET 500 PA;749664;CRISTALPET;192393,76895999999;MAR;2026;03/2026;;
SP;2801020032;SP2801020032;PREFORMA 31,7G CRISTAL;PREFORMA;ÁGUA 1,5L;67824;CRISTALPET;28199,18448;MAR;2026;03/2026;;
PR;2701020058;PR2701020058;PREFORMA 39,7G CRISTAL;PREFORMA;TERNURA LARANJA;135360;ENGEPACK;60235,200000000004;MAR;2026;03/2026;;
PR;2701020101;PR2701020101;PREFORMA 39,7G VERDE;PREFORMA;REFRISHOW;487296;ENGEPACK;216846,72;MAR;2026;03/2026;;
MS;2701020059;MS2701020059;PREFORMA 41 G CRISTAL;PREFORMA;REFRIKO 2L;83520;CRISTALPET;46378,656000000003;MAR;2026;03/2026;;
PR;2701020059;PR2701020059;PREFORMA 41G CRISTAL;PREFORMA;REFRIKO 2L;167040;ENVASES;87061,247999999992;MAR;2026;03/2026;;
MS;2701020102;MS2701020102;PREFORMA 41 G VERDE;PREFORMA;REFRIKO 2L;217152;CRISTALPET;87143,097599999994;MAR;2026;03/2026;;
PR;2701020102;PR2701020102;PREFORMA 41G VERDE;PREFORMA;REFRIKO 2L;267264;ENVASES;139297,99679999999;MAR;2026;03/2026;;
PA;11070032;PA11070032;PREFORMA 48GR CRISTAL OU 50,7 G;PREFORMA;PET 2,5L PA;201600;CRISTALPET;100396,8;MAR;2026;03/2026;;
MS;2701020075;MS2701020075;PREFORMA PET 46,7GR CRISTAL;PREFORMA;FURIOSO 2L;116928;CRISTALPET;69455,232000000004;MAR;2026;03/2026;;
PR;2701050023;PR2701050023;PREP ACIDO COLA ;CONCENT./KITs;KIT COLA;100;SAPORITI;2500;MAR;2026;03/2026;;
MS;2701040019;MS2701040019;SHRINK BAMBOA 350ML -360X0,06 LAGER;FILME;BAMBOA;0;CANCELADO;0;MAR;2026;03/2026;;
PR;2701130009;PR2701130009;SUCO CONCENTRADO DE MACA;SUCO;XAROPARIA;1000;INTERSUCOS;12000;MAR;2026;03/2026;;
PR;2701130001;PR2701130001;SUCO CONCENTRADO LARANJA;SUCO;XAROPARIA;200;INTERSUCOS;2400;MAR;2026;03/2026;;
MS;2701030037;MS2701030037;TAMPA AMARELA LISA;TAMPA;PET;0;CANCELADO;0;MAR;2026;03/2026;;
PR;2701030037;PR2701030037;TAMPA AMARELA LISA;TAMPA;PET;3780000;OXFORD;168021;MAR;2026;03/2026;;
PR;2701030043;PR2701030043;TAMPA LARANJA REFRIKO;TAMPA;PET;453600;OXFORD;20162,52;MAR;2026;03/2026;;
PR;2701030044;PR2701030044;TAMPA LILAS LISA;TAMPA;PET;453600;OXFORD;20162,52;MAR;2026;03/2026;;
SP;2801030014;SP2801030014;TAMPA PLASTICA AZUL OMNI                             ;TAMPA;PET;302400;OXFORD;13103,899200000002;MAR;2026;03/2026;;
SP;2801030017;SP2801030017;TAMPA PLASTICA PRETA OMNI 120 COM VEDANTE;TAMPA;PET;1512000;OXFORD;65519,496000000006;MAR;2026;03/2026;;
PR;2701030049;PR2701030049;TAMPA VERDE REFRIKO;TAMPA;PET;1512000;OXFORD;67208,400000000009;MAR;2026;03/2026;;
PR;2701030050;PR2701030050;TAMPA VERMELHA LISA;TAMPA;PET;453600;OXFORD;20162,52;MAR;2026;03/2026;;
MS;2701150003;MS2701150003;VASILHAME NOVO 330ML;VASILHAME;LONGNECK;95480;VIDRO PORTO;84022,399999999994;MAR;2026;03/2026;;
MS;2701150004;MS2701150004;VASILHAME OW 600ML (BELLA ROMA);VASILHAME;NORMAL;113400;VIDROPORTO;128141,99999999999;MAR;2026;03/2026;;
MS;2701150009;MS2701150009;VASILHAME TUBAINA CRISTAL LONGNECK 355ML;VASILHAME;NORMAL;92400;VIDRO PORTO;48972;ABR;2026;04/2026;;
PR;2801010090;PR2801010090;ROT SLEE NOCH LIMAO 270ML;ROTULO;SLEEVE;200000;ALL4LABELL;24000;MAR;2026;03/2026;;
PR;2801010091;PR2801010091;ROT SLEE NOCH MARACUJA 270ML;ROTULO;SLEEVE;200000;ALL4LABELL;24000;MAR;2026;03/2026;;
PR;2801010092;PR2801010092;ROT SLEE NOCH MELANCIA E MORAN 270ML-IND;ROTULO;SLEEVE;200000;ALL4LABELL;24000;MAR;2026;03/2026;;
MS;2701070006;MS2701070006;ACESSULFAME DE POTASSIO;EDULCORANTE;XAROPARIA;100;KALIUM;2853;ABR;2026;04/2026;;
PR;2701070006;PR2701070006;ACESSULFAME DE POTASSIO;EDULCORANTE;XAROPARIA;100;KALIUM;2853;ABR;2026;04/2026;;
PA;10010001;PA10010001;ACUCAR CRISTAL;AÇUCAR;XAROPARIA;250000;CERTANO;569480;ABR;2026;04/2026;;
PA;10020012;PA10020012;AROMA DE GUARANA 31835 ADM;AROMA;REFRIGERANTE;300;ADM;36060;ABR;2026;04/2026;;
PA;10020011;PA10020011;AROMA NATURAL MOUTHFEEL FASV259 ADM;AROMA;REFRIGERANTE;127;ADM;20005,04;ABR;2026;04/2026;;
PR;2701050001;PR2701050001;AROMA NATURAL MOUTHFEEL FASV259 ADM;AROMA;REFRIGERANTE;100;ADM;16540;ABR;2026;04/2026;;
PR;2701070005;PR2701070005;ASPARTAME;EDULCORANTE;XAROPARIA;100;KONKRETA;6126;ABR;2026;04/2026;;
MS;2701160013;MS2701160013;CAIXA TUBAÍNA 12X355ML;CAIXA;TUBAINA;20000;CARTONAGEM;39400;ABR;2026;04/2026;;
MS;2701240005;MS2701240005;CHAPA SEM IMPRESSAO CORRUGADO 1000X1200;SEPARADOR DE CAMADAS;CHAPA;5000;EMBRART;15650;ABR;2026;04/2026;;
MS;2701070004;MS2701070004;CICLAMATO DE SÓDIO ;EDULCORANTE;XAROPARIA;50;KALIUM;709;ABR;2026;04/2026;;
PR;2701070004;PR2701070004;CICLAMATO DE SÓDIO ;EDULCORANTE;XAROPARIA;200;KONKRETA;2836;ABR;2026;04/2026;;
MS;2701210003;MS2701210003;CLEAR MAX PVPP;CERVEJARIA;OUTROS;120;PROZYN ;16602;ABR;2026;04/2026;;
PA;10090274;PA10090274;CONCENTRADO BEBIDAS ENERGETICA;AROMA;KIT ENERGÉTICO;200;WILD;32944,9512534819;MAR;2026;03/2026;;
MS;2701050040;MS2701050040;CONCENTRADO BEBIDAS ENERGETICA;AROMA;KIT ENERGÉTICO;87,04735376;ADM;180787,43036211701;ABR;2026;04/2026;;
PR;2801050003;PR2801050003;CONCENTRADO BEBIDAS ENERGETICA;AROMA;KIT ENERGÉTICO;174,0947075;ADM;355983,00835654599;ABR;2026;04/2026;;
PA;10090295;PA10090295;CONCENTRADO COLA IAB 7729 (NOVO);CONCENT./KITs;KIT COLA;2600;INTERAMERICA;58214;ABR;2026;04/2026;;
MS;2701160011;MS2701160011;CX ONE WAY BAMBOA 12X330ML;CAIXA;CERVEJA;16720;BLUMEN;30764,800000000003;ABR;2026;04/2026;;
MS;2701040009;MS2701040009;FILME STRETCH POLIETILENO 500X0023;FILME;STRETCH;2000;EPA;45700;ABR;2026;04/2026;;
PR;2701040009;PR2701040009;FILME STRETCH POLIETILENO 500X0023;FILME;STRETCH;1000;EPA;20000;ABR;2026;04/2026;;
PA;11040793;PA11040793;FILME TERMO - 480X0,06;FILME;REFRI;3000;EPA;31050;ABR;2026;04/2026;;
MS;2701040002;MS2701040002;FILME TERMO ENCOLHIVEL 420 X 0,06;FILME;REFR/ENERG.;3000;EPA;70500;ABR;2026;04/2026;;
PR;2701040004;PR2701040004;FILME TERMO ENCOLHIVEL 600 MM X 0,04 ;FILME;REFRI;2000;GERAL;28200;ABR;2026;04/2026;;
PR;2801040019;PR2801040019;FILME TERMO ENCOLHIVEL 600 MM X 0,04;FILME;REFRI;1000;EPA;14100;ABR;2026;04/2026;;
PR;2701040006;PR2701040006;FILME TERMO ENCOLHIVEL 860/5 MM;FILME;JUJ/TERN;3000;GERAL;70725;ABR;2026;04/2026;;
MS;2701200002;MS2701200002;LUPULO LSKE;CERVEJARIA;LUPULO;29;LNF LATINO;29506,63;ABR;2026;04/2026;;
PA;10090290;PA10090290;PREMIX ENERG EMULVIT 8942 ADM;CONCENT./KITs;C.ENERGETICO;300;QUANTIQ;8040;ABR;2026;04/2026;;
SP;2801010063;SP2801010063;ROTULO BOPP AGUA C/ GAS HIDRATAR 500ML                   ;ROTULO;BOPP;1500000;GERAL;15840;ABR;2026;04/2026;;
PA;11080232;PA11080232;ROTULO FURIOSO 250ML;ROTULO;SLEEVE-PA;200000;CCL;13162,000000000002;ABR;2026;04/2026;;
PR;2801010099;PR2801010099;ROTULO FURIOSO 250ML;ROTULO;SLEEVE;1300000;CCL;65490,1;ABR;2026;04/2026;;
PR;2801010097;PR2801010097;ROTULO FURIOSO MELANCIA E MORANGO 250ML;ROTULO;SLEEVE;200000;CCL;10075,4;ABR;2026;04/2026;;
PR;2801010095;PR2801010095;ROTULO FURIOSO MELAO 250ML;ROTULO;SLEEVE;200000;CCL;10075,4;ABR;2026;04/2026;;
PR;2801010101;PR2801010101;ROTULO FURIOSO TROPICAL 250ML;ROTULO;SLEEVE;200000;CCL;10075,4;ABR;2026;04/2026;;
MS;2701010191;MS2701010191;ROTULO FURIOSO 2L;ROTULO;SLEEVE;150000;CCL;30930;ABR;2026;04/2026;;
PR;2801010100;PR2801010100;ROTULO FURIOSO 2L;ROTULO;SLEEVE;200000;CCL;41240;ABR;2026;04/2026;;
PR;2701010149;PR2701010149;ROTULO REFRIKO TUBAÍNA 200 ML ;ROTULO;BOPP;400000;TRIA;3200;ABR;2026;04/2026;;
PR;2701010137;PR2701010137;ROTULO GUARANA REDUZIDO 200 ML ;ROTULO;BOPP;0;GERAL;0;ABR;2026;04/2026;;
PR;2701010131;PR2701010131;ROTULO REFRIKO COLA REDUZIDO 200 ML ;ROTULO;BOPP;500000;TRIA;4000;ABR;2026;04/2026;;
PR;2701010154;PR2701010154;ROTULO REFRIKO UVA DQI1% 200 ML ;ROTULO;BOPP;600000;TRIA;4800;ABR;2026;04/2026;;
PR;2701010142;PR2701010142;ROTULO GUARANA 2 LT ZERO;ROTULO;BOPP;200000;TRIA;7099,9999999999991;ABR;2026;04/2026;;
PA;11080241;PA11080241;RÓTULO MICOS COLA 2,5L;ROTULO;BOPP-PA;300000;ELLOFLEX;10185;ABR;2026;04/2026;;
PA;11080245;PA11080245;RÓTULO MICOS GUARANA 2,5L;ROTULO;BOPP-PA;300000;ELLOFLEX;10185;ABR;2026;04/2026;;
PA;11080253;PA11080253;RÓTULO MICOS UVA 2,5L;ROTULO;BOPP-PA;300000;ELLOFLEX;10185;ABR;2026;04/2026;;
MS;2701010161;MS2701010161;ROTULO TERNURA TUBAINA 2L;ROTULO;BOPP;100000;ELLOFLEX;3549,9999999999995;ABR;2026;04/2026;;
PR;2701010161;PR2701010161;ROTULO TERNURA TUBAINA 2L;ROTULO;BOPP;100000;GERAL;3549,9999999999995;ABR;2026;04/2026;;
PR;2701070002;PR2701070002;SACARINA SÓDICA;EDULCORANTE;XAROPARIA;100;KALIUM;2965;ABR;2026;04/2026;;
PA;10090293;PA10090293;SUCO CONCENTRADO DE MACA;SUCO;XAROPARIA;1000;INTERSUCOS;11500;ABR;2026;04/2026;;
PA;10090090;PA10090090;SUCO CONCENTRADO LARANJA;SUCO;XAROPARIA;300;INTERSUCOS;3150;ABR;2026;04/2026;;
PA;10090094;PA10090094;SUCO CONCENTRADO UVA;SUCO;XAROPARIA;200;INTERSUCOS;2100;ABR;2026;04/2026;;
MS;2701070001;MS2701070001;SUCRALOSE;EDULCORANTE;XAROPARIA;100;WENDA;8430;ABR;2026;04/2026;;
PR;2701070001;PR2701070001;SUCRALOSE;EDULCORANTE;XAROPARIA;200;WENDA;17600;ABR;2026;04/2026;;
PA;11090086;PA11090086;TAMPA AMARELA LISA;TAMPA;PET;168000;RAVIBRAS;7840,56;ABR;2026;04/2026;;
PA;11090001;PA11090001;TAMPA LARANJA REFRIKO;TAMPA;PET;302400;RAVIBRAS;14113,008000000002;ABR;2026;04/2026;;
PA;11090034;PA11090034;TAMPA LILAS LISA;TAMPA;PET;336000;RAVIBRAS;15681,12;ABR;2026;04/2026;;
PA;11090031;PA11090031;TAMPA VERMELHA LISA;TAMPA;PET;1680000;RAVIBRAS;78405,600000000006;ABR;2026;04/2026;;
MS;2701100002;MS2701100002;BENZOATO DE SODIO;ACID.E CONSERV.;REF/ENER/NOCH/TON;500;BBCA;6050;MAI;2026;05/2026;;
MS;2701100002;MS2701100002;BENZOATO DE SODIO;ACID.E CONSERV.;REF/ENER/NOCH/TON;500;BBCA;6050;JUN;2026;06/2026;;
PR;2701100002;PR2701100002;BENZOATO DE SODIO;ACID.E CONSERV.;REF/ENER/NOCH/TON;1500;BBCA;18150;MAI;2026;05/2026;;
PR;2701100002;PR2701100002;BENZOATO DE SODIO;ACID.E CONSERV.;REF/ENER/NOCH/TON;0;CANCELADO;0;JUN;2026;06/2026;;
MS;2701070001;MS2701070001;SUCRALOSE;EDULCORANTE;XAROPARIA;100;WENDA;8430;MAI;2026;05/2026;;
MS;2701070001;MS2701070001;SUCRALOSE;EDULCORANTE;XAROPARIA;50;WENDA;4215;JUN;2026;06/2026;;
PR;2701070001;PR2701070001;SUCRALOSE;EDULCORANTE;XAROPARIA;150;WENDA;13200;MAI;2026;05/2026;;
PR;2701070001;PR2701070001;SUCRALOSE;EDULCORANTE;XAROPARIA;170;WENDA;14960;JUN;2026;06/2026;;
PA;10100012;PA10100012;BENZOATO DE SODIO;ACID.E CONSERV.;REF/ENER/NOCH/TON;500;BBCA;5176;ABR;2026;04/2026;;
PA;10100012;PA10100012;BENZOATO DE SODIO;ACID.E CONSERV.;REF/ENER/NOCH/TON;600;BBCA;6211,2;MAI;2026;05/2026;;
PA;10100012;PA10100012;BENZOATO DE SODIO;ACID.E CONSERV.;REF/ENER/NOCH/TON;700;BBCA;7246,4000000000005;JUN;2026;06/2026;;
PA;10090071;PA10090071;SUCRALOSE;EDULCORANTE;XAROPARIA;500;WENDA;57030;ABR;2026;04/2026;;
MS;2701100002;MS2701100002;BENZOATO DE SODIO;ACID.E CONSERV.;REF/ENER/NOCH/TON;500;BBCA;6050;ABR;2026;04/2026;;
PA;10090274;PA10090274;CONCENTRADO BEBIDAS ENERGETICA;AROMA;KIT ENERGÉTICO;600;WILD;98834,853760445709;ABR;2026;04/2026;;
PA;10090290;PA10090290;PREMIX ENERG EMULVIT 8942 ADM;CONCENT./KITs;C.ENERGETICO;200;QUANTIQ;5360;MAR;2026;03/2026;;
PR;2801170001;PR2801170001;AGUARDENTE DE CANA CACHACA LT;CACHAÇA;TANQUE;59520;COOP ;134515,19999999998;MAR;2026;03/2026;;
MS;2701150006;MS2701150006;VASILHAME AMBAR 300ML - LITRINHO;VASILHAME;NORMAL;101640;VIDRO PORTO;75213,600000000006;MAR;2026;03/2026;;
MS;2701090006;MS2701090006;CITRATO DE SODIO;ACID.E CONSERV.;ENERG/DELIRIO;300;KALIUM;2484;FEV;2026;02/2026;;
PR2;2701040009;PR22701040009;FILME STRETCH POLIETILENO 500X0023;FILME;STRETCH;4000;GERAL;80000;ABR;2026;04/2026;;
PR2;2701040034;PR22701040034;FILME TERMO ENCOLHIVEL 300 MM X 0,04 ;FILME;REFRI;5000;GERAL;117875;ABR;2026;04/2026;;
PR2;2701040034;PR22701040034;FILME TERMO ENCOLHIVEL 300 MM X 0,04 ;FILME;REFRI;5000;GERAL;117875;ABR;2026;04/2026;;
PR2;2701040007;PR22701040007;FILME TERMO ENCOLHIVEL 860/0,06 MM;FILME;REFR/ENERG.;3000;GERAL;63000;ABR;2026;04/2026;;
PR2;2701040006;PR22701040006;FILME TERMO ENCOLHIVEL 860/5 MM;FILME;JUJ/TERN;2000;GERAL;28200;ABR;2026;04/2026;;
PR2;2701040021;PR22701040021;FILME TERMOENCOLHIVEL CER BAMBOA SLIM 350ML 660X0,06MM;FILME;BAMBOA;2000;PACKSEVEN;33350;JUN;2026;06/2026;;
PR2;2701040031;PR22701040031;SHRINK MOEMA 350ML - 790X0,06;FILME;MOEMA;15000;GERAL;250125;JUN;2026;06/2026;;
PR2;2701040033;PR22701040033;SHRINK MOEMA 473ML - 790X0,06;FILME;MOEMA;2000;PACKSEVEN;29000;JUN;2026;06/2026;;
PR2;2701010141;PR22701010141;ROTULO GUARANA 200 ML ZERO ;ROTULO;BOPP;1350000;GERAL;10800;MAI;2026;05/2026;;
PR2;2801010074;PR22801010074;ROTULO GUARANA 200 ML ZERO;ROTULO;BOPP;150000;GERAL;1200;MAI;2026;05/2026;;
PR2;2701010146;PR22701010146;ROTULO REFRIKO LIMÃO DQI1% 200 ML ;ROTULO;BOPP;1350000;GERAL;10800;MAI;2026;05/2026;;
PR2;2801010077;PR22801010077;ROTULO REFRIKO LIMÃO DQI1% 200 ML;ROTULO;BOPP;150000;GERAL;1200;MAI;2026;05/2026;;
PR2;2701010149;PR22701010149;ROTULO REFRIKO TUBAÍNA 200 ML ;ROTULO;BOPP;1750000;GERAL;14000;MAI;2026;05/2026;;
PR2;2801010078;PR22801010078;ROTULO REFRIKO TUBAÍNA 200 ML ;ROTULO;BOPP;250000;GERAL;2000;MAI;2026;05/2026;;
PR2;2701010137;PR22701010137;ROTULO GUARANA REDUZIDO 200 ML ;ROTULO;BOPP;2000000;GERAL;16000;MAI;2026;05/2026;;
PR2;2801010072;PR22801010072;ROTULO GUARANA REDUZIDO 200 ML ;ROTULO;BOPP;250000;GERAL;2000;MAI;2026;05/2026;;
PR2;2701010131;PR22701010131;ROTULO REFRIKO COLA REDUZIDO 200 ML ;ROTULO;BOPP;1300000;GERAL;10400;MAI;2026;05/2026;;
PR2;2801010070;PR22801010070;ROTULO REFRIKO COLA REDUZIDO 200 ML ;ROTULO;BOPP;200000;GERAL;1600;MAI;2026;05/2026;;
PR2;2701010143;PR22701010143;ROTULO REFRIKO LARANJA DQI1% 200 ML ;ROTULO;BOPP;1750000;GERAL;14000;MAI;2026;05/2026;;
PR2;2801010075;PR22801010075;ROTULO REFRIKO LARANJA DQI1% 200 ML;ROTULO;BOPP;250000;GERAL;2000;MAI;2026;05/2026;;
PR2;2701010154;PR22701010154;ROTULO REFRIKO UVA DQI1% 200 ML ;ROTULO;BOPP;1300000;GERAL;10400;MAI;2026;05/2026;;
PR2;2801010080;PR22801010080;ROTULO REFRIKO UVA DQI1% 200 ML;ROTULO;BOPP;200000;GERAL;1600;MAI;2026;05/2026;;
PR2;2701010135;PR22701010135;ROTULO FRAMBOESA REDUZIDO 2L;ROTULO;BOPP;300000;GERAL;10649,999999999998;MAI;2026;05/2026;;
PR2;2701010142;PR22701010142;ROTULO GUARANA 2 LT ZERO;ROTULO;BOPP;200000;TRIA;7099,9999999999991;AGO;2026;08/2026;;
PR2;2701010138;PR22701010138;ROTULO GUARANA 2L;ROTULO;BOPP;300000;GERAL;10649,999999999998;MAI;2026;05/2026;;
PR2;2701010132;PR22701010132;ROTULO REFRIKO COLA 2L;ROTULO;BOPP;300000;GERAL;16344;MAI;2026;05/2026;;
PR2;2701010150;PR22701010150;ROTULO TUBAINA 2L;ROTULO;BOPP;300000;GERAL;16344;MAI;2026;05/2026;;
PR2;2701010156;PR22701010156;ROTULO BOPP REFRISHOW GUARANA 2 L;ROTULO;BOPP;400000;GERAL;14199,999999999998;MAI;2026;05/2026;;
PR2;2701090003;PR22701090003;ACIDO LACTICO - IBC;CERVEJARIA;OUTROS;1300;KALIUM;13533;ABR;2026;04/2026;;
PR2;2701210005;PR22701210005;ALGINATO DE PROPILENO GLICOL;CERVEJARIA;OUTROS;300;GERAL;85137;ABR;2026;04/2026;;
PR2;2701090005;PR22701090005;ANTIOXIDANTE;CERVEJARIA;OUTROS;250;AEB;7485;ABR;2026;04/2026;;
PR2;3002020007;PR23002020007;CARVÃO ATIVADO;TERRA;XAROPARIA;300;GERAL;3750;ABR;2026;04/2026;;
PR2;2701210003;PR22701210003;CLEAR MAX PVPP;CERVEJARIA;OUTROS;220;GERAL;30437;ABR;2026;04/2026;;
PR2;2701250001;PR22701250001;CLORETO DE CALCIO - IBC;CERVEJARIA;OUTROS;1000;BELA VISTA ;4070,0000000000005;JUN;2026;06/2026;;
PR2;2701060006;PR22701060006;CORANTE CARAMELO CERVEJA;CERVEJARIA;OUTROS;600;GERAL;3828;ABR;2026;04/2026;;
PR2;2701210004;PR22701210004;ENZIMA ULTRA FLOW;CERVEJARIA;OUTROS;120;GERAL;9163,2000000000007;ABR;2026;04/2026;;
PR2;2701200002;PR22701200002;LUPULO LSKE;CERVEJARIA;LUPULO;50;GERAL;50873,5;ABR;2026;04/2026;;
PR2;2701210002;PR22701210002;SILICA HP 9000;CERVEJARIA;OUTROS;2000;GERAL;72020;ABR;2026;04/2026;;
MS;2701070006;MS2701070006;ACESSULFAME DE POTASSIO;EDULCORANTE;XAROPARIA;100;KONKRETA;2853;JUL;2026;07/2026;;
PR2;3002020010;PR23002020010;TERRA CELITE DIATOMITA 2500/535;TERRA;CERVEJARIA;9150;VENETO;80520;ABR;2026;04/2026;;
PR2;3002020009;PR23002020009;TERRA CELITE DIATOMITA SPEEDFLOW/STANDARD (VERMELHO);TERRA;CERVEJARIA;3000;VENETO;26400,000000000004;ABR;2026;04/2026;;
PR2;3002020008;PR23002020008;TERRA DIATOMITA 215/FILTER CEL;TERRA;XAROPARIA;600;VENETO;5280;ABR;2026;04/2026;;
PR2;3002020011;PR23002020011;TERRA DIATOMITA 341/HYFLOW (AZUL);TERRA;XAROPARIA;1000;VENETO ;8800;ABR;2026;04/2026;;
PR2;2701070006;PR22701070006;ACESSULFAME DE POTASSIO;EDULCORANTE;XAROPARIA;100;GERAL;2853;MAI;2026;05/2026;;
PR2;2701090002;PR22701090002;ACIDO CITRICO;ACID.E CONSERV.;REF/ENER/ROM/DEL;5000;GERAL;44750;MAI;2026;05/2026;;
PR2;2701050037;PR22701050037;AROMA IDENTICO AO NATURAL FRAMBOESA 77587 SAPORITI;AROMA;REFRIGERANTE;100;SAPORITI;6200;MAI;2026;05/2026;;
PR2;2701050035;PR22701050035;AROMA ARTIFICIAL GUARANA IFB (PED. KOMPLETO);AROMA;REFRIGERANTE;500;KOMPLETO;11375;MAI;2026;05/2026;;
PR2;2701050010;PR22701050010;AROMA DE LARANJA IDENTICO AO NATURAL;AROMA;REFRIGERANTE;0;DUAS RODAS;0;MAI;2026;05/2026;;
PR2;2701130007;PR22701130007;AROMA EXTRATO GUARANA REFRIKO 28;AROMA;REFRIGERANTE;1400;SAPORITI;45919,999999999993;MAI;2026;05/2026;;
PR2;2701050011;PR22701050011;AROMA LIMAO REFRIKO 41;AROMA;REFRIGERANTE;150;SAPORITI;7200;MAI;2026;05/2026;;
PR;2701070006;PR2701070006;ACESSULFAME DE POTASSIO;EDULCORANTE;XAROPARIA;150;GERAL;4279,5;JUL;2026;07/2026;;
PR2;2701050027;PR22701050027;AROMA UVA REFRIKO 84;AROMA;REFRIGERANTE;200;SAPORITI;5600;MAI;2026;05/2026;;
PR2;2701070005;PR22701070005;ASPARTAME;EDULCORANTE;XAROPARIA;180;KONKRETA;11026,8;MAI;2026;05/2026;;
PR2;2701100002;PR22701100002;BENZOATO DE SODIO;ACID.E CONSERV.;REF/ENER/NOCH/TON;0;CANCELADO;0;MAI;2026;05/2026;;
PR2;2701240004;PR22701240004;CHAPA SEM IMPRESSAO 1000X1200 (NOVA);SEPARADOR DE CAMADAS;CHAPA;38000;CPEL;45220;MAI;2026;05/2026;;
PR2;2701070004;PR22701070004;CICLAMATO DE SÓDIO ;EDULCORANTE;XAROPARIA;180;KONKRETA;2552,4;MAI;2026;05/2026;;
PR2;2701050022;PR22701050022;CONCENTRADO DE GUARANA IAB 7205;AROMA;REFRIGERANTE;1720;INTERAMERICA;46732,4;MAI;2026;05/2026;;
PR2;2701060010;PR22701060010;CORANTE AMARANTO;CORANTE;DELIRIO;15;SAPORITI;1282,5;MAI;2026;05/2026;;
PR2;2701060009;PR22701060009;CORANTE AMARELO SUNSET;CORANTE;XAROPARIA;5;SAPORITI;228,1;MAI;2026;05/2026;;
PR2;2701060008;PR22701060008;CORANTE AZUL BRILHANTE;CORANTE;ENERGÉTICO;5;SAPORITI;580;MAI;2026;05/2026;;
PR2;2701060007;PR22701060007;CORANTE CARAMELO CLASE IV DPC;CORANTE;REFRIGERANTE;1200;SAPORITI;9000;MAI;2026;05/2026;;
PR2;2701050020;PR22701050020;EMULSÃO COLA E-0388 ADM (NOVO);EMULSAO;XAROPARIA;88;ADM;33836,879999999997;MAI;2026;05/2026;;
PR2;2701050018;PR22701050018;EMULSAO LARANJA REFRIKO 98;EMULSAO;XAROPARIA;350;SAPORITI;11479,999999999998;MAI;2026;05/2026;;
PR2;2701130006;PR22701130006;EXTRATO DE GUARANA 200% DUAS RODAS;AROMA;ENERG./DELÍR.;150;DUAS RODAS;7489,5;MAI;2026;05/2026;;
PR2;2701070003;PR22701070003;NEOTAME;EDULCORANTE;XAROPARIA;20;SAPORITI;3886;MAI;2026;05/2026;;
PR2;2701050023;PR22701050023;PREP ACIDO COLA ;CONCENT./KITs;KIT COLA;400;SAPORITI;10000;MAI;2026;05/2026;;
PR2;2701070002;PR22701070002;SACARINA SÓDICA;EDULCORANTE;XAROPARIA;100;GERAL;2965;MAI;2026;05/2026;;
PR2;2701100001;PR22701100001;SORBATO DE POTASSIO 25KG;ACID.E CONSERV.;REF/ENER/ROM/DEL;100;GERAL;1572;MAI;2026;05/2026;;
PR2;2701130009;PR22701130009;SUCO CONCENTRADO DE MACA;SUCO;XAROPARIA;800;GERAL;9600;MAI;2026;05/2026;;
PR2;2701130001;PR22701130001;SUCO CONCENTRADO LARANJA;SUCO;XAROPARIA;150;GERAL;1800;MAI;2026;05/2026;;
PR2;2701130002;PR22701130002;SUCO CONCENTRADO LIMÃO;SUCO;XAROPARIA;60;INTERSUCOS;990;MAI;2026;05/2026;;
PR2;2701130003;PR22701130003;SUCO CONCENTRADO UVA;SUCO;XAROPARIA;650;INTERSUCOS;8450;MAI;2026;05/2026;;
PR2;2701070001;PR22701070001;SUCRALOSE;EDULCORANTE;XAROPARIA;100;WENDA;8800;MAI;2026;05/2026;;
PR2;2701030037;PR22701030037;TAMPA AMARELA LISA;TAMPA;PET;2419200;GERAL;107533,44;MAI;2026;05/2026;;
PR2;2701030043;PR22701030043;TAMPA LARANJA REFRIKO;TAMPA;PET;1512000;GERAL;67208,400000000009;MAI;2026;05/2026;;
PR2;2701030044;PR22701030044;TAMPA LILAS LISA;TAMPA;PET;756000;GERAL;33604,200000000004;MAI;2026;05/2026;;
PR2;2701030048;PR22701030048;TAMPA ROSA MAGENTA REFRIKO;TAMPA;PET;151200;GERAL;6720,84;MAI;2026;05/2026;;
PR2;2701030049;PR22701030049;TAMPA VERDE REFRIKO;TAMPA;PET;3780000;OXFORD;168021;MAI;2026;05/2026;;
PR2;2701030050;PR22701030050;TAMPA VERMELHA LISA;TAMPA;PET;756000;GERAL;33604,200000000004;MAI;2026;05/2026;;
PR2;2701200003;PR22701200003;LUPULO NUGGET;CERVEJARIA;LUPULO IMP;5000;GERAL;188150;JUN;2026;06/2026;;
MS;2701040059;MS2701040059;FILME TERMOENCOLHIVEL CER DEL P 269ML 350X0,05MM;FILME;PUERTO;2000;GERAL;30000;JUN;2026;06/2026;;
PR;2701040007;PR2701040007;FILME TERMO ENCOLHIVEL 860/0,06 MM;FILME;REFR/ENERG.;2000;PATENA;47150;MAR;2026;03/2026;;
PR2;2701020051;PR22701020051;PREFORMA PET 200 ML CRISTAL 12 g ;PREFORMA;REFRIKO 200ML;3306240;ENGEPACK;654463,59552000009;MAI;2026;05/2026;;
PR2;2801020035;PR22801020035;PREFORMA PET 200 ML CRISTAL 12 g;PREFORMA;REFRIKO 200ML;303072;ENGEPACK;59992,496256000006;MAI;2026;05/2026;;
PR2;2701020097;PR22701020097;PREFORMA PET 200 ML VERDE 12 g ;PREFORMA;REFRIKO 200ML;5234880;ENGEPACK;1036234,02624;MAI;2026;05/2026;;
PR2;2801020053;PR22801020053;PREFORMA PET 200 ML VERDE 12 g;PREFORMA;PET 200 PA;633696;ENGEPACK;125438,85580800001;MAI;2026;05/2026;;
PR2;2701020101;PR22701020101;PREFORMA 39,7G VERDE;PREFORMA;REFRISHOW;303360;CRISTALPET;134995,20000000001;MAI;2026;05/2026;;
PR2;2701020059;PR22701020059;PREFORMA 41 G CRISTAL;PREFORMA;REFRIKO 2L;167040;CRISTALPET;87061,247999999992;MAI;2026;05/2026;;
PR2;2701020102;PR22701020102;PREFORMA 41 G VERDE;PREFORMA;REFRIKO 2L;400896;CRISTALPET;208946,9952;MAI;2026;05/2026;;
PR2;2701020075;PR22701020075;PREFORMA PET 46,65GR CRISTAL;PREFORMA;REFRIKO 2L;170880;ENGEPACK;117477,94944;MAI;2026;05/2026;;
MS;2701030037;MS2701030037;TAMPA AMARELA LISA;TAMPA;PET;1209600;VALGROUP;59270,400000000001;ABR;2026;04/2026;;
MS;2701030043;MS2701030043;TAMPA LARANJA REFRIKO;TAMPA;PET;151200;VALGROUP;7408,8;ABR;2026;04/2026;;
MS;2701030049;MS2701030049;TAMPA VERDE REFRIKO;TAMPA;PET;151200;VALGROUP;7408,8;ABR;2026;04/2026;;
MS;2701030050;MS2701030050;TAMPA VERMELHA LISA;TAMPA;PET;302400;VALGROUP;14817,6;ABR;2026;04/2026;;
PR2;2701030027;PR22701030027;TAMPA - LATA METALICA 350/269/473ML - ISE;TAMPA;LATA;9547200;GERAL;2291328;MAI;2026;05/2026;;
PR;2701090002;PR2701090002;ACIDO CITRICO;ACID.E CONSERV.;REF/ENER/ROM/DEL;17000;PRIMIENT;152150;ABR;2026;04/2026;;
MS;2701090003;MS2701090003;ACIDO LACTICO - IBC;CERVEJARIA;OUTROS;700;KALIUM;7287;ABR;2026;04/2026;;
MS;2701090004;MS2701090004;ACIDO TARTARICO ;ACID.E CONSERV.;NOCH/TON/BEL;150;MCASSAB;5325;ABR;2026;04/2026;;
PR;2701050010;PR2701050010;AROMA DE LARANJA IDENTICO AO NATURAL;AROMA;REFRIGERANTE;22,5;DUAS RODAS;1692,45;ABR;2026;04/2026;;
PR;2701130007;PR2701130007;AROMA EXTRATO GUARANA REFRIKO 28;AROMA;REFRIGERANTE;900;SAPORITI;29519,999999999996;ABR;2026;04/2026;;
PR;2801050006;PR2801050006;AROMA FRUTAS TROPICAIS;AROMA;ENERGÉTICO;200;MONARCH;29914;ABR;2026;04/2026;;
PA;10020010;PA10020010;AROMA IDENTICO AO NATURAL MELANCIA;AROMA;ENERGÉTICO;20;DUAS RODAS;736;ABR;2026;04/2026;;
MS;2701050017;MS2701050017;AROMA IDENTICO AO NATURAL MELANCIA;AROMA;ENERGÉTICO;100;DUAS RODAS;3717;ABR;2026;04/2026;;
PR;2801050021;PR2801050021;AROMA IDENTICO AO NATURAL MELANCIA;AROMA;ENERGÉTICO;350;DUAS RODAS;13009,5;ABR;2026;04/2026;;
PA;10020004;PA10020004;AROMA IDENTICO AO NATURAL MORANGO;AROMA;ENERGÉTICO;50;DUAS RODAS;3638,5;ABR;2026;04/2026;;
PR;2801050025;PR2801050025;AROMA IDENTICO AO NATURAL MORANGO;AROMA;ENERGÉTICO;100;DUAS RODAS;7588;ABR;2026;04/2026;;
PR;2701050011;PR2701050011;AROMA LIMAO REFRIKO 41;AROMA;REFRIGERANTE;200;SAPORITI;9600;ABR;2026;04/2026;;
PA;10020006;PA10020006;AROMA MAÇA VERDE COD;AROMA;ENERGÉTICO;17;DUAS RODAS;815,32;ABR;2026;04/2026;;
MS;2701050013;MS2701050013;AROMA MAÇA VERDE COD;AROMA;ENERGÉTICO;50;DUAS RODAS;2322,5;ABR;2026;04/2026;;
PR;2801050015;PR2801050015;AROMA MAÇA VERDE COD;AROMA;ENERGÉTICO;100;DUAS RODAS;4645;ABR;2026;04/2026;;
PR;2801050023;PR2801050023;AROMA MELAO;AROMA;ENERGÉTICO;250;DUAS RODAS;14742,5;ABR;2026;04/2026;;
PA;10020009;PA10020009;AROMA UVA REFRIKO 84;AROMA;REFRIGERANTE;800;SAPORITI;18800;ABR;2026;04/2026;;
PR;2701050027;PR2701050027;AROMA UVA REFRIKO 84;AROMA;REFRIGERANTE;300;SAPORITI;8400;ABR;2026;04/2026;;
PA;10090100;PA10090100;ASPARTAME;EDULCORANTE;XAROPARIA;150;KONKRETA;10558,5;ABR;2026;04/2026;;
PR;3002020007;PR3002020007;CARVÃO ATIVADO;TERRA;XAROPARIA;500;GERAL;6250;ABR;2026;04/2026;;
PA;10100024;PA10100024;CICLAMATO DE SÓDIO ;EDULCORANTE;XAROPARIA;400;KONKRETA;7948;ABR;2026;04/2026;;
PR;2801090005;PR2801090005;CITRATO DE SODIO;ACID.E CONSERV.;ENERG/DELIRIO;900;PRIMIENT;7451,9999999999991;ABR;2026;04/2026;;
MS;2701250001;MS2701250001;CLORETO DE CALCIO - IBC;CERVEJARIA;OUTROS;500;BELA VISTA ;2035,0000000000002;ABR;2026;04/2026;;
MS;2701050022;MS2701050022;CONCENTRADO DE GUARANA IAB 7205;AROMA;REFRIGERANTE;500;INTERAMERICA;12935;ABR;2026;04/2026;;
PR;2701050022;PR2701050022;CONCENTRADO DE GUARANA IAB 7205;AROMA;REFRIGERANTE;2000;INTERAMERICA;54340;ABR;2026;04/2026;;
PA;10090292;PA10090292;CORANTE AMARANTO;CORANTE;REFRIGERANTE;50;SAPORITI;3399,4999999999995;ABR;2026;04/2026;;
PR;2701060010;PR2701060010;CORANTE AMARANTO;CORANTE;REFRIGERANTE;30;SAPORITI;2565;ABR;2026;04/2026;;
PA;10090056;PA10090056;CORANTE AMARELO SUNSET;CORANTE;XAROPARIA;15;SAPORITI;627,6;ABR;2026;04/2026;;
PA;10090037;PA10090037;CORANTE AZUL BRILHANTE;CORANTE;ENERGÉTICO;5;SAPORITI;496,85;ABR;2026;04/2026;;
MS;2701060007;MS2701060007;CORANTE CARAMELO CLASE IV DPC;CORANTE;REFRIGERANTE;800;SAPORITI;6000;ABR;2026;04/2026;;
PR;2701060007;PR2701060007;CORANTE CARAMELO CLASE IV DPC;CORANTE;REFRIGERANTE;500;SAPORITI;3750;ABR;2026;04/2026;;
PA;10090294;PA10090294;CORANTE CARAMELO CLASE IV DPC;CORANTE;REFRIGERANTE;500;SAPORITI;2400;ABR;2026;04/2026;;
MS;2701050018;MS2701050018;EMULSAO LARANJA REFRIKO 98;EMULSAO;XAROPARIA;200;GERAL;6559,9999999999991;ABR;2026;04/2026;;
PA;10090017;PA10090017;EMULSAO LARANJA REFRIKO 98;EMULSAO;XAROPARIA;800;SAPORITI;28800;ABR;2026;04/2026;;
PR;2701050018;PR2701050018;EMULSAO LARANJA REFRIKO 98;EMULSAO;XAROPARIA;500;SAPORITI;16400;ABR;2026;04/2026;;
MS;2701210004;MS2701210004;ENZIMA ULTRA FLOW;CERVEJARIA;OUTROS;100;PROZYN ;7636;ABR;2026;04/2026;;
PA;10090291;PA10090291;EXTRATO DE GUARANA 200% DUAS RODAS;AROMA;REFRIGERANTE;150;DUAS RODAS;7180,5;ABR;2026;04/2026;;
MS;2701130006;MS2701130006;EXTRATO DE GUARANA 200% DUAS RODAS;AROMA;ENERG./DELÍR.;100;DUAS RODAS;4993;ABR;2026;04/2026;;
PR;2701130006;PR2701130006;EXTRATO DE GUARANA 200% DUAS RODAS;AROMA;ENERG./DELÍR.;200;DUAS RODAS;9986;ABR;2026;04/2026;;
MS;2701150006;MS2701150006;VASILHAME AMBAR 300ML - LITRINHO;VASILHAME;NORMAL;101640;VIDRO PORTO;75213,600000000006;ABR;2026;04/2026;;
MS;2701150001;MS2701150001;VASILHAME GINGUALA 970ML;VASILHAME;NORMAL;84480;VIDRO PORTO;132633,60000000001;ABR;2026;04/2026;;
PR;2801130002;PR2801130002;POLPA DE AÇAI DESIDRATA SOL.;AROMA;ENERGÉTICO;100;SANRISIL;5140;ABR;2026;04/2026;;
MS;2701050023;MS2701050023;PREP ACIDO COLA ;CONCENT./KITs;KIT COLA;250;SAPORITI;6250;ABR;2026;04/2026;;
PR;2701050023;PR2701050023;PREP ACIDO COLA ;CONCENT./KITs;KIT COLA;200;SAPORITI;5000;ABR;2026;04/2026;;
MS;2701010115;MS2701010115;ROTULO ADESIVO BELLA ROMA;ROTULO;ADESIVO;200000;GRAFIMAX;28080;ABR;2026;04/2026;;
MS;2701010116;MS2701010116;ROTULO ADESIVO TUBAINA 300ML;ROTULO;ADESIVO;350000;SRE ROTULOS;13993;ABR;2026;04/2026;;
PA;10090032;PA10090032;SACARINA SÓDICA;EDULCORANTE;XAROPARIA;100;KALIUM;3840;ABR;2026;04/2026;;
PA;10100002;PA10100002;SORBATO DE POTASSIO 25KG;ACID.E CONSERV.;REF/ENER/ROM/DEL;100;KALIUM;1855;ABR;2026;04/2026;;
MS;2701100001;MS2701100001;SORBATO DE POTASSIO 25KG;ACID.E CONSERV.;REF/ENER/ROM/DEL;300;GERAL;4716;ABR;2026;04/2026;;
PR;2701100001;PR2701100001;SORBATO DE POTASSIO 25KG;ACID.E CONSERV.;REF/ENER/ROM/DEL;600;KONKRETA;9432;ABR;2026;04/2026;;
PR;2701130009;PR2701130009;SUCO CONCENTRADO DE MACA;SUCO;XAROPARIA;1200;INTERSUCOS;14400;ABR;2026;04/2026;;
MS;2701130001;MS2701130001;SUCO CONCENTRADO LARANJA;SUCO;XAROPARIA;100;INTERSUCOS;1200;ABR;2026;04/2026;;
PR;2701130001;PR2701130001;SUCO CONCENTRADO LARANJA;SUCO;XAROPARIA;200;INTERSUCOS;2400;ABR;2026;04/2026;;
PR;2701130002;PR2701130002;SUCO CONCENTRADO LIMÃO;SUCO;XAROPARIA;200;INTERSUCOS;3300;ABR;2026;04/2026;;
PR;2701030037;PR2701030037;TAMPA AMARELA LISA;TAMPA;PET;1209600;OXFORD;53766,720000000001;ABR;2026;04/2026;;
MS;2701030041;MS2701030041;TAMPA AZUL BAMBOA (VODKA BAMBOA);TAMPA;VIDRO NAC;300000;BRASTAMPAS;90000;ABR;2026;04/2026;;
PR;2701030043;PR2701030043;TAMPA LARANJA REFRIKO;TAMPA;PET;604800;OXFORD;26883,360000000001;ABR;2026;04/2026;;
PR;2701030044;PR2701030044;TAMPA LILAS LISA;TAMPA;PET;151200;OXFORD;6720,84;ABR;2026;04/2026;;
SP;2801030014;SP2801030014;TAMPA PLASTICA AZUL OMNI                             ;TAMPA;PET;1058400;OXFORD;45863,647200000007;ABR;2026;04/2026;;
SP;2801030017;SP2801030017;TAMPA PLASTICA PRETA OMNI 120 COM VEDANTE;TAMPA;PET;756000;OXFORD;32759,748000000003;ABR;2026;04/2026;;
PR;2701030048;PR2701030048;TAMPA ROSA MAGENTA REFRIKO;TAMPA;PET;151200;OXFORD;6720,84;ABR;2026;04/2026;;
PR;2701030049;PR2701030049;TAMPA VERDE REFRIKO;TAMPA;PET;1209600;OXFORD;53766,720000000001;ABR;2026;04/2026;;
PR;2701030050;PR2701030050;TAMPA VERMELHA LISA;TAMPA;PET;302400;OXFORD;13441,68;ABR;2026;04/2026;;
MS;2701150004;MS2701150004;VASILHAME OW 600ML (BELLA ROMA);VASILHAME;NORMAL;113400;VIDRO PORTO;128141,99999999999;ABR;2026;04/2026;;
MS;2701070006;MS2701070006;ACESSULFAME DE POTASSIO;EDULCORANTE;XAROPARIA;100;KALIUM;2853;MAI;2026;05/2026;;
PA;10090295;PA10090295;CONCENTRADO COLA IAB 7729 (NOVO);CONCENT./KITs;KIT COLA;3000;INTERAMERICA;67170;MAI;2026;05/2026;;
PA;10090290;PA10090290;PREMIX ENERG EMULVIT 8942 ADM;CONCENT./KITs;C.ENERGETICO;400;QUANTIQ;10720;MAI;2026;05/2026;;
PA;11080241;PA11080241;RÓTULO MICOS COLA 2,5L;ROTULO;BOPP-PA;400000;ELLOFLEX;13580;MAI;2026;05/2026;;
MS;2701050001;MS2701050001;AROMA NATURAL MOUTHFEEL FASV259 ADM;AROMA;REFRIGERANTE;50;ADM;8270;MAI;2026;05/2026;;
PR;2701050001;PR2701050001;AROMA NATURAL MOUTHFEEL FASV259 ADM;AROMA;REFRIGERANTE;100;ADM;16540;JUN;2026;06/2026;;
MS;2701070005;MS2701070005;ASPARTAME;EDULCORANTE;XAROPARIA;100;KONKRETA;6126;MAI;2026;05/2026;;
PR;2701160004;PR2701160004;CAIXA PACK FURIOSO 4X250 ML ( PROPRIO);CAIXA;FURIOSO;38400;BLUMEN;28032;MAI;2026;05/2026;;
MS;2701070004;MS2701070004;CICLAMATO DE SÓDIO ;EDULCORANTE;XAROPARIA;200;KONKRETA;2836;MAI;2026;05/2026;;
MS;2701210003;MS2701210003;CLEAR MAX PVPP;CERVEJARIA;OUTROS;100;PROZYN ;13835;MAI;2026;05/2026;;
PR;2801050007;PR2801050007;CONCENTRADO B. ENERGETICA AÇAI;AROMA;KIT ENERGÉTICO;9,785349233;GERAL;21898,427557069845;MAI;2026;05/2026;;
PA;11080242;PA11080242;RÓTULO MICOS COLA 200ML;ROTULO;BOPP-PA;300000;ELLOFLEX;1770;MAI;2026;05/2026;;
MS;2701050040;MS2701050040;CONCENTRADO BEBIDAS ENERGETICA;AROMA;KIT ENERGÉTICO;104,4568245;GERAL;216944,91643454038;MAI;2026;05/2026;;
PR;2801050003;PR2801050003;CONCENTRADO BEBIDAS ENERGETICA;AROMA;KIT ENERGÉTICO;147,9805014;ADM;302585,55710306409;MAI;2026;05/2026;;
PA;11080246;PA11080246;RÓTULO MICOS GUARANÁ 200ML;ROTULO;BOPP-PA;400000;ELLOFLEX;2360;MAI;2026;05/2026;;
MS;2701160012;MS2701160012;CX 12X300ML - TUBAINA;CAIXA;TUBAINA;20000;JAUENSE;33800;MAI;2026;05/2026;;
PR;2701040009;PR2701040009;FILME STRETCH POLIETILENO 500X0023;FILME;STRETCH;3000;GERAL;60000;MAI;2026;05/2026;;
PA;11080252;PA11080252;ROTULO MICOS LARANJA 500ML;ROTULO;BOPP-PA;300000;GERAL;10119,000000000002;MAI;2026;05/2026;;
PA;11080249;PA11080249;RÓTULO MICOS LARANJA 2,5L;ROTULO;BOPP-PA;300000;ELLOFLEX;10185;MAI;2026;05/2026;;
MS;2701040001;MS2701040001;FILME TERMO ENCOLHIVEL 420 X 0,05;FILME;JUJ/TERN;3000;EPA;63000;MAI;2026;05/2026;;
PR;2701040007;PR2701040007;FILME TERMO ENCOLHIVEL 860/0,06 MM;FILME;REFR/ENERG.;11000;EPA;259325;MAI;2026;05/2026;;
MS;2701040003;MS2701040003;FILME TERMO ENCOLHÍVEL DE 560X006;FILME;DIVERSOS;6000;EPA;141000;MAI;2026;05/2026;;
SP;2801040018;SP2801040018;FILME TERMOENCOLHIVEL LISO 390X0,05MM                    ;FILME;ÁGUA 500;6000;GERAL;141450;MAI;2026;05/2026;;
PA;10090293;PA10090293;SUCO CONCENTRADO DE MACA;SUCO;XAROPARIA;1800;INTERSUCOS;20700;MAI;2026;05/2026;;
PR;2801120002;PR2801120002;PREMIX ENERG EMULVIT 8942;CONCENT./KITs;C.ENERGETICO;3000;QUANTIQ;54150;MAI;2026;05/2026;;
SP;2801010066;SP2801010066;ROTULO BOPP AGUA S/ GAS HIDRATAR 1,5L                    ;ROTULO;BOPP;250000;GERAL;4987,45;MAI;2026;05/2026;;
SP;2801010063;SP2801010063;ROTULO BOPP AGUA C/ GAS HIDRATAR 500ML                   ;ROTULO;BOPP;1500000;GERAL;15840;MAI;2026;05/2026;;
SP;2801010068;SP2801010068;ROTULO BOPP AGUA S/ GAS HIDRATAR 500ML                   ;ROTULO;BOPP;2000000;GERAL;21120;MAI;2026;05/2026;;
PR;2801010069;PR2801010069;ROTULO CACHACA CAIDEIRA 450ML;ROTULO;BOPP;250000;ELLOFLEX;3924,9999999999995;MAI;2026;05/2026;;
PR;2801010093;PR2801010093;ROTULO FURIOSO AÇAI 250ML;ROTULO;SLEEVE;100000;CCL;5037,7;MAI;2026;05/2026;;
PR;2801010094;PR2801010094;ROTULO FURIOSO CITRUS 250 ML;ROTULO;SLEEVE;100000;CCL;5037,7;MAI;2026;05/2026;;
MS;2701010191;MS2701010191;ROTULO FURIOSO 2L;ROTULO;SLEEVE;100000;CCL;20620;MAI;2026;05/2026;;
PR;2801010100;PR2801010100;ROTULO FURIOSO 2L;ROTULO;SLEEVE;100000;CCL;20620;MAI;2026;05/2026;;
PR;2801010098;PR2801010098;ROTULO FURIOSO MELANCIA E MORANGO 2L;ROTULO;SLEEVE;100000;CCL;20620;MAI;2026;05/2026;;
PR;2801010096;PR2801010096;ROTULO FURIOSO MELAO 2L;ROTULO;SLEEVE;100000;CCL;20620;MAI;2026;05/2026;;
PR;2801010102;PR2801010102;ROTULO FURIOSO TROPICAL 2L;ROTULO;SLEEVE;100000;CCL;20620;MAI;2026;05/2026;;
PA;10090090;PA10090090;SUCO CONCENTRADO LARANJA;SUCO;XAROPARIA;300;INTERSUCOS;3150;MAI;2026;05/2026;;
PA;10090094;PA10090094;SUCO CONCENTRADO UVA;SUCO;XAROPARIA;250;INTERSUCOS;2625;MAI;2026;05/2026;;
PA;10090274;PA10090274;CONCENTRADO BEBIDAS ENERGETICA;AROMA;KIT ENERGÉTICO;800;WILD;131779,8050139276;MAI;2026;05/2026;;
PA;11040793;PA11040793;FILME TERMO - 480X0,06;FILME;REFRI;5500;EPA;56925;MAI;2026;05/2026;;
PA;11040007;PA11040007;FILME TERMO ENCOLHIVEL 420 X 0,06;FILME;REFR/ENERG.;3000;E.P.A;31050;MAI;2026;05/2026;;
PR;2701010144;PR2701010144;ROTULO REFRIKO LARANJA DQI1% 2L;ROTULO;BOPP;300000;ELLOFLEX;10649,999999999998;MAI;2026;05/2026;;
MS;2701010151;MS2701010151;ROTULO TUBAINA 3L;ROTULO;BOPP;100000;ELLOFLEX;3889,6;MAI;2026;05/2026;;
MS;2701010148;MS2701010148;ROTULO REFRIKO TUBAINA 2,5L;ROTULO;BOPP;100000;GERAL;3890,3;MAI;2026;05/2026;;
PR;2701010160;PR2701010160;ROTULO TERNURA LARANJA S/ SUCO 2L;ROTULO;BOPP;100000;ELLOFLEX;3549,9999999999995;MAI;2026;05/2026;;
MS;2701010163;MS2701010163;ROTULO TUBA JUJUBA 2L;ROTULO;BOPP;250000;ELLOFLEX;8875;MAI;2026;05/2026;;
MS;2701010164;MS2701010164;ROTULO TUBAJUJUBA LARANJA S/SUCO 2L;ROTULO;BOPP;100000;ELLOFLEX;3549,9999999999995;MAI;2026;05/2026;;
MS;2701040015;MS2701040015;FILME TERMOENCOLHIVEL LISO 380X0,06MM;FILME;VIDRO;3000;EPA;63000;MAI;2026;05/2026;;
PA;11090086;PA11090086;TAMPA AMARELA LISA;TAMPA;PET;168000;RAVIBRAS;7840,56;MAI;2026;05/2026;;
PA;11090001;PA11090001;TAMPA LARANJA REFRIKO;TAMPA;PET;504000;RAVIBRAS;23521,68;MAI;2026;05/2026;;
PA;11090034;PA11090034;TAMPA LILAS LISA;TAMPA;PET;504000;RAVIBRAS;23521,68;MAI;2026;05/2026;;
PA;11090031;PA11090031;TAMPA VERMELHA LISA;TAMPA;PET;840000;RAVIBRAS;39202,800000000003;MAI;2026;05/2026;;
PA;11070012;PA11070012;PREFORMA 46,0G CRISTAL OU 45,7 G;PREFORMA;PET 2L PA;192096;BRASPET;94127,039999999994;MAI;2026;05/2026;;
PA;10020012;PA10020012;AROMA DE GUARANA 31835 ADM;AROMA;REFRIGERANTE;300;YERBALATINA;36060;MAI;2026;05/2026;;
PA;10020011;PA10020011;AROMA NATURAL MOUTHFEEL FASV259 ADM;AROMA;REFRIGERANTE;150;ADM;23628;MAI;2026;05/2026;;
MS;3002020010;MS3002020010;TERRA CELITE DIATOMITA 2500/535;TERRA;CERVEJARIA;1248,5;VENETO ;10986,800000000001;MAI;2026;05/2026;;
MS;3002020009;MS3002020009;TERRA CELITE DIATOMITA SPEEDFLOW/STANDARD (VERMELHO);TERRA;CERVEJARIA;1452,8;VENETO ;12784,640000000001;MAI;2026;05/2026;;
MS;2701020115;MS2701020115;PREFORMA 18 A 20G VERDE 500 ML - DESCONTINUAR;PREFORMA;REFRIKO 500ML;104160;BRASPET;21248,639999999999;ABR;2026;04/2026;;
MS;2701020059;MS2701020059;PREFORMA 41 G CRISTAL;PREFORMA;REFRIKO 2L;42720;BRASPET;23722,416000000001;ABR;2026;04/2026;;
MS;2701020102;MS2701020102;PREFORMA 41 G VERDE;PREFORMA;REFRIKO 2L;111072;BRASPET;44573,193599999999;ABR;2026;04/2026;;
MS;2701020050;MS2701020050;PREFORMA 48G CRISTAL (COMPRAR 50 G);PREFORMA;PET 2,5L PA;47808;BRASPET;30788,352000000003;ABR;2026;04/2026;;
MS;2701020096;MS2701020096;PREFORMA 48G VERDE;PREFORMA;PET 2,5L PA;111552;BRASPET;71864,029439999998;ABR;2026;04/2026;;
MS;2701020075;MS2701020075;PREFORMA PET 46,7GR CRISTAL;PREFORMA;FURIOSO 2L;75168;BRASPET;44649,792000000001;ABR;2026;04/2026;;
PA;11070041;PA11070041;PREFORMA PET 200 ML CRISTAL 12 G;PREFORMA;PET 200 PA;257400;CRISTALPET;40926,6;ABR;2026;04/2026;;
PA;11070048;PA11070048;PREFORMA PET 200 ML VERDE 12 G;PREFORMA;PET 200 PA;163800;CRISTALPET;26044,2;ABR;2026;04/2026;;
PA;11070046;PA11070046;PREFORMA 18 ou 20,6G CRISTAL;PREFORMA;PET 500 PA;236736;CRISTALPET;55869,695999999996;ABR;2026;04/2026;;
PA;11070047;PA11070047;PREFORMA 18 ou 20,6G VERDE;PREFORMA;PET 500 PA;39456;CRISTALPET;9311,616;ABR;2026;04/2026;;
PA;11070012;PA11070012;PREFORMA 46,0G CRISTAL OU 45,7 G;PREFORMA;PET 2L PA;202752;BRASPET;99348,479999999996;ABR;2026;04/2026;;
PA;11070013;PA11070013;PREFORMA 46,0G VERDE OU 45,7 G;PREFORMA;PET 2L PA;67584;CRISTALPET;33116,159999999996;ABR;2026;04/2026;;
PA;11070032;PA11070032;PREFORMA 48GR CRISTAL OU 50,7 G;PREFORMA;PET 2,5L PA;96768;CRISTALPET;48190,464;ABR;2026;04/2026;;
PA;11070033;PA11070033;PREFORMA 48GR VERDE OU 50,7 G;PREFORMA;PET 2,5L PA;465920;AMCOR;232028,16;ABR;2026;04/2026;;
PR;2701020051;PR2701020051;PREFORMA PET 200 ML CRISTAL 12 g ;PREFORMA;REFRIKO 200ML;440832;ENGEPACK;87261,812736000007;ABR;2026;04/2026;;
PR;2701020097;PR2701020097;PREFORMA PET 200 ML VERDE 12 g ;PREFORMA;REFRIKO 200ML;734904;ENGEPACK;145472,776992;ABR;2026;04/2026;;
PR;2801020053;PR2801020053;PREFORMA PET 200 ML VERDE 12 g;PREFORMA;REFRIKO 200ML;247968;ENGEPACK;49084,769664000007;ABR;2026;04/2026;;
PR;2701020055;PR2701020055;PREFORMA 18G CRISTAL;PREFORMA;FURIOSO 250ML;1025856;ENGEPACK;263275,68383999995;ABR;2026;04/2026;;
PR;2701020055;PR2701020055;PREFORMA 18G CRISTAL;PREFORMA;FURIOSO 250ML;1083264;ENGEPACK;278008,87295999995;ABR;2026;04/2026;;
PR;2701020059;PR2701020059;PREFORMA 41G CRISTAL;PREFORMA;REFRIKO 2L;234624;ENGEPACK;122286,0288;ABR;2026;04/2026;;
PR;2701020059;PR2701020059;PREFORMA 41G CRISTAL;PREFORMA;REFRIKO 2L;434304;CRISTALPET;226359,24479999999;ABR;2026;04/2026;;
PR;2701020102;PR2701020102;PREFORMA 41G VERDE;PREFORMA;REFRIKO 2L;938496;ENGEPACK;489144,1152;ABR;2026;04/2026;;
PR;2701020075;PR2701020075;PREFORMA PET 46,7GR CRISTAL ;PREFORMA;FURIOSO 2L;444288;ENGEPACK;305442,66854400001;ABR;2026;04/2026;;
PR;2701020075;PR2701020075;PREFORMA PET 46,7GR CRISTAL ;PREFORMA;FURIOSO 2L;111072;ENGEPACK;76360,667136000004;ABR;2026;04/2026;;
SP;2801020042;SP2801020042;PREFORMA 15G CRISTAL;PREFORMA;PET 500 PA;1083264;BRASPET;239758,82112000001;ABR;2026;04/2026;;
SP;2801020041;SP2801020041;PREFORMA 18G CRISTAL 500 ML;PREFORMA;PET 500 PA;966672;CRISTALPET;248086,70207999999;ABR;2026;04/2026;;
SP;2801020032;SP2801020032;PREFORMA 31,7G CRISTAL;PREFORMA;ÁGUA 1,5L;33912;CRISTALPET;14099,59224;ABR;2026;04/2026;;
PR;2801010090;PR2801010090;ROT SLEE NOCH LIMAO 270ML;ROTULO;SLEEVE;200000;ALL4LABELL;24000;JUN;2026;06/2026;;
PR;2801010091;PR2801010091;ROT SLEE NOCH MARACUJA 270ML;ROTULO;SLEEVE;200000;ALL4LABELL;24000;JUN;2026;06/2026;;
PR;2801010092;PR2801010092;ROT SLEE NOCH MELANCIA E MORAN 270ML-IND;ROTULO;SLEEVE;200000;ALL4LABELL;24000;JUN;2026;06/2026;;
PR;2801010099;PR2801010099;ROTULO FURIOSO 250ML;ROTULO;SLEEVE;1000000;CCL;50377;JUN;2026;06/2026;;
PR;2801010097;PR2801010097;ROTULO FURIOSO MELANCIA E MORANGO 250ML;ROTULO;SLEEVE;300000;CCL;15113,099999999999;JUN;2026;06/2026;;
PR;2801010095;PR2801010095;ROTULO FURIOSO MELAO 250ML;ROTULO;SLEEVE;300000;CCL;15113,099999999999;JUN;2026;06/2026;;
PR;2801010089;PR2801010089;ROTULO BOMBADÃO 2L;ROTULO;SLEEVE;100000;GERAL;21285,599999999999;JUN;2026;06/2026;;
PR;2801010098;PR2801010098;ROTULO FURIOSO MELANCIA E MORANGO 2L;ROTULO;SLEEVE;100000;CCL;20620;JUN;2026;06/2026;;
MS;2701010187;MS2701010187;ROTULO FURIOSO MELANCIA E MORANGO 2L;ROTULO;SLEEVE;100000;CCL;20620;JUN;2026;06/2026;;
PR;2801010100;PR2801010100;ROTULO FURIOSO 2L;ROTULO;SLEEVE;300000;CCL;61860;JUN;2026;06/2026;;
MS;2701010191;MS2701010191;ROTULO FURIOSO 2L;ROTULO;SLEEVE;200000;CCL;41240;JUN;2026;06/2026;;
PA;11070013;PA11070013;PREFORMA 46,0G VERDE OU 45,7 G;PREFORMA;PET 2L PA;192096;BRASPET;94127,039999999994;MAI;2026;05/2026;;
PR;2701020097;PR2701020097;PREFORMA PET 200 ML VERDE 12 g ;PREFORMA;REFRIKO 200ML;358176;ENGEPACK;70900,222848000005;ABR;2026;04/2026;;
PA;11070032;PA11070032;PREFORMA 48GR CRISTAL OU 50,7 G;PREFORMA;PET 2,5L PA;465920;AMCOR;232028,16;ABR;2026;04/2026;;
MS;2701150004;MS2701150004;VASILHAME OW 600ML (BELLA ROMA);VASILHAME;NORMAL;113400;VIDRO PORTO;128141,99999999999;MAI;2026;05/2026;;
PA;11070032;PA11070032;PREFORMA 48GR CRISTAL OU 50,7 G;PREFORMA;PET 2,5L PA;223104;BRASPET;111105,792;ABR;2026;04/2026;;
PR;2801090005;PR2801090005;CITRATO DE SODIO;ACID.E CONSERV.;ENERG/DELIRIO;1000;PRIMARY;8280;MAI;2026;05/2026;;
PA;11070032;PA11070032;PREFORMA 48GR CRISTAL OU 50,7 G;PREFORMA;PET 2,5L PA;465920;AMCOR;232028,16;MAI;2026;05/2026;;
MS;2701090006;MS2701090006;CITRATO DE SODIO;ACID.E CONSERV.;ENERG/DELIRIO;500;GERAL;4140;JUN;2026;06/2026;;
PR;2801090005;PR2801090005;CITRATO DE SODIO;ACID.E CONSERV.;ENERG/DELIRIO;700;PRIMARY;5796;JUN;2026;06/2026;;
PA;11070041;PA11070041;PREFORMA PET 200 ML CRISTAL 12 G;PREFORMA;PET 200 PA;514800;CRISTALPET;81853,2;MAI;2026;05/2026;;
PA;11070048;PA11070048;PREFORMA PET 200 ML VERDE 12 G;PREFORMA;PET 200 PA;257400;CRISTALPET;40926,6;MAI;2026;05/2026;;
PA;11070046;PA11070046;PREFORMA 18 ou 20,6G CRISTAL;PREFORMA;PET 500 PA;414280;CRISTALPET;97770,08;MAI;2026;05/2026;;
PA;11070047;PA11070047;PREFORMA 18 ou 20,6G VERDE;PREFORMA;PET 500 PA;118368;CRISTALPET;27934,847999999998;MAI;2026;05/2026;;
PA;11070033;PA11070033;PREFORMA 48GR VERDE OU 50,7 G;PREFORMA;PET 2,5L PA;47808;BRASPET;23808,383999999998;MAI;2026;05/2026;;
PA;10100003;PA10100003;ACIDO CITRICO;ACID.E CONSERV.;REF/ENER/ROM/DEL;14000;PRIMARY;141400;MAI;2026;05/2026;;
PA;10010001;PA10010001;ACUCAR CRISTAL;AÇUCAR;XAROPARIA;250000;CERTANO;569480;MAI;2026;05/2026;;
PA;10090292;PA10090292;CORANTE AMARANTO;CORANTE;REFRIGERANTE;50;SAPORITI;3399,4999999999995;JUN;2026;06/2026;;
PA;10090056;PA10090056;CORANTE AMARELO SUNSET;CORANTE;XAROPARIA;25;SAPORITI;1046;JUN;2026;06/2026;;
PA;10090017;PA10090017;EMULSAO LARANJA REFRIKO 98;EMULSAO;XAROPARIA;600;SAPORITI;21600;MAI;2026;05/2026;;
PA;10090037;PA10090037;CORANTE AZUL BRILHANTE;CORANTE;ENERGÉTICO;5;SAPORITI;496,85;JUN;2026;06/2026;;
PA;10090294;PA10090294;CORANTE CARAMELO CLASE IV DPC;CORANTE;REFRIGERANTE;600;SAPORITI;2880;JUN;2026;06/2026;;
PA;10100006;PA10100006;CITRATO DE SODIO;ACID.E CONSERV.;ENERG/DELIRIO;200;GERAL;2074;JUN;2026;06/2026;;
PA;11080241;PA11080241;RÓTULO MICOS COLA 2,5L;ROTULO;BOPP-PA;400000;ELLOFLEX;13580;JUN;2026;06/2026;;
PA;11080250;PA11080250;RÓTULO MICOS LARANJA 200ML;ROTULO;BOPP-PA;500000;ELLOFLEX;2950;JUN;2026;06/2026;;
PA;11080248;PA11080248;ROTULO MICOS GUARANA 500ML;ROTULO;BOPP-PA;300000;ELLOFLEX;10119,000000000002;JUN;2026;06/2026;;
PA;11080265;PA11080265;ROTULO TUCA LARANJA 500ML;ROTULO;BOPP-PA;100000;ELLOFLEX;3373,0000000000005;JUN;2026;06/2026;;
PA;11080268;PA11080268;ROTULO TUCA UVA 500ML;ROTULO;BOPP-PA;100000;ELLOFLEX;3373,0000000000005;JUN;2026;06/2026;;
PA;11080247;PA11080247;ROTULO MICOS GUARANA 2L;ROTULO;BOPP-PA;300000;ELLOFLEX;12489;JUN;2026;06/2026;;
PA;11080255;PA11080255;ROTULO MICOS UVA 2L;ROTULO;BOPP-PA;300000;ELLOFLEX;12489;JUN;2026;06/2026;;
PA;11080245;PA11080245;RÓTULO MICOS GUARANA 2,5L;ROTULO;BOPP-PA;400000;ELLOFLEX;13580;JUN;2026;06/2026;;
PA;10090273;PA10090273;ACESSULFAME DE POTASSIO;EDULCORANTE;XAROPARIA;200;GERAL;6980;JUN;2026;06/2026;;
PA;10090100;PA10090100;ASPARTAME;EDULCORANTE;XAROPARIA;200;QUANTIQ;14078;JUN;2026;06/2026;;
PA;10100024;PA10100024;CICLAMATO DE SÓDIO ;EDULCORANTE;XAROPARIA;450;QUANTIQ;8941,5;JUN;2026;06/2026;;
PA;10010001;PA10010001;ACUCAR CRISTAL;AÇUCAR;XAROPARIA;200000;CERTANO;455584;JUN;2026;06/2026;;
PA;10020012;PA10020012;AROMA DE GUARANA 31835 ADM;AROMA;REFRIGERANTE;500;YERBALATINA;60100;JUN;2026;06/2026;;
PA;10020001;PA10020001;AROMA DE LARANJA IDENTICO AO NATURAL;AROMA;REFRIGERANTE;23;DUAS RODAS;1786,1799999999998;JUN;2026;06/2026;;
PA;10020010;PA10020010;AROMA IDENTICO AO NATURAL MELANCIA;AROMA;ENERGÉTICO;20;DUAS RODAS;736;JUN;2026;06/2026;;
PA;10020003;PA10020003;AROMA FRUTAS TROPICAIS;AROMA;ENERGÉTICO;40;MONARCH;5500;JUN;2026;06/2026;;
PA;10020006;PA10020006;AROMA MAÇA VERDE COD;AROMA;ENERGÉTICO;34;DUAS RODAS;1630,64;JUN;2026;06/2026;;
PA;10020007;PA10020007;AROMA MELAO ;AROMA;ENERGÉTICO;51;DUAS RODAS;2941,68;JUN;2026;06/2026;;
PA;10020009;PA10020009;AROMA UVA REFRIKO 84;AROMA;REFRIGERANTE;600;SAPORITI;14100;JUN;2026;06/2026;;
PA;10090291;PA10090291;EXTRATO DE GUARANA 200% DUAS RODAS;AROMA;REFRIGERANTE;300;DUAS RODAS;14361;JUN;2026;06/2026;;
PA;10090295;PA10090295;CONCENTRADO COLA IAB 7729 (NOVO);CONCENT./KITs;KIT COLA;3000;INTERAMERICA;67170;JUN;2026;06/2026;;
PA;11080233;PA11080233;ROTULO FURIOSO 2L;ROTULO;SLEEVE-PA;100000;CCL;28732,000000000004;JUN;2026;06/2026;;
PA;12030001;PA12030001;FILME STRETCH POLIETILENO 500X0023;FILME;STRETCH;1500;E.P.A;14700,000000000002;JUN;2026;06/2026;;
PA;11040793;PA11040793;FILME TERMO - 480X0,06;FILME;REFRI;4000;EPA;41400;JUN;2026;06/2026;;
PA;11080236;PA11080236;ROTULO FURIOSO MELANCIA E MORANGO 2L;ROTULO;SLEEVE-PA;50000;CCL;14366,000000000002;AGO;2026;08/2026;;
PA;11080238;PA11080238;ROTULO FURIOSO MELAO 2L;ROTULO;SLEEVE-PA;50000;CCL;14366,000000000002;JUN;2026;06/2026;;
PA;10020009;PA10020009;AROMA UVA REFRIKO 84;AROMA;REFRIGERANTE;600;SAPORITI;14100;MAI;2026;05/2026;;
PA;10090290;PA10090290;PREMIX ENERG EMULVIT 8942 ADM;CONCENT./KITs;C.ENERGETICO;500;QUANTIQ;13400;JUN;2026;06/2026;;
MS;2701150001;MS2701150001;VASILHAME GINGUALA 970ML;VASILHAME;NORMAL;126720;VIDRO PORTO;198950,39999999999;MAI;2026;05/2026;;
MS;2701030035;MS2701030035;TAMPA METALICA PRETA LISA;TAMPA;VIDRO NAC;500000;REUNIDAS;24500;JUN;2026;06/2026;;
SP;2801020042;SP2801020042;PREFORMA 15G CRISTAL;PREFORMA;PET 500 PA;2248992;CRISTALPET;497769,39935999998;MAI;2026;05/2026;;
MS;2701160012;MS2701160012;CX 12X300ML - TUBAINA;CAIXA;TUBAINA;20000;JAUENSE;33800;JUN;2026;06/2026;;
MS;2701020075;MS2701020075;PREFORMA PET 46,7GR CRISTAL;PREFORMA;FURIOSO 2L;233856;BRASPET;138910,46400000001;MAI;2026;05/2026;;
PR;2701020051;PR2701020051;PREFORMA PET 200 ML CRISTAL 12 g ;PREFORMA;REFRIKO 200ML;1377600;ENGEPACK;272693,16480000003;MAI;2026;05/2026;;
PR;2701020097;PR2701020097;PREFORMA PET 200 ML VERDE 12 g ;PREFORMA;REFRIKO 200ML;2397024;ENGEPACK;474486,10675200005;MAI;2026;05/2026;;
PR;2701020075;PR2701020075;PREFORMA PET 46,7GR CRISTAL ;PREFORMA;FURIOSO 2L;606624;ENGEPACK;417046,72051199997;MAI;2026;05/2026;;
SP;2801020041;SP2801020041;PREFORMA 18G CRISTAL 500 ML;PREFORMA;PET 500 PA;1657152;CRISTALPET;425291,48927999998;MAI;2026;05/2026;;
SP;2801020032;SP2801020032;PREFORMA 31,7G CRISTAL;PREFORMA;ÁGUA 1,5L;113040;CRISTALPET;46998,640799999994;MAI;2026;05/2026;;
MS;2701050028;MS2701050028;AROMA NATURAL PARA VODKA ;AROMA;VODKA;200;DUAS RODAS;5176;MAI;2026;05/2026;;
PR;2701030037;PR2701030037;TAMPA AMARELA LISA;TAMPA;PET;3931200;GERAL;174741,84000000003;MAI;2026;05/2026;;
PR;2801030015;PR2801030015;TAMPA DOURADA LISA;TAMPA;PET;151200;OXFORD;6551,9496000000008;MAI;2026;05/2026;;
PR;2701030043;PR2701030043;TAMPA LARANJA REFRIKO;TAMPA;PET;453600;OXFORD;20162,52;MAI;2026;05/2026;;
PR;2701030044;PR2701030044;TAMPA LILAS LISA;TAMPA;PET;302400;OXFORD;13441,68;MAI;2026;05/2026;;
PR;2701030049;PR2701030049;TAMPA VERDE REFRIKO;TAMPA;PET;1965600;OXFORD;87370,920000000013;MAI;2026;05/2026;;
PR;2701030050;PR2701030050;TAMPA VERMELHA LISA;TAMPA;PET;453600;OXFORD;20162,52;MAI;2026;05/2026;;
SP;2801030014;SP2801030014;TAMPA PLASTICA AZUL OMNI                             ;TAMPA;PET;1512000;OXFORD;65519,496000000006;MAI;2026;05/2026;;
SP;2801030017;SP2801030017;TAMPA PLASTICA PRETA OMNI 120 COM VEDANTE;TAMPA;PET;2116800;OXFORD;91727,294400000013;MAI;2026;05/2026;;
MS;2701130009;MS2701130009;SUCO CONCENTRADO DE MACA;SUCO;XAROPARIA;500;INTERSUCOS;6000;MAI;2026;05/2026;;
PR;2701130009;PR2701130009;SUCO CONCENTRADO DE MACA;SUCO;XAROPARIA;1000;INTERSUCOS;12000;MAI;2026;05/2026;;
MS;2701090004;MS2701090004;ACIDO TARTARICO ;ACID.E CONSERV.;NOCH/TON/BEL;150;MCASSAB;5325;MAI;2026;05/2026;;
MS;2701130007;MS2701130007;AROMA EXTRATO GUARANA REFRIKO 28;AROMA;REFRIGERANTE;350;SAPORITI;11479,999999999998;MAI;2026;05/2026;;
MS;2701050036;MS2701050036;AROMA NATURAL DE TANGERINA DOHLER;AROMA;ENERGÉTICO;200;DOHLER;21600;MAI;2026;05/2026;;
MS;2701050021;MS2701050021;AROMA IDENTICO AO NATURAL MORANGO;AROMA;ENERGÉTICO;50;DUAS RODAS;3794;MAI;2026;05/2026;;
MS;2701050019;MS2701050019;AROMA MELAO ;AROMA;ENERGÉTICO;100;DUAS RODAS;5897;MAI;2026;05/2026;;
MS;2701050027;MS2701050027;AROMA UVA REFRIKO 84;AROMA;REFRIGERANTE;150;SAPORITI;4200;MAI;2026;05/2026;;
MS;3002020007;MS3002020007;CARVÃO ATIVADO;TERRA;XAROPARIA;200;GUARAMEX;2500;MAI;2026;05/2026;;
MS;2701050022;MS2701050022;CONCENTRADO DE GUARANA IAB 7205;AROMA;REFRIGERANTE;800;INTERAMERICA;20696;MAI;2026;05/2026;;
MS;2701060009;MS2701060009;CORANTE AMARELO SUNSET;CORANTE;XAROPARIA;15;SAPORITI;684,3;MAI;2026;05/2026;;
MS;2701060003;MS2701060003;CORANTE TARTRAZINA;CORANTE;ENERGÉTICO;5;SAPORITI;245;MAI;2026;05/2026;;
MS;2701050002;MS2701050002;DESTILADO DE ERVAS AROMÁT PARA GIN;AROMA;JAMES COOK;1000;GERAL;19200;MAI;2026;05/2026;;
MS;2701020059;MS2701020059;PREFORMA 41 G CRISTAL;PREFORMA;REFRIKO 2L;85440;BRASPET;47444,832000000002;MAI;2026;05/2026;;
MS;2701020050;MS2701020050;PREFORMA 48G CRISTAL (COMPRAR 50 G);PREFORMA;PET 2,5L PA;39840;BRASPET;25656,959999999999;MAI;2026;05/2026;;
MS;2701020096;MS2701020096;PREFORMA 48G VERDE;PREFORMA;PET 2,5L PA;71712;BRASPET;46198,304640000002;MAI;2026;05/2026;;
MS;2701050023;MS2701050023;PREP ACIDO COLA ;CONCENT./KITs;KIT COLA;200;SAPORITI;5000;MAI;2026;05/2026;;
MS;2701150009;MS2701150009;VASILHAME TUBAINA CRISTAL LONGNECK 355ML;VASILHAME;NORMAL;92400;VIDRO PORTO;48972;MAI;2026;05/2026;;
PR;2801090003;PR2801090003;ACIDO TARTARICO;ACID.E CONSERV.;NOCH/TON/BEL;50;M CASSAB;1775;MAI;2026;05/2026;;
PR;2801120003;PR2801120003;PREMIX ENERG EMULVIT 8959 - BOMBADÃO SAPORITI -IND;CONCENT./KITs;C.ENERGETICO;100;DUAS RODAS;18000;MAI;2026;05/2026;;
PR;2701050035;PR2701050035;AROMA ARTIFICIAL GUARANA IFB (PED. KOMPLETO);AROMA;REFRIGERANTE;800;KOMPLETO;18200;MAI;2026;05/2026;;
PR;2701130007;PR2701130007;AROMA EXTRATO GUARANA REFRIKO 28;AROMA;REFRIGERANTE;400;SAPORITI;13119,999999999998;MAI;2026;05/2026;;
PR;2801050006;PR2801050006;AROMA FRUTAS TROPICAIS;AROMA;ENERGÉTICO;200;MONARCH;29914;MAI;2026;05/2026;;
PR;2801050021;PR2801050021;AROMA IDENTICO AO NATURAL MELANCIA;AROMA;ENERGÉTICO;250;DUAS RODAS;9292,5;MAI;2026;05/2026;;
PR;2801050025;PR2801050025;AROMA IDENTICO AO NATURAL MORANGO;AROMA;ENERGÉTICO;150;DUAS RODAS;11382;MAI;2026;05/2026;;
PR;2801050023;PR2801050023;AROMA MELAO;AROMA;ENERGÉTICO;150;DUAS RODAS;8845,5;MAI;2026;05/2026;;
PR;2801050004;PR2801050004;AROMA NATURA DE CITRUS RB 25395;AROMA;ENERGÉTICO;18;SAPORITI;1890;MAI;2026;05/2026;;
PR;2701050027;PR2701050027;AROMA UVA REFRIKO 84;AROMA;REFRIGERANTE;200;SAPORITI;5600;MAI;2026;05/2026;;
PR;3002020007;PR3002020007;CARVÃO ATIVADO;TERRA;XAROPARIA;200;GUARAMEX;2500;MAI;2026;05/2026;;
PR;2701050022;PR2701050022;CONCENTRADO DE GUARANA IAB 7205;AROMA;REFRIGERANTE;1000;INTERAMERICA;27170;MAI;2026;05/2026;;
PR;2701060009;PR2701060009;CORANTE AMARELO SUNSET;CORANTE;XAROPARIA;10;SAPORITI;456,2;MAI;2026;05/2026;;
PR;2701060008;PR2701060008;CORANTE AZUL BRILHANTE;CORANTE;ENERGÉTICO;10;SAPORITI;1160;MAI;2026;05/2026;;
PR;2701060007;PR2701060007;CORANTE CARAMELO CLASE IV DPC;CORANTE;REFRIGERANTE;600;SAPORITI;4500;MAI;2026;05/2026;;
PR;2701060001;PR2701060001;CORANTE PONCEAU ;CORANTE;ENERGÉTICO;15;SAPORITI;1005;MAI;2026;05/2026;;
PR;2701060003;PR2701060003;CORANTE TARTRAZINA;CORANTE;ENERGÉTICO;10;SAPORITI;490;MAI;2026;05/2026;;
PR;2701050018;PR2701050018;EMULSAO LARANJA REFRIKO 98;EMULSAO;XAROPARIA;600;SAPORITI;19680;MAI;2026;05/2026;;
PR;2701130006;PR2701130006;EXTRATO DE GUARANA 200% DUAS RODAS;AROMA;ENERG./DELÍR.;100;DUAS RODAS;4993;MAI;2026;05/2026;;
PR;2701020055;PR2701020055;PREFORMA 18G CRISTAL;PREFORMA;FURIOSO 250ML;651024;CRISTALPET;167078,79935999998;MAI;2026;05/2026;;
PR;2701020059;PR2701020059;PREFORMA 41G CRISTAL;PREFORMA;REFRIKO 2L;158688;CRISTALPET;82708,185599999997;MAI;2026;05/2026;;
PR;2701020102;PR2701020102;PREFORMA 41G VERDE;PREFORMA;REFRIKO 2L;868608;CRISTALPET;452718,48959999997;MAI;2026;05/2026;;
PR;2701010161;PR2701010161;ROTULO TERNURA TUBAINA 2L;ROTULO;BOPP;400000;ELLOFLEX;14199,999999999998;MAI;2026;05/2026;;
MS;2701150006;MS2701150006;VASILHAME AMBAR 300ML - LITRINHO;VASILHAME;NORMAL;101640;VIDRO PORTO;75213,600000000006;MAI;2026;05/2026;;
PR;2701010138;PR2701010138;ROTULO GUARANA 2L;ROTULO;BOPP;400000;ELLOFLEX;14199,999999999998;JUN;2026;06/2026;;
MS;2701040009;MS2701040009;FILME STRETCH POLIETILENO 500X0023;FILME;STRETCH;3000;EPA;68550;JUN;2026;06/2026;;
MS;2701040002;MS2701040002;FILME TERMO ENCOLHIVEL 420 X 0,06;FILME;REFR/ENERG.;3000;EPA;70500;JUN;2026;06/2026;;
MS;2701040003;MS2701040003;FILME TERMO ENCOLHÍVEL DE 560X006;FILME;DIVERSOS;5000;EPA;117500;JUN;2026;06/2026;;
MS;2701010115;MS2701010115;ROTULO ADESIVO BELLA ROMA;ROTULO;ADESIVO;200000;GRAFIMAX;28080;JUN;2026;06/2026;;
MS;2701010116;MS2701010116;ROTULO ADESIVO TUBAINA 300ML;ROTULO;ADESIVO;360000;SRE ROTULOS;14392,800000000001;JUN;2026;06/2026;;
PR;2701040005;PR2701040005;FILME TERMO ENCOLHIVEL 660 MM X 0,04;FILME;ENERGÉTICO;3000;EPA;70500;JUN;2026;06/2026;;
PR;2701040007;PR2701040007;FILME TERMO ENCOLHIVEL 860/0,06 MM;FILME;REFR/ENERG.;6500;GERAL;153237,5;JUN;2026;06/2026;;
PR;2701040007;PR2701040007;FILME TERMO ENCOLHIVEL 860/0,06 MM;FILME;REFR/ENERG.;4000;PATENA;94300;MAI;2026;05/2026;;
SP;2801040014;SP2801040014;FILME STRETCH POLIETILENO 500X0023;FILME;STRETCH;0;GERAL;0;JUN;2026;06/2026;;
SP;2801040018;SP2801040018;FILME TERMOENCOLHIVEL LISO 390X0,05MM                    ;FILME;ÁGUA 500;3000;GERAL;70725;JUN;2026;06/2026;;
PR2;2701070006;PR22701070006;ACESSULFAME DE POTASSIO;EDULCORANTE;XAROPARIA;50;KONKRETA;1426,5;JUL;2026;07/2026;;
PR;2701070006;PR2701070006;ACESSULFAME DE POTASSIO;EDULCORANTE;XAROPARIA;150;KONKRETA;4279,5;JUN;2026;06/2026;;
PR;2701070004;PR2701070004;CICLAMATO DE SÓDIO ;EDULCORANTE;XAROPARIA;300;PARKER;4254;JUN;2026;06/2026;;
MS;2701010138;MS2701010138;ROTULO GUARANA 2L;ROTULO;BOPP;100000;ELLOFLEX;3549,9999999999995;JUN;2026;06/2026;;
MS;2701010155;MS2701010155;ROTULO REFRIKO UVA DQI1% 2L;ROTULO;BOPP;100000;ELLOFLEX;3549,9999999999995;JUN;2026;06/2026;;
PR;2701090002;PR2701090002;ACIDO CITRICO;ACID.E CONSERV.;REF/ENER/ROM/DEL;13750;KONKRETA;123062,49999999999;JUN;2026;06/2026;;
PR;2701010147;PR2701010147;ROTULO REFRIKO LIMÃO DQI1% 2L;ROTULO;BOPP;300000;ELLOFLEX;10649,999999999998;JUN;2026;06/2026;;
PR;2701010155;PR2701010155;ROTULO REFRIKO UVA DQI1% 2L;ROTULO;BOPP;300000;ELLOFLEX;10649,999999999998;JUN;2026;06/2026;;
PR;2701010156;PR2701010156;ROTULO BOPP REFRISHOW GUARANA 2 L;ROTULO;BOPP;0;CACELADO POR ATRAZO;0;JUN;2026;06/2026;;
SP;2801010068;SP2801010068;ROTULO BOPP AGUA S/ GAS HIDRATAR 500ML                   ;ROTULO;BOPP;1500000;GERAL;15840;JUN;2026;06/2026;;
MS;2701050020;MS2701050020;EMULSÃO COLA E-0388 ADM (NOVO);EMULSAO;XAROPARIA;50;ADM;19225,5;JUN;2026;06/2026;;
PR;2801010088;PR2801010088;ROTULO AGUA TONICA MALDIVES 250 ML;ROTULO;SLEEVE;200000;MABFLEX;10142;JUN;2026;06/2026;;
PR;2801010093;PR2801010093;ROTULO FURIOSO AÇAI 250ML;ROTULO;SLEEVE;200000;CCL;10075,4;JUN;2026;06/2026;;
MS;2701120001;MS2701120001;PREMIX ENERG EMULVIT 8942;CONCENT./KITs;C.ENERGETICO;1500;CALDIC;27075;JUN;2026;06/2026;;
PR;2801120002;PR2801120002;PREMIX ENERG EMULVIT 8942;CONCENT./KITs;C.ENERGETICO;2500;KONKRETA;45125;JUN;2026;06/2026;;
MS;2701050001;MS2701050001;AROMA NATURAL MOUTHFEEL FASV259 ADM;AROMA;REFRIGERANTE;50;ADM;8270;JUN;2026;06/2026;;
MS;2701050040;MS2701050040;CONCENTRADO BEBIDAS ENERGETICA;AROMA;KIT ENERGÉTICO;104,4568245;ADM;216944,91643454038;JUN;2026;06/2026;;
MS;2701070006;MS2701070006;ACESSULFAME DE POTASSIO;EDULCORANTE;XAROPARIA;100;GERAL;2853;SET;2026;09/2026;;
PR;2801050003;PR2801050003;CONCENTRADO BEBIDAS ENERGETICA;AROMA;KIT ENERGÉTICO;156,6852368;ADM;320384,70752089139;JUN;2026;06/2026;;
MS;2701030028;MS2701030028;TAMPA ABRE FACIL AMARELA;TAMPA;VIDRO IMP;900000;GERAL;99720;SET;2026;09/2026;;
MS;2701030029;MS2701030029;TAMPA ABRE FACIL BRANCA LISA;TAMPA;VIDRO IMP;1100000;GERAL;121880;SET;2026;09/2026;;
MS;2701220001;MS2701220001;FERMENTO CERVEJEIRO FERMENTIS;CERVEJARIA;OUTROS;10;LNF LATINO;9532,1;MAI;2026;05/2026;;
MS;2701140029;MS2701140029;TAMPA - LATA 350/269/473ML - B64;TAMPA;LATA;3594240;CROWN;862617,59999999998;ABR;2026;04/2026;;
MS;2701140029;MS2701140029;TAMPA - LATA 350/269/473ML - B64;TAMPA;LATA;3594240;CROWN;862617,59999999998;MAI;2026;05/2026;;
MS;2701160009;MS2701160009;CX 12X300ML - TUBAINA S/AÇUCAR;CAIXA;TUBAINA;30000;JAUENSE;50700;MAI;2026;05/2026;;
MS;2701010117;MS2701010117;ROTULO ADESIVO TUBAINA 300ML S/ AÇUCAR;ROTULO;ADESIVO;360000;SRE ROTULOS;14392,800000000001;JUN;2026;06/2026;;
MS;2701010153;MS2701010153;ROTULO TUBAINA 2L S/ AÇUCAR;ROTULO;BOPP;100000;TRIA;5448;JUN;2026;06/2026;;
PR;2701010153;PR2701010153;ROTULO TUBAINA 2L S/ AÇUCAR;ROTULO;BOPP;200000;TRIA;10896;JUN;2026;06/2026;;
PR2;2701220001;PR22701220001;FERMENTO CERVEJEIRO FERMENTIS;CERVEJARIA;OUTROS;100;LNF LATINO;95321;MAI;2026;05/2026;;
MS;2701040003;MS2701040003;FILME TERMO ENCOLHÍVEL DE 560X006;FILME;DIVERSOS;3000;PATENA;70500;MAI;2026;05/2026;;
PA;11090086;PA11090086;TAMPA AMARELA LISA;TAMPA;PET;168000;RAVIBRAS;7840,56;JUN;2026;06/2026;;
PA;11090001;PA11090001;TAMPA LARANJA REFRIKO;TAMPA;PET;336000;RAVIBRAS;15681,12;JUN;2026;06/2026;;
PA;11090034;PA11090034;TAMPA LILAS LISA;TAMPA;PET;336000;RAVIBRAS;15681,12;JUN;2026;06/2026;;
PA;11090031;PA11090031;TAMPA VERMELHA LISA;TAMPA;PET;1512000;RAVIBRAS;70565,040000000008;JUN;2026;06/2026;;
PR;3002020007;PR3002020007;CARVÃO ATIVADO;TERRA;XAROPARIA;500;GUARAMEX;6250;JUN;2026;06/2026;;
PR2;3002020007;PR23002020007;CARVÃO ATIVADO;TERRA;XAROPARIA;300;GERAL;3750;JUN;2026;06/2026;;
MS;2701010174;MS2701010174;ROTULO TUBAINA 600ML;ROTULO;PAPEL;200000;KEOPS;5160;JUN;2026;06/2026;;
MS;2701040010;MS2701040010;SHRINK MOEMA 473ML - 400X0,06;FILME;MOEMA;2000;PATENA;29000;JUN;2026;06/2026;;
MS;2701050018;MS2701050018;EMULSAO LARANJA REFRIKO 98;EMULSAO;XAROPARIA;150;SAPORITI;4920;JUN;2026;06/2026;;
PR;2701050018;PR2701050018;EMULSAO LARANJA REFRIKO 98;EMULSAO;XAROPARIA;600;SAPORITI;19680;JUN;2026;06/2026;;
MS;2701010118;MS2701010118;ROTULO ADESIVO TUBAINA 355ML  ;ROTULO;ADESIVO;300000;SAPORATI;15285;JUN;2026;06/2026;;
MS;2701010119;MS2701010119;ROTULO BAMBOA TRADICIONAL VODKA;ROTULO;ADESIVO;300000;GRAFIMAX;23100;JUN;2026;06/2026;;
MS;2701030037;MS2701030037;TAMPA AMARELA LISA;TAMPA;PET;453600;VALGROUP;22226,400000000001;JUN;2026;06/2026;;
PR;2701030037;PR2701030037;TAMPA AMARELA LISA;TAMPA;PET;2872800;OXFORD;127695,96;JUN;2026;06/2026;;
PR;2801030013;PR2801030013;TAMPA AZUL LISA;TAMPA;PET;151200;OXFORD;6551,9496000000008;JUN;2026;06/2026;;
PR;2801030015;PR2801030015;TAMPA DOURADA LISA;TAMPA;PET;302400;OXFORD;13103,899200000002;JUN;2026;06/2026;;
PR;2701030043;PR2701030043;TAMPA LARANJA REFRIKO;TAMPA;PET;453600;OXFORD;20162,52;JUN;2026;06/2026;;
SP;2801030014;SP2801030014;TAMPA PLASTICA AZUL OMNI                             ;TAMPA;PET;1633200;GERAL;70771,455600000001;JUN;2026;06/2026;;
SP;2801030017;SP2801030017;TAMPA PLASTICA PRETA OMNI 120 COM VEDANTE;TAMPA;PET;1965600;OXFORD;85175,344800000006;JUN;2026;06/2026;;
PR;2701030049;PR2701030049;TAMPA VERDE REFRIKO;TAMPA;PET;604800;OXFORD;26883,360000000001;JUN;2026;06/2026;;
MS;2701150006;MS2701150006;VASILHAME AMBAR 300ML - LITRINHO;VASILHAME;NORMAL;203280;VIDRO PORTO;150427,20000000001;JUN;2026;06/2026;;
MS;2701150001;MS2701150001;VASILHAME GINGUALA 970ML;VASILHAME;NORMAL;126720;VIDRO PORTO;198950,39999999999;JUN;2026;06/2026;;
MS;2701150005;MS2701150005;VASILHAME SPIDER 900ML GIN/VODKA;VASILHAME;JAMES COOK;39424;VIDRO PORTO;90675,199999999997;JUN;2026;06/2026;;
PR;2701070006;PR2701070006;ACESSULFAME DE POTASSIO;EDULCORANTE;XAROPARIA;100;KONKRETA;2853;AGO;2026;08/2026;;
PR;2801120003;PR2801120003;PREMIX ENERG EMULVIT 8959 - BOMBADÃO SAPORITI -IND;CONCENT./KITs;C.ENERGETICO;100;DUAS RODAS;18000;JUN;2026;06/2026;;
PR;2701050010;PR2701050010;AROMA DE LARANJA IDENTICO AO NATURAL;AROMA;REFRIGERANTE;13,5;DUAS RODAS;1015,47;JUN;2026;06/2026;;
PR2;2701050010;PR22701050010;AROMA DE LARANJA IDENTICO AO NATURAL;AROMA;REFRIGERANTE;0;DUAS RODAS;0;JUN;2026;06/2026;;
MS;2701130007;MS2701130007;AROMA EXTRATO GUARANA REFRIKO 28;AROMA;REFRIGERANTE;350;SAPORITI;11479,999999999998;JUN;2026;06/2026;;
PR;2701130007;PR2701130007;AROMA EXTRATO GUARANA REFRIKO 28;AROMA;REFRIGERANTE;300;DUAS RODAS;9840;JUN;2026;06/2026;;
PR;2801050006;PR2801050006;AROMA FRUTAS TROPICAIS;AROMA;ENERGÉTICO;100;MONARCH;14957;JUN;2026;06/2026;;
PR;2801050027;PR2801050027;AROMA IDENTICO AO NATURAL DE PESSEGO;AROMA;NOCH DEMAIS;50;SAPORITI;2900;JUN;2026;06/2026;;
PR;2801050019;PR2801050019;AROMA IDENTICO AO NATURAL MARACUJA;AROMA;NOCH DEMAIS;50;DUAS RODAS;2710,5;JUN;2026;06/2026;;
MS;2701050017;MS2701050017;AROMA IDENTICO AO NATURAL MELANCIA;AROMA;ENERGÉTICO;100;DUAS RODAS;3717;JUN;2026;06/2026;;
PR;2801050021;PR2801050021;AROMA IDENTICO AO NATURAL MELANCIA;AROMA;ENERGÉTICO;250;DUAS RODAS;9292,5;JUN;2026;06/2026;;
MS;2701050021;MS2701050021;AROMA IDENTICO AO NATURAL MORANGO;AROMA;ENERGÉTICO;50;DUAS RODAS;3794;JUN;2026;06/2026;;
PR;2801050025;PR2801050025;AROMA IDENTICO AO NATURAL MORANGO;AROMA;ENERGÉTICO;150;DUAS RODAS;11382;JUN;2026;06/2026;;
MS;2701050011;MS2701050011;AROMA LIMAO REFRIKO 41;AROMA;REFRIGERANTE;50;SAPORITI;2400;JUN;2026;06/2026;;
PR;2701050011;PR2701050011;AROMA LIMAO REFRIKO 41;AROMA;REFRIGERANTE;100;SAPORITI;4800;JUN;2026;06/2026;;
MS;2701050013;MS2701050013;AROMA MAÇA VERDE COD;AROMA;ENERGÉTICO;75;DUAS RODAS;3483,75;JUN;2026;06/2026;;
PR;2801050015;PR2801050015;AROMA MAÇA VERDE COD;AROMA;ENERGÉTICO;100;DUAS RODAS;4645;JUN;2026;06/2026;;
MS;2701050019;MS2701050019;AROMA MELAO ;AROMA;ENERGÉTICO;100;DUAS RODAS;5897;JUN;2026;06/2026;;
PR;2801050023;PR2801050023;AROMA MELAO;AROMA;ENERGÉTICO;100;DUAS RODAS;5897;JUN;2026;06/2026;;
MS;2701050028;MS2701050028;AROMA NATURAL PARA VODKA ;AROMA;VODKA;300;DUAS RODAS;7764;JUN;2026;06/2026;;
MS;2701050027;MS2701050027;AROMA UVA REFRIKO 84;AROMA;REFRIGERANTE;100;SAPORITI;2800;JUN;2026;06/2026;;
PR;2701050027;PR2701050027;AROMA UVA REFRIKO 84;AROMA;REFRIGERANTE;100;SAPORITI;2800;JUN;2026;06/2026;;
MS;2701240002;MS2701240002;CANTONEIRA DE PAPELAO 110x110x1580;CANTONEIRA;CANTONEIRA;5000;SAO JOSE C.;8100,0000000000009;JUN;2026;06/2026;;
MS;2701050022;MS2701050022;CONCENTRADO DE GUARANA IAB 7205;AROMA;REFRIGERANTE;1100;INTERAMERICA;28457;JUN;2026;06/2026;;
PR;2701050022;PR2701050022;CONCENTRADO DE GUARANA IAB 7205;AROMA;REFRIGERANTE;900;INTERAMERICA;24453;JUN;2026;06/2026;;
PA;11070041;PA11070041;PREFORMA PET 200 ML CRISTAL 12 G;PREFORMA;PET 200 PA;585000;CRISTALPET;93015;JUN;2026;06/2026;;
MS;2701130006;MS2701130006;EXTRATO DE GUARANA 200% DUAS RODAS;AROMA;ENERG./DELÍR.;50;DUAS RODAS;2496,5;JUN;2026;06/2026;;
PR;2701130006;PR2701130006;EXTRATO DE GUARANA 200% DUAS RODAS;AROMA;ENERG./DELÍR.;220;DUAS RODAS;10984,6;JUN;2026;06/2026;;
MS;2701010172;MS2701010172;ROTULO REFRIKO LARANJA DQI1% 600 ML;ROTULO;PAPEL;200000;KEOPS;5160;JUN;2026;06/2026;;
MS;2701160013;MS2701160013;CAIXA TUBAÍNA 12X355ML;CAIXA;TUBAINA;20000;CARTONAGEM;39400;JUN;2026;06/2026;;
MS;2701090003;MS2701090003;ACIDO LACTICO - IBC;CERVEJARIA;OUTROS;1000;KALIUM;10410;JUN;2026;06/2026;;
PR2;2701090003;PR22701090003;ACIDO LACTICO - IBC;CERVEJARIA;OUTROS;1000;KALIUM;10410;JUN;2026;06/2026;;
PR2;2701210005;PR22701210005;ALGINATO DE PROPILENO GLICOL;CERVEJARIA;OUTROS;150;PROZYN ;42568,5;JUN;2026;06/2026;;
PR2;2701090005;PR22701090005;ANTIOXIDANTE;CERVEJARIA;OUTROS;200;AEB;5988;JUN;2026;06/2026;;
MS;2701250001;MS2701250001;CLORETO DE CALCIO - IBC;CERVEJARIA;OUTROS;1000;BELA VISTA ;4070,0000000000005;JUN;2026;06/2026;;
PR2;2701250001;PR22701250001;CLORETO DE CALCIO - IBC;CERVEJARIA;OUTROS;1000;BELA VISTA ;4070,0000000000005;JUN;2026;06/2026;;
PR;2701070006;PR2701070006;ACESSULFAME DE POTASSIO;EDULCORANTE;XAROPARIA;100;GERAL;2853;SET;2026;09/2026;;
PR2;2701210004;PR22701210004;ENZIMA ULTRA FLOW;CERVEJARIA;OUTROS;120;PROZYN ;9163,2000000000007;JUN;2026;06/2026;;
PR;2701010160;PR2701010160;ROTULO TERNURA LARANJA S/ SUCO 2L;ROTULO;BOPP;200000;ELLOPRINT;7099,9999999999991;JUN;2026;06/2026;;
MS;2701040011;MS2701040011;SHRINK MOEMA 350ML - 390X0,06;FILME;MOEMA;5000;PATENA;157550;JUN;2026;06/2026;;
MS;2701030041;MS2701030041;TAMPA AZUL BAMBOA (VODKA BAMBOA);TAMPA;VIDRO NAC;400000;BRASTAMPAS;120000;JUN;2026;06/2026;;
MS;3002020010;MS3002020010;TERRA CELITE DIATOMITA 2500/535;TERRA;CERVEJARIA;1021,5;VENETO ;8989,2000000000007;JUN;2026;06/2026;;
MS;3002020009;MS3002020009;TERRA CELITE DIATOMITA SPEEDFLOW/STANDARD (VERMELHO);TERRA;CERVEJARIA;1384,7;VENETO ;12185,36;JUN;2026;06/2026;;
MS;3002020011;MS3002020011;TERRA DIATOMITA 341/HYFLOW (AZUL);TERRA;XAROPARIA;249,7;VENETO ;2197,36;JUN;2026;06/2026;;
PR2;2701070006;PR22701070006;ACESSULFAME DE POTASSIO;EDULCORANTE;XAROPARIA;50;GERAL;1426,5;SET;2026;09/2026;;
MS;2701090004;MS2701090004;ACIDO TARTARICO ;ACID.E CONSERV.;NOCH/TON/BEL;100;MCASSAB;3550;JUL;2026;07/2026;;
PA;10020012;PA10020012;AROMA DE GUARANA 31835 ADM;AROMA;REFRIGERANTE;350;YERBALATINA;42070;JUL;2026;07/2026;;
PA;10020011;PA10020011;AROMA NATURAL MOUTHFEEL FASV259 ADM;AROMA;REFRIGERANTE;300;ADM;47256;JUL;2026;07/2026;;
MS;2701100002;MS2701100002;BENZOATO DE SODIO;ACID.E CONSERV.;REF/ENER/NOCH/TON;1000;GERAL;12100;JUL;2026;07/2026;;
MS;2701090002;MS2701090002;ACIDO CITRICO;ACID.E CONSERV.;REF/ENER/ROM/DEL;13750;PRIMARY;123062,49999999999;JUL;2026;07/2026;;
PR;2701060010;PR2701060010;CORANTE AMARANTO;CORANTE;REFRIGERANTE;25;SAPORITI;2137,5;JUL;2026;07/2026;;
MS;2701060007;MS2701060007;CORANTE CARAMELO CLASE IV DPC;CORANTE;REFRIGERANTE;1000;SAPORITI;7500;JUL;2026;07/2026;;
PR;2701060007;PR2701060007;CORANTE CARAMELO CLASE IV DPC;CORANTE;REFRIGERANTE;200;SAPORITI;1500;JUL;2026;07/2026;;
MS;2701050020;MS2701050020;EMULSÃO COLA E-0388 ADM (NOVO);EMULSAO;XAROPARIA;100;ADM;38451;JUL;2026;07/2026;;
PR2;2701050020;PR22701050020;EMULSÃO COLA E-0388 ADM (NOVO);EMULSAO;XAROPARIA;50;ADM;19225,5;JUL;2026;07/2026;;
PA;10090291;PA10090291;EXTRATO DE GUARANA 200% DUAS RODAS;AROMA;REFRIGERANTE;200;DUAS RODAS;9574;JUL;2026;07/2026;;
MS;2701050023;MS2701050023;PREP ACIDO COLA ;CONCENT./KITs;KIT COLA;350;SAPORITI;8750;JUL;2026;07/2026;;
SP;2801010063;SP2801010063;ROTULO BOPP AGUA C/ GAS HIDRATAR 500ML                   ;ROTULO;BOPP;3000000;GERAL;31680;JUL;2026;07/2026;;
PR;2801010069;PR2801010069;ROTULO CACHACA CAIDEIRA 450ML;ROTULO;BOPP;200000;ELLOFLEX;3139,9999999999995;JUL;2026;07/2026;;
PR;2701090002;PR2701090002;ACIDO CITRICO;ACID.E CONSERV.;REF/ENER/ROM/DEL;8750;GERAL;78312,5;SET;2026;09/2026;;
PR;2701090002;PR2701090002;ACIDO CITRICO;ACID.E CONSERV.;REF/ENER/ROM/DEL;5000;GERAL;44750;SET;2026;09/2026;;
PR2;2701090003;PR22701090003;ACIDO LACTICO - IBC;CERVEJARIA;OUTROS;1000;KALIUM;10410;JUL;2026;07/2026;;
PA;10090100;PA10090100;ASPARTAME;EDULCORANTE;XAROPARIA;120;GERAL;8446,7999999999993;JUL;2026;07/2026;;
PA;10100024;PA10100024;CICLAMATO DE SÓDIO ;EDULCORANTE;XAROPARIA;250;PARKER;4967,5;JUL;2026;07/2026;;
PA;10090295;PA10090295;CONCENTRADO COLA IAB 7729 (NOVO);CONCENT./KITs;KIT COLA;3500;INTERAMERICA;78365;JUL;2026;07/2026;;
PA;12030001;PA12030001;FILME STRETCH POLIETILENO 500X0023;FILME;STRETCH;1000;E.P.A;9800;JUL;2026;07/2026;;
PA;11040793;PA11040793;FILME TERMO - 480X0,06;FILME;REFRI;5500;EPA;56925;JUL;2026;07/2026;;
PA;11040007;PA11040007;FILME TERMO ENCOLHIVEL 420 X 0,06;FILME;REFR/ENERG.;3000;E.P.A;31050;JUL;2026;07/2026;;
PA;11080249;PA11080249;RÓTULO MICOS LARANJA 2,5L;ROTULO;BOPP-PA;400000;ELLOFLEX;13580;JUL;2026;07/2026;;
MS;2701090003;MS2701090003;ACIDO LACTICO - IBC;CERVEJARIA;OUTROS;1000;KALIUM;10410;AGO;2026;08/2026;;
PR2;2701090003;PR22701090003;ACIDO LACTICO - IBC;CERVEJARIA;OUTROS;1500;KALIUM;15615;SET;2026;09/2026;;
MS;2701080001;MS2701080001;ACUCAR CRISTAL;AÇUCAR;XAROPARIA;156000;GERAL;287040;JUL;2026;07/2026;;
PR2;2701080001;PR22701080001;ACUCAR CRISTAL;AÇUCAR;XAROPARIA;204000;GERAL;375360;JUL;2026;07/2026;;
PR;2701080001;PR2701080001;ACUCAR CRISTAL;AÇUCAR;XAROPARIA;262800;COOPERATIVA;483552;JUL;2026;07/2026;;
PA;10020003;PA10020003;AROMA FRUTAS TROPICAIS;AROMA;ENERGÉTICO;20;MONARCH;2750;JUL;2026;07/2026;;
PA;10020010;PA10020010;AROMA IDENTICO AO NATURAL MELANCIA;AROMA;ENERGÉTICO;100;DUAS RODAS;3679,9999999999995;JUL;2026;07/2026;;
PA;10020004;PA10020004;AROMA IDENTICO AO NATURAL MORANGO;AROMA;ENERGÉTICO;25;DUAS RODAS;1819,25;JUL;2026;07/2026;;
PA;10020007;PA10020007;AROMA MELAO ;AROMA;ENERGÉTICO;68;DUAS RODAS;3922,24;JUL;2026;07/2026;;
PA;10020009;PA10020009;AROMA UVA REFRIKO 84;AROMA;REFRIGERANTE;550;SAPORITI;12925;JUL;2026;07/2026;;
PR2;2701080001;PR22701080001;ACUCAR CRISTAL;AÇUCAR;XAROPARIA;187200;GERAL;344448;JUL;2026;07/2026;;
MS;2701080001;MS2701080001;ACUCAR CRISTAL;AÇUCAR;XAROPARIA;156000;SONORA;287040;AGO;2026;08/2026;;
PR;2701080001;PR2701080001;ACUCAR CRISTAL;AÇUCAR;XAROPARIA;207600;GERAL;381984;AGO;2026;08/2026;;
PR2;2701080001;PR22701080001;ACUCAR CRISTAL;AÇUCAR;XAROPARIA;61200;GERAL;112608;AGO;2026;08/2026;;
PA;10090274;PA10090274;CONCENTRADO BEBIDAS ENERGETICA;AROMA;KIT ENERGÉTICO;1000;WILD;164724,75626740951;JUL;2026;07/2026;;
MS;2701010089;MS2701010089;GARGALO MOEMA 1LT/600ML;ROTULO;PAPEL;200000;KEOPS;3400,0000000000005;JUL;2026;07/2026;;
PR;2801010091;PR2801010091;ROT SLEE NOCH MARACUJA 270ML;ROTULO;SLEEVE;150000;ALL4LABELL;18000;JUL;2026;07/2026;;
MS;2701010116;MS2701010116;ROTULO ADESIVO TUBAINA 300ML;ROTULO;ADESIVO;250000;SRE ROTULOS;9995;AGO;2026;08/2026;;
PR;2801010099;PR2801010099;ROTULO FURIOSO 250ML;ROTULO;SLEEVE;1200000;CCL;60452,399999999994;JUL;2026;07/2026;;
PR;2801010100;PR2801010100;ROTULO FURIOSO 2L;ROTULO;SLEEVE;300000;CCL;61860;JUL;2026;07/2026;;
PR2;2701010149;PR22701010149;ROTULO REFRIKO TUBAÍNA 200 ML ;ROTULO;BOPP;0;TRIA;0;AGO;2026;08/2026;;
PR2;2801010078;PR22801010078;ROTULO REFRIKO TUBAÍNA 200 ML ;ROTULO;BOPP;0;TRIA;0;AGO;2026;08/2026;;
PR2;2701010137;PR22701010137;ROTULO GUARANA REDUZIDO 200 ML ;ROTULO;BOPP;0;TRIA;0;AGO;2026;08/2026;;
PR2;2801010072;PR22801010072;ROTULO GUARANA REDUZIDO 200 ML ;ROTULO;BOPP;0;TRIA;0;AGO;2026;08/2026;;
PR;2701010138;PR2701010138;ROTULO GUARANA 2L;ROTULO;BOPP;300000;MABFLEX;10649,999999999998;JUL;2026;07/2026;;
PA;11080241;PA11080241;RÓTULO MICOS COLA 2,5L;ROTULO;BOPP-PA;400000;ELLOFLEX;13580;JUL;2026;07/2026;;
PA;11080246;PA11080246;RÓTULO MICOS GUARANÁ 200ML;ROTULO;BOPP-PA;400000;ELLOFLEX;2360;JUL;2026;07/2026;;
PA;11080254;PA11080254;RÓTULO MICOS UVA 200ML;ROTULO;BOPP-PA;400000;ELLOFLEX;2360;JUL;2026;07/2026;;
PA;11080244;PA11080244;ROTULO MICOS COLA 500ML;ROTULO;BOPP-PA;300000;ELLOFLEX;10119,000000000002;JUL;2026;07/2026;;
PA;11080243;PA11080243;ROTULO MICOS COLA 2L;ROTULO;BOPP-PA;400000;ELLOFLEX;16652;JUL;2026;07/2026;;
PA;11080253;PA11080253;RÓTULO MICOS UVA 2,5L;ROTULO;BOPP-PA;400000;ELLOFLEX;13580;JUL;2026;07/2026;;
PR;2701010156;PR2701010156;ROTULO BOPP REFRISHOW GUARANA 2 L;ROTULO;BOPP;400000;ELLOPRINT;14199,999999999998;JUL;2026;07/2026;;
PR;2701010158;PR2701010158;ROTULO REFRISHOW LARANJA S/ SUCO 2L;ROTULO;BOPP;250000;ELLOPRINT;8875;JUL;2026;07/2026;;
PR;2701010161;PR2701010161;ROTULO TERNURA TUBAINA 2L;ROTULO;BOPP;250000;ELLOFLEX;8875;JUL;2026;07/2026;;
MS;2701010163;MS2701010163;ROTULO TUBA JUJUBA 2L;ROTULO;BOPP;300000;ELLOFLEX;10649,999999999998;JUL;2026;07/2026;;
PR2;2701210005;PR22701210005;ALGINATO DE PROPILENO GLICOL;CERVEJARIA;OUTROS;200;PROZYN ;56758,000000000007;JUL;2026;07/2026;;
MS;2701090005;MS2701090005;ANTIOXIDANTE;CERVEJARIA;OUTROS;100;AEB;3022;JUL;2026;07/2026;;
PR2;2701090005;PR22701090005;ANTIOXIDANTE;CERVEJARIA;OUTROS;150;AEB;4491;JUL;2026;07/2026;;
MS;2701090005;MS2701090005;ANTIOXIDANTE;CERVEJARIA;OUTROS;0;GERAL;0;AGO;2026;08/2026;;
PR;2701050035;PR2701050035;AROMA ARTIFICIAL GUARANA IFB (PED. KOMPLETO);AROMA;REFRIGERANTE;800;IFB;18200;JUL;2026;07/2026;;
PR;2701050010;PR2701050010;AROMA DE LARANJA IDENTICO AO NATURAL;AROMA;REFRIGERANTE;30;DUAS RODAS;2256,6;AGO;2026;08/2026;;
MS;2701130007;MS2701130007;AROMA EXTRATO GUARANA REFRIKO 28;AROMA;REFRIGERANTE;300;GERAL;9840;SET;2026;09/2026;;
PR;2701130007;PR2701130007;AROMA EXTRATO GUARANA REFRIKO 28;AROMA;REFRIGERANTE;650;SAPORITI;21319,999999999996;AGO;2026;08/2026;;
PR2;2701130007;PR22701130007;AROMA EXTRATO GUARANA REFRIKO 28;AROMA;REFRIGERANTE;0;GERAL;0;AGO;2026;08/2026;;
PR;2801050039;PR2801050039;AROMA ID. AO NATURAL DE UVA VERDE SAPORITI;AROMA;ENERGÉTICO;100;GERAL;10800;AGO;2026;08/2026;;
MS;2701050042;MS2701050042;AROMA IDENTICO AO NATURAL CITRUS BRANCO RAI;AROMA;ENERGÉTICO;50;RAI INGREDIENTES;3219;JUL;2026;07/2026;;
MS;2701050026;MS2701050026;AROMA IDENTICO AO NATURAL DE PESSEGO;AROMA;NOCH DEMAIS;100;GERAL;5800;SET;2026;09/2026;;
MS;2701050017;MS2701050017;AROMA IDENTICO AO NATURAL MELANCIA;AROMA;ENERGÉTICO;100;DUAS RODAS;3717;AGO;2026;08/2026;;
PR;2801050021;PR2801050021;AROMA IDENTICO AO NATURAL MELANCIA;AROMA;ENERGÉTICO;300;GERAL;11151;AGO;2026;08/2026;;
MS;2701050021;MS2701050021;AROMA IDENTICO AO NATURAL MORANGO;AROMA;ENERGÉTICO;50;DUAS RODAS;3794;AGO;2026;08/2026;;
PR;2801050025;PR2801050025;AROMA IDENTICO AO NATURAL MORANGO;AROMA;ENERGÉTICO;150;GERAL;11382;AGO;2026;08/2026;;
MS;2701050039;MS2701050039;AROMA IDENTICO AO NATURAL PESSEGO MATRIX;AROMA;ENERGÉTICO;200;MATRIX;21780;JUL;2026;07/2026;;
PR;2701050011;PR2701050011;AROMA LIMAO REFRIKO 41;AROMA;REFRIGERANTE;150;SAPORITI;7200;JUL;2026;07/2026;;
PA;10010001;PA10010001;ACUCAR CRISTAL;AÇUCAR;XAROPARIA;200000;CERTANO;455584;JUL;2026;07/2026;;
PR;2701050011;PR2701050011;AROMA LIMAO REFRIKO 41;AROMA;REFRIGERANTE;150;SAPORITI;7200;AGO;2026;08/2026;;
PR2;2701050011;PR22701050011;AROMA LIMAO REFRIKO 41;AROMA;REFRIGERANTE;100;GERAL;4800;AGO;2026;08/2026;;
SP;2801010068;SP2801010068;ROTULO BOPP AGUA S/ GAS HIDRATAR 500ML                   ;ROTULO;BOPP;3000000;GERAL;31680;JUL;2026;07/2026;;
PR;2701010144;PR2701010144;ROTULO REFRIKO LARANJA DQI1% 2L;ROTULO;BOPP;300000;MABFLEX;10649,999999999998;JUL;2026;07/2026;;
PR;2701010150;PR2701010150;ROTULO TUBAINA 2L;ROTULO;BOPP;300000;MABFLEX;10649,999999999998;JUL;2026;07/2026;;
PR;2701020097;PR2701020097;PREFORMA PET 200 ML VERDE 12 g ;PREFORMA;REFRIKO 200ML;743904;ENGEPACK;147254,30899200001;JUN;2026;06/2026;;
PR;2801020053;PR2801020053;PREFORMA PET 200 ML VERDE 12 g;PREFORMA;REFRIKO 200ML;220416;ENGEPACK;43630,906368000004;JUN;2026;06/2026;;
PA;11070048;PA11070048;PREFORMA PET 200 ML VERDE 12 G;PREFORMA;PET 200 PA;351000;CRISTALPET;55809;JUN;2026;06/2026;;
PA;11070046;PA11070046;PREFORMA 18 ou 20,6G CRISTAL;PREFORMA;PET 500 PA;138096;CRISTALPET;32590,655999999999;JUN;2026;06/2026;;
PR;2701020085;PR2701020085;PREFORMA 15G CRISTAL;PREFORMA;CAIDEIRA;355104;ENGEPACK;78595,168319999997;JUN;2026;06/2026;;
SP;2801020042;SP2801020042;PREFORMA 15G CRISTAL;PREFORMA;PET 500 PA;1085040;ENVASES;240151,9032;JUN;2026;06/2026;;
PR;2701020115;PR2701020115;PREFORMA 18 A 20G VERDE 500 ML ;PREFORMA;REFRIKO 500ML;157824;ENGEPACK;32196,095999999998;JUN;2026;06/2026;;
PR;2801020057;PR2801020057;PREFORMA 18 A 20G VERDE 500 ML;PREFORMA;REFRIKO 500ML;98640;GERAL;20122,559999999998;JUN;2026;06/2026;;
PA;11070047;PA11070047;PREFORMA 18 ou 20,6G VERDE;PREFORMA;PET 500 PA;98640;CRISTALPET;23279,039999999997;JUN;2026;06/2026;;
PA;11070012;PA11070012;PREFORMA 46,0G CRISTAL OU 45,7 G;PREFORMA;PET 2L PA;292320;BRASPET;143236,79999999999;JUN;2026;06/2026;;
PR;2701020055;PR2701020055;PREFORMA 18G CRISTAL;PREFORMA;FURIOSO 250ML;2187360;GERAL;561364,07039999997;JUN;2026;06/2026;;
SP;2801020041;SP2801020041;PREFORMA 18G CRISTAL 500 ML;PREFORMA;PET 500 PA;1814976;ENVASES;465795,44063999999;JUN;2026;06/2026;;
SP;2801020032;SP2801020032;PREFORMA 31,7G CRISTAL;PREFORMA;ÁGUA 1,5L;91872;GERAL;38197,621439999995;JUN;2026;06/2026;;
MS;2701020059;MS2701020059;PREFORMA 41 G CRISTAL;PREFORMA;REFRIKO 2L;141984;CRISTALPET;78843,715200000006;JUN;2026;06/2026;;
PR;2701020059;PR2701020059;PREFORMA 41G CRISTAL;PREFORMA;REFRIKO 2L;288768;GERAL;150505,88159999999;JUN;2026;06/2026;;
MS;2701020102;MS2701020102;PREFORMA 41 G VERDE;PREFORMA;REFRIKO 2L;292320;CRISTALPET;117308,016;JUN;2026;06/2026;;
PR;2701020102;PR2701020102;PREFORMA 41G VERDE;PREFORMA;REFRIKO 2L;947520;CRISTALPET;493847,424;JUN;2026;06/2026;;
PA;11070013;PA11070013;PREFORMA 46,0G VERDE OU 45,7 G;PREFORMA;PET 2L PA;141984;BRASPET;69572,160000000003;JUN;2026;06/2026;;
PA;11070032;PA11070032;PREFORMA 48GR CRISTAL OU 50,7 G;PREFORMA;PET 2,5L PA;761600;AMCOR;379276,79999999999;JUN;2026;06/2026;;
MS;2701020050;MS2701020050;PREFORMA 48G CRISTAL (COMPRAR 50 G);PREFORMA;PET 2,5L PA;39840;BRASPET;25656,959999999999;JUN;2026;06/2026;;
PA;11070033;PA11070033;PREFORMA 48GR VERDE OU 50,7 G;PREFORMA;PET 2,5L PA;250880;AMCOR;124938,24000000001;JUN;2026;06/2026;;
PA;10090017;PA10090017;EMULSAO LARANJA REFRIKO 98;EMULSAO;XAROPARIA;550;SAPORITI;19800;JUN;2026;06/2026;;
MS;2701020081;MS2701020081;PREFORMA 54,4GR CRISTAL SHORT;PREFORMA;REFRIKO 3L;38880;BRASPET;21742,473600000001;JUN;2026;06/2026;;
MS;2701020109;MS2701020109;PREFORMA 54,4GR VERDE SHORT;PREFORMA;REFRIKO 3L;108864;BRASPET;60878,926080000005;JUN;2026;06/2026;;
MS;2701020075;MS2701020075;PREFORMA PET 46,7GR CRISTAL;PREFORMA;FURIOSO 2L;233856;BRASPET;138910,46400000001;JUN;2026;06/2026;;
PR;2701020075;PR2701020075;PREFORMA PET 46,7GR CRISTAL ;PREFORMA;FURIOSO 2L;478464;GERAL;328938,258432;JUN;2026;06/2026;;
MS;2701210004;MS2701210004;ENZIMA ULTRA FLOW;CERVEJARIA;OUTROS;150;PROZYN ;11454;JUN;2026;06/2026;;
PR;2801170001;PR2801170001;AGUARDENTE DE CANA CACHACA LT;CACHAÇA;TANQUE;79970;COOP ;180732,19999999998;JUN;2026;06/2026;;
MS;2701170002;MS2701170002;ETANOL NEUTRO ALCOOL ETILICO POT 96º-IND;ETANOL;TANQUE;46076;GERAL;206144,024;JUN;2026;06/2026;;
MS;2701170002;MS2701170002;ETANOL NEUTRO ALCOOL ETILICO POT 96º-IND;ETANOL;TANQUE;45990;GERAL;205759,26;JUN;2026;06/2026;;
PR;2701010143;PR2701010143;ROTULO REFRIKO LARANJA DQI1% 200 ML ;ROTULO;BOPP;800000;TRIA;6400;JUN;2026;06/2026;;
PR;2701010149;PR2701010149;ROTULO REFRIKO TUBAÍNA 200 ML ;ROTULO;BOPP;1200000;TRIA;9600;JUN;2026;06/2026;;
MS;2701150004;MS2701150004;VASILHAME OW 600ML (BELLA ROMA);VASILHAME;NORMAL;56700;VIDRO PORTO;64070,999999999993;JUN;2026;06/2026;;
MS;2701170003;MS2701170003;VINHO DE MESA TINTO SECO GRANEL;VINHO;TANQUE;168000; GAZZI;705600;JUN;2026;06/2026;;
MS;2701140029;MS2701140029;TAMPA - LATA 350/269/473ML - B64;TAMPA;LATA;3594240;CROWN;862617,59999999998;JUN;2026;06/2026;;
MS;2701050013;MS2701050013;AROMA MAÇA VERDE COD;AROMA;ENERGÉTICO;100;GERAL;4645;SET;2026;09/2026;;
PR;2801050015;PR2801050015;AROMA MAÇA VERDE COD;AROMA;ENERGÉTICO;100;GERAL;4645;AGO;2026;08/2026;;
MS;2701050019;MS2701050019;AROMA MELAO ;AROMA;ENERGÉTICO;100;DUAS RODAS;5897;AGO;2026;08/2026;;
PR;2801050023;PR2801050023;AROMA MELAO;AROMA;ENERGÉTICO;150;DUAS RODAS;8845,5;JUL;2026;07/2026;;
MS;2701080001;MS2701080001;ACUCAR CRISTAL;AÇUCAR;XAROPARIA;150000;GERAL;276000;JUN;2026;06/2026;;
PR;2701080001;PR2701080001;ACUCAR CRISTAL;AÇUCAR;XAROPARIA;92400;GERAL;170016;JUN;2026;06/2026;;
PR2;2701080001;PR22701080001;ACUCAR CRISTAL;AÇUCAR;XAROPARIA;172800;GERAL;317952;JUN;2026;06/2026;;
PR;2801050023;PR2801050023;AROMA MELAO;AROMA;ENERGÉTICO;150;GERAL;8845,5;AGO;2026;08/2026;;
PR;2801050004;PR2801050004;AROMA NATURA DE CITRUS RB 25395;AROMA;ENERGÉTICO;36;GERAL;3780;AGO;2026;08/2026;;
PR2;2701050001;PR22701050001;AROMA NATURAL MOUTHFEEL FASV259 ADM;AROMA;REFRIGERANTE;200;GERAL;33080;MAI;2026;05/2026;;
PR;2701050001;PR2701050001;AROMA NATURAL MOUTHFEEL FASV259 ADM;AROMA;REFRIGERANTE;100;ADM;16540;JUN;2026;06/2026;;
PR;2701050001;PR2701050001;AROMA NATURAL MOUTHFEEL FASV259 ADM;AROMA;REFRIGERANTE;100;ADM;16540;JUL;2026;07/2026;;
PR2;2701050001;PR22701050001;AROMA NATURAL MOUTHFEEL FASV259 ADM;AROMA;REFRIGERANTE;100;ADM;16540;JUL;2026;07/2026;;
MS;2701050001;MS2701050001;AROMA NATURAL MOUTHFEEL FASV259 ADM;AROMA;REFRIGERANTE;100;ADM;16540;AGO;2026;08/2026;;
PR;2701050001;PR2701050001;AROMA NATURAL MOUTHFEEL FASV259 ADM;AROMA;REFRIGERANTE;100;ADM;16540;AGO;2026;08/2026;;
PR;2701050001;PR2701050001;AROMA NATURAL MOUTHFEEL FASV259 ADM;AROMA;REFRIGERANTE;0;GERAL;0;SET;2026;09/2026;;
PR2;2701050001;PR22701050001;AROMA NATURAL MOUTHFEEL FASV259 ADM;AROMA;REFRIGERANTE;0;GERAL;0;SET;2026;09/2026;;
MS;2701050044;MS2701050044;AROMA NATURAL NOTA MADURA IMCD;AROMA;ENERGÉTICO;25;IMCD;5379;JUL;2026;07/2026;;
MS;2701050028;MS2701050028;AROMA NATURAL PARA VODKA ;AROMA;VODKA;150;DUAS RODAS;3882;JUL;2026;07/2026;;
MS;2701050028;MS2701050028;AROMA NATURAL PARA VODKA ;AROMA;VODKA;150;GERAL;3882;SET;2026;09/2026;;
MS;2701050043;MS2701050043;AROMA NATURAL TURVO NEUTRO MATRIX;AROMA;ENERGÉTICO;80;MATRIX;7080;JUL;2026;07/2026;;
PR;2701020097;PR2701020097;PREFORMA PET 200 ML VERDE 12 g ;PREFORMA;REFRIKO 200ML;1432704;ENGEPACK;283600,89139200002;JUN;2026;06/2026;;
PA;10090273;PA10090273;ACESSULFAME DE POTASSIO;EDULCORANTE;XAROPARIA;100;GERAL;3490;SET;2026;09/2026;;
PA;10090100;PA10090100;ASPARTAME;EDULCORANTE;XAROPARIA;100;GERAL;7039;AGO;2026;08/2026;;
PA;10090100;PA10090100;ASPARTAME;EDULCORANTE;XAROPARIA;100;GERAL;7039;SET;2026;09/2026;;
PA;10090071;PA10090071;SUCRALOSE;EDULCORANTE;XAROPARIA;100;GERAL;11406;AGO;2026;08/2026;;
PA;10090071;PA10090071;SUCRALOSE;EDULCORANTE;XAROPARIA;150;GERAL;17109;SET;2026;09/2026;;
PR;2701050027;PR2701050027;AROMA UVA REFRIKO 84;AROMA;REFRIGERANTE;150;SAPORITI;4200;JUL;2026;07/2026;;
MS;2701050027;MS2701050027;AROMA UVA REFRIKO 84;AROMA;REFRIGERANTE;50;GERAL;1400;SET;2026;09/2026;;
PR;2701050027;PR2701050027;AROMA UVA REFRIKO 84;AROMA;REFRIGERANTE;300;SAPORITI;8400;AGO;2026;08/2026;;
PR2;2701070005;PR22701070005;ASPARTAME;EDULCORANTE;XAROPARIA;100;GERAL;6126;JUL;2026;07/2026;;
MS;2701070005;MS2701070005;ASPARTAME;EDULCORANTE;XAROPARIA;100;BUSCHLE;6126;JUL;2026;07/2026;;
MS;2701070005;MS2701070005;ASPARTAME;EDULCORANTE;XAROPARIA;50;GERAL;3063;SET;2026;09/2026;;
PR;2701070005;PR2701070005;ASPARTAME;EDULCORANTE;XAROPARIA;50;BUSCHLE;3063;JUL;2026;07/2026;;
PR2;2701070005;PR22701070005;ASPARTAME;EDULCORANTE;XAROPARIA;100;BUSCHLE;6126;AGO;2026;08/2026;;
PR;2701070005;PR2701070005;ASPARTAME;EDULCORANTE;XAROPARIA;50;GERAL;3063;SET;2026;09/2026;;
PR2;2701070005;PR22701070005;ASPARTAME;EDULCORANTE;XAROPARIA;0;GERAL;0;SET;2026;09/2026;;
MS;2701100002;MS2701100002;BENZOATO DE SODIO;ACID.E CONSERV.;REF/ENER/NOCH/TON;1000;PARKER;12100;AGO;2026;08/2026;;
PR;2701100002;PR2701100002;BENZOATO DE SODIO;ACID.E CONSERV.;REF/ENER/NOCH/TON;1500;BIO CHEMICALS;18150;JUL;2026;07/2026;;
PR;2701030043;PR2701030043;TAMPA LARANJA REFRIKO;TAMPA;PET;1663200;OXFORD PACKAGING;73929,240000000005;JUL;2026;07/2026;;
PR;2701100002;PR2701100002;BENZOATO DE SODIO;ACID.E CONSERV.;REF/ENER/NOCH/TON;1400;GERAL;16940;AGO;2026;08/2026;;
PR2;2701100002;PR22701100002;BENZOATO DE SODIO;ACID.E CONSERV.;REF/ENER/NOCH/TON;1200;DAXIA;14520;JUL;2026;07/2026;;
PR;2701100002;PR2701100002;BENZOATO DE SODIO;ACID.E CONSERV.;REF/ENER/NOCH/TON;1200;GERAL;14520;SET;2026;09/2026;;
PR2;2701100002;PR22701100002;BENZOATO DE SODIO;ACID.E CONSERV.;REF/ENER/NOCH/TON;1250;DAXIA;15125;JUL;2026;07/2026;;
PR2;2701100002;PR22701100002;BENZOATO DE SODIO;ACID.E CONSERV.;REF/ENER/NOCH/TON;1500;GERAL;18150;SET;2026;09/2026;;
MS;2701100002;MS2701100002;BENZOATO DE SODIO;ACID.E CONSERV.;REF/ENER/NOCH/TON;1000;GERAL;12100;SET;2026;09/2026;;
PR2;2701100002;PR22701100002;BENZOATO DE SODIO;ACID.E CONSERV.;REF/ENER/NOCH/TON;2000;GERAL;24200;OUT;2026;10/2026;;
MS;2701160013;MS2701160013;CAIXA TUBAÍNA 12X355ML;CAIXA;TUBAINA;20000;GERAL;39400;OUT;2026;10/2026;;
PR2;2701240004;PR22701240004;CHAPA SEM IMPRESSAO 1000X1200 (NOVA);SEPARADOR DE CAMADAS;CHAPA;41000;GERAL;48790;JUL;2026;07/2026;;
PA;10100012;PA10100012;BENZOATO DE SODIO;ACID.E CONSERV.;REF/ENER/NOCH/TON;1000;STAR;10352;JUL;2026;07/2026;;
PA;10100006;PA10100006;CITRATO DE SODIO;ACID.E CONSERV.;ENERG/DELIRIO;100;KONKRETA;1037;JUL;2026;07/2026;;
MS;2701240004;MS2701240004;CHAPA SEM IMPRESSAO 1000X1200 (NOVA);SEPARADOR DE CAMADAS;CHAPA;41000;CPEL;51250;JUL;2026;07/2026;;
MS;2701240004;MS2701240004;CHAPA SEM IMPRESSAO 1000X1200 (NOVA);SEPARADOR DE CAMADAS;CHAPA;40000;GERAL;50000;JUL;2026;07/2026;;
PR2;2701240004;PR22701240004;CHAPA SEM IMPRESSAO 1000X1200 (NOVA);SEPARADOR DE CAMADAS;CHAPA;41000;GERAL;48790;SET;2026;09/2026;;
MS;2701070004;MS2701070004;CICLAMATO DE SÓDIO ;EDULCORANTE;XAROPARIA;200;PARKER;2836;JUL;2026;07/2026;;
PA;10090017;PA10090017;EMULSAO LARANJA REFRIKO 98;EMULSAO;XAROPARIA;500;SAPORITI;18000;JUL;2026;07/2026;;
PR;2701070004;PR2701070004;CICLAMATO DE SÓDIO ;EDULCORANTE;XAROPARIA;200;PARKER;2836;JUL;2026;07/2026;;
PR2;2701070004;PR22701070004;CICLAMATO DE SÓDIO ;EDULCORANTE;XAROPARIA;200;GERAL;2836;JUL;2026;07/2026;;
MS;2701070004;MS2701070004;CICLAMATO DE SÓDIO ;EDULCORANTE;XAROPARIA;200;GERAL;2836;AGO;2026;08/2026;;
PR;2701070004;PR2701070004;CICLAMATO DE SÓDIO ;EDULCORANTE;XAROPARIA;200;GERAL;2836;AGO;2026;08/2026;;
PR;2701020051;PR2701020051;PREFORMA PET 200 ML CRISTAL 12 g ;PREFORMA;REFRIKO 200ML;1763328;ENGEPACK;349047,25094400003;JUL;2026;07/2026;;
PR;2701020097;PR2701020097;PREFORMA PET 200 ML VERDE 12 g ;PREFORMA;REFRIKO 200ML;1653120;ENGEPACK;327231,79776000004;JUL;2026;07/2026;;
PA;11070041;PA11070041;PREFORMA PET 200 ML CRISTAL 12 G;PREFORMA;PET 200 PA;304200;CRISTALPET;48367,8;JUL;2026;07/2026;;
PA;11070048;PA11070048;PREFORMA PET 200 ML VERDE 12 G;PREFORMA;PET 200 PA;351000;CRISTALPET;55809;JUL;2026;07/2026;;
SP;2801020042;SP2801020042;PREFORMA 15G CRISTAL;PREFORMA;PET 500 PA;0;CRISTALPET;0;JUL;2026;07/2026;;
SP;2801020042;SP2801020042;PREFORMA 15G CRISTAL;PREFORMA;PET 500 PA;434016;CRISTALPET;96060,761280000006;JUL;2026;07/2026;;
PA;11070046;PA11070046;PREFORMA 18 ou 20,6G CRISTAL;PREFORMA;PET 500 PA;83328;CRISTALPET;19665,407999999999;JUL;2026;07/2026;;
PR;2701020055;PR2701020055;PREFORMA 18G CRISTAL;PREFORMA;FURIOSO 250ML;1025856;CRISTALPET;263275,68383999995;JUL;2026;07/2026;;
SP;2801020041;SP2801020041;PREFORMA 18G CRISTAL 500 ML;PREFORMA;PET 500 PA;493200;CRISTALPET;126574,84799999998;JUL;2026;07/2026;;
SP;2801020032;SP2801020032;PREFORMA 31,7G CRISTAL;PREFORMA;ÁGUA 1,5L;56520;CRISTALPET;23499,320399999997;JUL;2026;07/2026;;
MS;2701020059;MS2701020059;PREFORMA 41 G CRISTAL;PREFORMA;REFRIKO 2L;58464;CRISTALPET;32465,0592;JUL;2026;07/2026;;
PR;2701020059;PR2701020059;PREFORMA 41G CRISTAL;PREFORMA;REFRIKO 2L;72192;ENGEPACK;37626,470399999998;JUL;2026;07/2026;;
MS;2701020102;MS2701020102;PREFORMA 41 G VERDE;PREFORMA;REFRIKO 2L;217152;CRISTALPET;87143,097599999994;JUL;2026;07/2026;;
PR;2701020102;PR2701020102;PREFORMA 41G VERDE;PREFORMA;REFRIKO 2L;0;GERAL;0;JUL;2026;07/2026;;
PA;11070012;PA11070012;PREFORMA 46,0G CRISTAL OU 45,7 G;PREFORMA;PET 2L PA;167040;CRISTALPET;81849,599999999991;JUL;2026;07/2026;;
MS;2701020096;MS2701020096;PREFORMA 48G VERDE;PREFORMA;PET 2,5L PA;0;GERAL;0;JUL;2026;07/2026;;
PA;11070032;PA11070032;PREFORMA 48GR CRISTAL OU 50,7 G;PREFORMA;PET 2,5L PA;770560;AMCOR;383738,88;JUL;2026;07/2026;;
PA;11070033;PA11070033;PREFORMA 48GR VERDE OU 50,7 G;PREFORMA;PET 2,5L PA;161280;AMCOR;80317,440000000002;JUL;2026;07/2026;;
MS;2701020075;MS2701020075;PREFORMA PET 46,7GR CRISTAL;PREFORMA;FURIOSO 2L;158688;BRASPET;94260,671999999991;JUL;2026;07/2026;;
PR;2701020075;PR2701020075;PREFORMA PET 46,7GR CRISTAL ;PREFORMA;FURIOSO 2L;0;GERAL;0;JUL;2026;07/2026;;
MS;2701010132;MS2701010132;ROTULO REFRIKO COLA 2L;ROTULO;BOPP;193944;ELLOFLEX;6885,0119999999997;JUL;2026;07/2026;;
PR;2701010132;PR2701010132;ROTULO REFRIKO COLA 2L;ROTULO;BOPP;100000;ELLOPRINT;3549,9999999999995;JUL;2026;07/2026;;
PA;10090293;PA10090293;SUCO CONCENTRADO DE MACA;SUCO;XAROPARIA;2500;INTERSUCOS;28750;JUL;2026;07/2026;;
PR;2701070004;PR2701070004;CICLAMATO DE SÓDIO ;EDULCORANTE;XAROPARIA;200;GERAL;2836;OUT;2026;10/2026;;
PR;2801090005;PR2801090005;CITRATO DE SODIO;ACID.E CONSERV.;ENERG/DELIRIO;1000;PRIMARY;8280;AGO;2026;08/2026;;
PA;10090090;PA10090090;SUCO CONCENTRADO LARANJA;SUCO;XAROPARIA;400;INTERSUCOS;4200;JUL;2026;07/2026;;
MS;2701210003;MS2701210003;CLEAR MAX PVPP;CERVEJARIA;OUTROS;70;CLEAR MAX;9684,5;AGO;2026;08/2026;;
PR2;2701210003;PR22701210003;CLEAR MAX PVPP;CERVEJARIA;OUTROS;180;GERAL;24903;AGO;2026;08/2026;;
PA;10090094;PA10090094;SUCO CONCENTRADO UVA;SUCO;XAROPARIA;500;INTERSUCOS;5250;JUL;2026;07/2026;;
MS;2701030037;MS2701030037;TAMPA AMARELA LISA;TAMPA;PET;446400;VALGROUP;21873,600000000002;AGO;2026;08/2026;;
PR;2701030037;PR2701030037;TAMPA AMARELA LISA;TAMPA;PET;2721600;OXFORD PACKAGING;120975,12000000001;JUL;2026;07/2026;;
MS;2701030043;MS2701030043;TAMPA LARANJA REFRIKO;TAMPA;PET;151200;VALGROUP;7408,8;AGO;2026;08/2026;;
MS;2701030044;MS2701030044;TAMPA LILAS LISA;TAMPA;PET;151200;VALGROUP;7408,8;AGO;2026;08/2026;;
PR;2701030044;PR2701030044;TAMPA LILAS LISA;TAMPA;PET;453600;OXFORD PACKAGING;20162,52;JUL;2026;07/2026;;
SP;2801030014;SP2801030014;TAMPA PLASTICA AZUL OMNI                             ;TAMPA;PET;2116800;GERAL;91727,294400000013;JUL;2026;07/2026;;
PR;2701030049;PR2701030049;TAMPA VERDE REFRIKO;TAMPA;PET;1663200;OXFORD PACKAGING;73929,240000000005;JUL;2026;07/2026;;
MS;2701250001;MS2701250001;CLORETO DE CALCIO - IBC;CERVEJARIA;OUTROS;500;BELA VISTA ;2035,0000000000002;JUL;2026;07/2026;;
PR2;2701250001;PR22701250001;CLORETO DE CALCIO - IBC;CERVEJARIA;OUTROS;0;GERAL;0;AGO;2026;08/2026;;
PR;2801050007;PR2801050007;CONCENTRADO B. ENERGETICA AÇAI;AROMA;KIT ENERGÉTICO;9,778534923;GERAL;21883,177955706982;SET;2026;09/2026;;
MS;2701050040;MS2701050040;CONCENTRADO BEBIDAS ENERGETICA;AROMA;KIT ENERGÉTICO;95,75208914;GERAL;198866,17339832868;JUL;2026;07/2026;;
MS;2701050040;MS2701050040;CONCENTRADO BEBIDAS ENERGETICA;AROMA;KIT ENERGÉTICO;130,5710306;GERAL;271181,14554317552;AGO;2026;08/2026;;
MS;2701090004;MS2701090004;ACIDO TARTARICO ;ACID.E CONSERV.;NOCH/TON/BEL;100;MCASSAB;3550;AGO;2026;08/2026;;
PA;10010001;PA10010001;ACUCAR CRISTAL;AÇUCAR;XAROPARIA;250000;CERTANO;569480;AGO;2026;08/2026;;
PA;10020012;PA10020012;AROMA DE GUARANA 31835 ADM;AROMA;REFRIGERANTE;200;YERBALATINA;24040;AGO;2026;08/2026;;
MS;2701050040;MS2701050040;CONCENTRADO BEBIDAS ENERGETICA;AROMA;KIT ENERGÉTICO;156,6852368;GERAL;325417,37465181062;OUT;2026;10/2026;;
PR;2801050003;PR2801050003;CONCENTRADO BEBIDAS ENERGETICA;AROMA;KIT ENERGÉTICO;156,6852368;ADM;320384,70752089139;JUL;2026;07/2026;;
PR;2801050003;PR2801050003;CONCENTRADO BEBIDAS ENERGETICA;AROMA;KIT ENERGÉTICO;147,9805014;ADM;302585,55710306409;AGO;2026;08/2026;;
PR;2801050003;PR2801050003;CONCENTRADO BEBIDAS ENERGETICA;AROMA;KIT ENERGÉTICO;243,7325905;ADM;498376,21169916436;OUT;2026;10/2026;;
MS;2701050022;MS2701050022;CONCENTRADO DE GUARANA IAB 7205;AROMA;REFRIGERANTE;450;INTERAMERICANAS;11641,5;JUL;2026;07/2026;;
PR;2701050022;PR2701050022;CONCENTRADO DE GUARANA IAB 7205;AROMA;REFRIGERANTE;550;INTERAMERICAS;14943,500000000002;JUL;2026;07/2026;;
MS;2701050022;MS2701050022;CONCENTRADO DE GUARANA IAB 7205;AROMA;REFRIGERANTE;450;GERAL;11641,5;AGO;2026;08/2026;;
PR;2701050022;PR2701050022;CONCENTRADO DE GUARANA IAB 7205;AROMA;REFRIGERANTE;650;INTERAMERICAS;17660,5;AGO;2026;08/2026;;
PR2;2701050022;PR22701050022;CONCENTRADO DE GUARANA IAB 7205;AROMA;REFRIGERANTE;0;GERAL;0;AGO;2026;08/2026;;
PR;2701060010;PR2701060010;CORANTE AMARANTO;CORANTE;REFRIGERANTE;50;GERAL;4275;SET;2026;09/2026;;
PR2;2701060010;PR22701060010;CORANTE AMARANTO;CORANTE;DELIRIO;0;GERAL;0;SET;2026;09/2026;;
PR2;2701060006;PR22701060006;CORANTE CARAMELO CERVEJA;CERVEJARIA;OUTROS;1000;GERAL;6380;JUN;2026;06/2026;;
MS;2701060006;MS2701060006;CORANTE CARAMELO CERVEJA;CERVEJARIA;OUTROS;500;E.P.A;3020;AGO;2026;08/2026;;
PA;10020011;PA10020011;AROMA NATURAL MOUTHFEEL FASV259 ADM;AROMA;REFRIGERANTE;100;ADM;15752,000000000002;AGO;2026;08/2026;;
PR;2701060007;PR2701060007;CORANTE CARAMELO CLASE IV DPC;CORANTE;REFRIGERANTE;500;SAPORITI;3750;AGO;2026;08/2026;;
PR2;2701060007;PR22701060007;CORANTE CARAMELO CLASE IV DPC;CORANTE;REFRIGERANTE;0;GERAL;0;SET;2026;09/2026;;
MS;2701160012;MS2701160012;CX 12X300ML - TUBAINA;CAIXA;TUBAINA;20000;JAUENSE;33800;AGO;2026;08/2026;;
MS;2701160001;MS2701160001;CX AUTO GIN JAMES COOK 6X1-;CAIXA;JAMES COOK;5780;GERAL;17108,8;AGO;2026;08/2026;;
MS;2701160002;MS2701160002;CX FUNDO AUTO VODKA JAMES COOK 6X1;CAIXA;JAMES COOK;2880;GERAL;8524,7999999999993;AGO;2026;08/2026;;
MS;2701160011;MS2701160011;CX ONE WAY BAMBOA 12X330ML;CAIXA;CERVEJA;20000;CARTONAGEM;36800;JUL;2026;07/2026;;
PR2;2701050020;PR22701050020;EMULSÃO COLA E-0388 ADM (NOVO);EMULSAO;XAROPARIA;52,5;ADM;20186,774999999998;AGO;2026;08/2026;;
PR2;2701050020;PR22701050020;EMULSÃO COLA E-0388 ADM (NOVO);EMULSAO;XAROPARIA;0;ADM;0;SET;2026;09/2026;;
MS;2701050018;MS2701050018;EMULSAO LARANJA REFRIKO 98;EMULSAO;XAROPARIA;150;SAPORITI;4920;JUL;2026;07/2026;;
PA;10090274;PA10090274;CONCENTRADO BEBIDAS ENERGETICA;AROMA;KIT ENERGÉTICO;1000;WILD;164724,75626740951;AGO;2026;08/2026;;
PR;2701050018;PR2701050018;EMULSAO LARANJA REFRIKO 98;EMULSAO;XAROPARIA;500;SAPORITI;16400;JUL;2026;07/2026;;
PR;2701050018;PR2701050018;EMULSAO LARANJA REFRIKO 98;EMULSAO;XAROPARIA;300;GERAL;9840;SET;2026;09/2026;;
PA;10090295;PA10090295;CONCENTRADO COLA IAB 7729 (NOVO);CONCENT./KITs;KIT COLA;2200;INTERAMERICA;49258;AGO;2026;08/2026;;
PR2;2701050018;PR22701050018;EMULSAO LARANJA REFRIKO 98;EMULSAO;XAROPARIA;0;GERAL;0;AGO;2026;08/2026;;
PR;2701050016;PR2701050016;EMULSAO NEUTRA PARA SUCO;EMULSAO;XAROPARIA;100;GERAL;5600;SET;2026;09/2026;;
MS;2701210004;MS2701210004;ENZIMA ULTRA FLOW;CERVEJARIA;OUTROS;150;PROXYN;11454;AGO;2026;08/2026;;
PR2;2701210004;PR22701210004;ENZIMA ULTRA FLOW;CERVEJARIA;OUTROS;150;GERAL;11454;AGO;2026;08/2026;;
MS;2701170002;MS2701170002;ETANOL NEUTRO ALCOOL ETILICO POT 96º-IND;ETANOL;TANQUE;91364;GERAL;408762,53600000002;JUL;2026;07/2026;;
PR;2701170002;PR2701170002;ETANOL NEUTRO ALCOOL ETILICO POT 96º-IND;ETANOL;TANQUE;16140;GERAL;72210,36;JUL;2026;07/2026;;
MS;2701170002;MS2701170002;ETANOL NEUTRO ALCOOL ETILICO POT 96º-IND;ETANOL;TANQUE;45000;GERAL;201330;AGO;2026;08/2026;;
MS;2701130012;MS2701130012;EXTRATO DE CHA PRETO EM PO;AROMA;ENERGÉTICO;105;APLIQUIMICA;19149,899999999998;AGO;2026;08/2026;;
MS;2701130006;MS2701130006;EXTRATO DE GUARANA 200% DUAS RODAS;AROMA;ENERG./DELÍR.;125;DUAS RODAS;6241,25;AGO;2026;08/2026;;
PR;2701130006;PR2701130006;EXTRATO DE GUARANA 200% DUAS RODAS;AROMA;ENERG./DELÍR.;350;DUAS RODAS;17475,5;AGO;2026;08/2026;;
SP;2801040014;SP2801040014;FILME STRETCH POLIETILENO 500X0023;FILME;STRETCH;700;GERAL;15995,000000000002;JUL;2026;07/2026;;
SP;2801040014;SP2801040014;FILME STRETCH POLIETILENO 500X0023;FILME;STRETCH;681;GERAL;15560,85;AGO;2026;08/2026;;
SP;2801040014;SP2801040014;FILME STRETCH POLIETILENO 500X0023;FILME;STRETCH;700;GERAL;15995,000000000002;OUT;2026;10/2026;;
MS;2701040009;MS2701040009;FILME STRETCH POLIETILENO 500X0023;FILME;STRETCH;3300;EPA;75405;JUL;2026;07/2026;;
PA;11040793;PA11040793;FILME TERMO - 480X0,06;FILME;REFRI;2770,05;EPA;28670,017500000002;AGO;2026;08/2026;;
PA;11040005;PA11040005;FILME TERMO ENCOLHIVEL 300 MM X 0,04;FILME;REFRI;1903,75;EPA;19703,8125;AGO;2026;08/2026;;
PA;11040007;PA11040007;FILME TERMO ENCOLHIVEL 420 X 0,06;FILME;REFR/ENERG.;3330,55;E.P.A;34471,192499999997;AGO;2026;08/2026;;
PR2;2701040009;PR22701040009;FILME STRETCH POLIETILENO 500X0023;FILME;STRETCH;4000;GERAL;80000;JUL;2026;07/2026;;
MS;2701040009;MS2701040009;FILME STRETCH POLIETILENO 500X0023;FILME;STRETCH;3800;GERAL;86830;AGO;2026;08/2026;;
PR;2701040009;PR2701040009;FILME STRETCH POLIETILENO 500X0023;FILME;STRETCH;2710;EPA;54200;AGO;2026;08/2026;;
PR2;2701040009;PR22701040009;FILME STRETCH POLIETILENO 500X0023;FILME;STRETCH;2000;GERAL;40000;AGO;2026;08/2026;;
MS;2701040009;MS2701040009;FILME STRETCH POLIETILENO 500X0023;FILME;STRETCH;1500;GERAL;34275;OUT;2026;10/2026;;
PR2;2701040009;PR22701040009;FILME STRETCH POLIETILENO 500X0023;FILME;STRETCH;2500;GERAL;50000;OUT;2026;10/2026;;
PA;10090290;PA10090290;PREMIX ENERG EMULVIT 8942 ADM;CONCENT./KITs;C.ENERGETICO;200;QUANTIQ;5360;AGO;2026;08/2026;;
PR2;2701040034;PR22701040034;FILME TERMO ENCOLHIVEL 300 MM X 0,04 ;FILME;REFRI;5000;GERAL;117875;JUL;2026;07/2026;;
PR2;2701040034;PR22701040034;FILME TERMO ENCOLHIVEL 300 MM X 0,04 ;FILME;REFRI;4000;GERAL;94300;OUT;2026;10/2026;;
PR;2801010090;PR2801010090;ROT SLEE NOCH LIMAO 270ML;ROTULO;SLEEVE;250000;ALL4LABELL;30000;AGO;2026;08/2026;;
PR;2801010092;PR2801010092;ROT SLEE NOCH MELANCIA E MORAN 270ML-IND;ROTULO;SLEEVE;250000;ALL4LABELL;30000;AGO;2026;08/2026;;
MS;2701010119;MS2701010119;ROTULO BAMBOA TRADICIONAL VODKA;ROTULO;ADESIVO;300000;GRAFIMAX;23100;AGO;2026;08/2026;;
SP;2801010068;SP2801010068;ROTULO BOPP AGUA S/ GAS HIDRATAR 500ML                   ;ROTULO;BOPP;3000000;GERAL;31680;AGO;2026;08/2026;;
PR;2801010069;PR2801010069;ROTULO CACHACA CAIDEIRA 450ML;ROTULO;BOPP;200000;ELLOFLEX;3139,9999999999995;AGO;2026;08/2026;;
PA;11080232;PA11080232;ROTULO FURIOSO 250ML;ROTULO;SLEEVE-PA;250000;CCL;16452,500000000004;AGO;2026;08/2026;;
PR;2801010099;PR2801010099;ROTULO FURIOSO 250ML;ROTULO;SLEEVE;1000000;CCL;50377;AGO;2026;08/2026;;
MS;2701010191;MS2701010191;ROTULO FURIOSO 2L;ROTULO;SLEEVE;250000;CCL;51550;AGO;2026;08/2026;;
PR;2801010100;PR2801010100;ROTULO FURIOSO 2L;ROTULO;SLEEVE;100000;CCL;20620;AGO;2026;08/2026;;
PR;2801010098;PR2801010098;ROTULO FURIOSO MELANCIA E MORANGO 2L;ROTULO;SLEEVE;200000;CCL;41240;AGO;2026;08/2026;;
MS;2701010184;MS2701010184;ROTULO FURIOSO MELAO 2L;ROTULO;SLEEVE;50000;CCL;10310;AGO;2026;08/2026;;
PR;2801010096;PR2801010096;ROTULO FURIOSO MELAO 2L;ROTULO;SLEEVE;150000;CCL;30930;AGO;2026;08/2026;;
PA;11080242;PA11080242;RÓTULO MICOS COLA 200ML;ROTULO;BOPP-PA;500000;ELLOFLEX;2950;AGO;2026;08/2026;;
PA;11080251;PA11080251;ROTULO MICOS LARANJA 2L;ROTULO;BOPP-PA;226748;GERAL;9439,5192399999996;AGO;2026;08/2026;;
PA;11080245;PA11080245;RÓTULO MICOS GUARANA 2,5L;ROTULO;BOPP-PA;400000;ELLOFLEX;13580;AGO;2026;08/2026;;
MS;2701010161;MS2701010161;ROTULO TERNURA TUBAINA 2L;ROTULO;BOPP;100000;GERAL;3549,9999999999995;SET;2026;09/2026;;
PR;2701010161;PR2701010161;ROTULO TERNURA TUBAINA 2L;ROTULO;BOPP;200000;ELLOFLEX;7099,9999999999991;AGO;2026;08/2026;;
PR;2701010163;PR2701010163;ROTULO TUBA JUJUBA 2L;ROTULO;BOPP;493390;C-MAB;17515,344999999998;AGO;2026;08/2026;;
MS;2701040002;MS2701040002;FILME TERMO ENCOLHIVEL 420 X 0,06;FILME;REFR/ENERG.;3000;GERAL;70500;OUT;2026;10/2026;;
PR;2701040004;PR2701040004;FILME TERMO ENCOLHIVEL 600 MM X 0,04 ;FILME;REFRI;4000;GERAL;56400;JUL;2026;07/2026;;
PR;2701040005;PR2701040005;FILME TERMO ENCOLHIVEL 660 MM X 0,04;FILME;ENERGÉTICO;3000;GERAL;70500;AGO;2026;08/2026;;
PA;11090086;PA11090086;TAMPA AMARELA LISA;TAMPA;PET;168000;RAVIBRAS;7840,56;JUL;2026;07/2026;;
PA;11090001;PA11090001;TAMPA LARANJA REFRIKO;TAMPA;PET;672000;RAVIBRAS;31362,240000000002;JUL;2026;07/2026;;
PA;11090034;PA11090034;TAMPA LILAS LISA;TAMPA;PET;336000;RAVIBRAS;15681,12;JUL;2026;07/2026;;
MS;2701030032;MS2701030032;TAMPA METALICA LISA;TAMPA;VIDRO NAC;500000;RENDA;24750;AGO;2026;08/2026;;
MS;2701030036;MS2701030036;TAMPA METALICA TWISTOF;TAMPA;VIDRO NAC;500000;GERAL;24750;AGO;2026;08/2026;;
PA;11090031;PA11090031;TAMPA VERMELHA LISA;TAMPA;PET;1176000;RAVIBRAS;54883,920000000006;JUL;2026;07/2026;;
PR;2701040005;PR2701040005;FILME TERMO ENCOLHIVEL 660 MM X 0,04;FILME;ENERGÉTICO;3000;GERAL;70500;OUT;2026;10/2026;;
PR;2701040007;PR2701040007;FILME TERMO ENCOLHIVEL 860/0,06 MM;FILME;REFR/ENERG.;2000;GERAL;47150;JUL;2026;07/2026;;
PR;2701010149;PR2701010149;ROTULO REFRIKO TUBAÍNA 200 ML ;ROTULO;BOPP;700000;TRIA INDUSTRIA ;5600;JUL;2026;07/2026;;
PR;2801010078;PR2801010078;ROTULO REFRIKO TUBAÍNA 200 ML ;ROTULO;BOPP;300000;TRIA INDUSTRIA;2400;JUL;2026;07/2026;;
PR;2701010137;PR2701010137;ROTULO GUARANA REDUZIDO 200 ML ;ROTULO;BOPP;700000;TRIA INDUSTRIA ;5600;JUL;2026;07/2026;;
PR;2701010143;PR2701010143;ROTULO REFRIKO LARANJA DQI1% 200 ML ;ROTULO;BOPP;700000;TRIA INDUSTRIA ;5600;JUL;2026;07/2026;;
PR;2801010075;PR2801010075;ROTULO REFRIKO LARANJA DQI1% 200 ML;ROTULO;BOPP;200000;TRIA INDUSTRIA;1600;JUL;2026;07/2026;;
PR2;2701040007;PR22701040007;FILME TERMO ENCOLHIVEL 860/0,06 MM;FILME;REFR/ENERG.;1000;GERAL;21000;JUL;2026;07/2026;;
PR;2701020059;PR2701020059;PREFORMA 41G CRISTAL;PREFORMA;REFRIKO 2L;0;GERAL;0;JUL;2026;07/2026;;
PR;2801020035;PR2801020035;PREFORMA PET 200 ML CRISTAL 12 g;PREFORMA;REFRIKO 200ML;110208;ENGEPACK;21815,453184000002;JUL;2026;07/2026;;
PR;2801020053;PR2801020053;PREFORMA PET 200 ML VERDE 12 g;PREFORMA;REFRIKO 200ML;551040;ENGEPACK;109077,26592000001;JUL;2026;07/2026;;
PR;2701040007;PR2701040007;FILME TERMO ENCOLHIVEL 860/0,06 MM;FILME;REFR/ENERG.;3000;GERAL;70725;AGO;2026;08/2026;;
PR;2701040007;PR2701040007;FILME TERMO ENCOLHIVEL 860/0,06 MM;FILME;REFR/ENERG.;2000;GERAL;47150;OUT;2026;10/2026;;
PR2;2701040007;PR22701040007;FILME TERMO ENCOLHIVEL 860/0,06 MM;FILME;REFR/ENERG.;3300;GERAL;69300;OUT;2026;10/2026;;
PR;2701040006;PR2701040006;FILME TERMO ENCOLHIVEL 860/5 MM;FILME;JUJ/TERN;3000;GERAL;70725;AGO;2026;08/2026;;
MS;2701040003;MS2701040003;FILME TERMO ENCOLHÍVEL DE 560X006;FILME;DIVERSOS;4000;PATENA;94000;JUL;2026;07/2026;;
SP;2801040018;SP2801040018;FILME TERMOENCOLHIVEL LISO 390X0,05MM                    ;FILME;ÁGUA 500;3000;GERAL;70725;JUL;2026;07/2026;;
SP;2801040018;SP2801040018;FILME TERMOENCOLHIVEL LISO 390X0,05MM                    ;FILME;ÁGUA 500;3000;GERAL;70725;AGO;2026;08/2026;;
SP;2801040018;SP2801040018;FILME TERMOENCOLHIVEL LISO 390X0,05MM                    ;FILME;ÁGUA 500;4000;GERAL;94300;OUT;2026;10/2026;;
MS;2701150006;MS2701150006;VASILHAME AMBAR 300ML - LITRINHO;VASILHAME;NORMAL;304920;GERAL;225640,8;JUL;2026;07/2026;;
MS;2701150006;MS2701150006;VASILHAME AMBAR 300ML - LITRINHO;VASILHAME;NORMAL;108900;GERAL;80586;AGO;2026;08/2026;;
MS;2701150001;MS2701150001;VASILHAME GINGUALA 970ML;VASILHAME;NORMAL;126720;VIDROPORTO;198950,39999999999;JUL;2026;07/2026;;
MS;2701150001;MS2701150001;VASILHAME GINGUALA 970ML;VASILHAME;NORMAL;42240;VIDROPORTO;66316,800000000003;AGO;2026;08/2026;;
MS;2701010142;MS2701010142;ROTULO GUARANA 2 LT ZERO;ROTULO;BOPP;178000;DEVLUÇÃO CACELADO;6318,9999999999991;AGO;2026;08/2026;;
PA;10100012;PA10100012;BENZOATO DE SODIO;ACID.E CONSERV.;REF/ENER/NOCH/TON;1000;GERAL;10352;SET;2026;09/2026;;
PA;10100012;PA10100012;BENZOATO DE SODIO;ACID.E CONSERV.;REF/ENER/NOCH/TON;1000;GERAL;10352;OUT;2026;10/2026;;
MS;2701200002;MS2701200002;LUPULO LSKE;CERVEJARIA;LUPULO;15;GERAL;15262,050000000001;AGO;2026;08/2026;;
PR2;2701200002;PR22701200002;LUPULO LSKE;CERVEJARIA;LUPULO;28,7;GERAL;29201,388999999999;AGO;2026;08/2026;;
MS;2701200002;MS2701200002;LUPULO LSKE;CERVEJARIA;LUPULO;23,1;GERAL;23503,557000000001;SET;2026;09/2026;;
PR2;2701200003;PR22701200003;LUPULO NUGGET;CERVEJARIA;LUPULO IMP;6000;GERAL;225780,00000000003;NOV;2026;11/2026;;
MS;2701190001;MS2701190001;MALTE PILSEN BAG 1000 - BARLEY;CERVEJARIA;MALTE;101000;COOPERATIVA;332290;JUL;2026;07/2026;;
PR2;2701190001;PR22701190001;MALTE PILSEN BAG 1000 - BARLEY;CERVEJARIA;MALTE;299320;GERAL;1065579,2;JUL;2026;07/2026;;
MS;2701070003;MS2701070003;NEOTAME;EDULCORANTE;XAROPARIA;15;SAPORITI;2914,5;JUN;2026;06/2026;;
PA;10100006;PA10100006;CITRATO DE SODIO;ACID.E CONSERV.;ENERG/DELIRIO;200;KONKRETA;2074;AGO;2026;08/2026;;
PR;2701070003;PR2701070003;NEOTAME;EDULCORANTE;XAROPARIA;10;SAPORITI;1943;AGO;2026;08/2026;;
PR;2801130002;PR2801130002;POLPA DE AÇAI DESIDRATA SOL.;AROMA;ENERGÉTICO;100;GERAL;5140;SET;2026;09/2026;;
PR;2801120002;PR2801120002;PREMIX ENERG EMULVIT 8942;CONCENT./KITs;C.ENERGETICO;3000;GERAL;54150;JUL;2026;07/2026;;
MS;2701120001;MS2701120001;PREMIX ENERG EMULVIT 8942;CONCENT./KITs;C.ENERGETICO;1000;KONKRETA;18050;AGO;2026;08/2026;;
MS;2701120001;MS2701120001;PREMIX ENERG EMULVIT 8942;CONCENT./KITs;C.ENERGETICO;2000;GERAL;36100;OUT;2026;10/2026;;
PR;2801120002;PR2801120002;PREMIX ENERG EMULVIT 8942;CONCENT./KITs;C.ENERGETICO;2000;GERAL;36100;AGO;2026;08/2026;;
PA;10090017;PA10090017;EMULSAO LARANJA REFRIKO 98;EMULSAO;XAROPARIA;500;SAPORITI;18000;AGO;2026;08/2026;;
PR;2801120002;PR2801120002;PREMIX ENERG EMULVIT 8942;CONCENT./KITs;C.ENERGETICO;1000;GERAL;18050;OUT;2026;10/2026;;
PR;2801120003;PR2801120003;PREMIX ENERG EMULVIT 8959 - BOMBADÃO SAPORITI -IND;CONCENT./KITs;C.ENERGETICO;25;SAPORITI;4500;JUL;2026;07/2026;;
PR2;2701050023;PR22701050023;PREP ACIDO COLA ;CONCENT./KITs;KIT COLA;150;SAPORITI;3750;JUL;2026;07/2026;;
PR2;2701050023;PR22701050023;PREP ACIDO COLA ;CONCENT./KITs;KIT COLA;0;CANCELADO;0;AGO;2026;08/2026;;
MS;2701070002;MS2701070002;SACARINA SÓDICA;EDULCORANTE;XAROPARIA;100;QUANTIQ;2965;JUL;2026;07/2026;;
PR;2701070002;PR2701070002;SACARINA SÓDICA;EDULCORANTE;XAROPARIA;100;QUANTIQ DISTRIBUIDORA;2965;JUL;2026;07/2026;;
PA;11070041;PA11070041;PREFORMA PET 200 ML CRISTAL 12 G;PREFORMA;PET 200 PA;210600;CRISTALPET;33485,4;AGO;2026;08/2026;;
PA;11070048;PA11070048;PREFORMA PET 200 ML VERDE 12 G;PREFORMA;PET 200 PA;163800;CRISTALPET;26044,2;AGO;2026;08/2026;;
SP;2801020042;SP2801020042;PREFORMA 15G CRISTAL;PREFORMA;PET 500 PA;1025856;CRISTALPET;227052,70848;AGO;2026;08/2026;;
PA;11070046;PA11070046;PREFORMA 18 ou 20,6G CRISTAL;PREFORMA;PET 500 PA;552384;CRISTALPET;130362,624;AGO;2026;08/2026;;
PA;11070047;PA11070047;PREFORMA 18 ou 20,6G VERDE;PREFORMA;PET 500 PA;157824;CRISTALPET;37246,464;AGO;2026;08/2026;;
PR;2701020055;PR2701020055;PREFORMA 18G CRISTAL;PREFORMA;FURIOSO 250ML;374976;ENGEPACK;96233,840639999995;AGO;2026;08/2026;;
PR;2801020046;PR2801020046;PREFORMA 18G CRISTAL 500 ML;PREFORMA;REFRIKO 500ML;41664;7007;10692,648959999999;AGO;2026;08/2026;;
SP;2801020041;SP2801020041;PREFORMA 18G CRISTAL 500 ML;PREFORMA;PET 500 PA;966672;CRISTALPET;248086,70207999999;AGO;2026;08/2026;;
SP;2801020032;SP2801020032;PREFORMA 31,7G CRISTAL;PREFORMA;ÁGUA 1,5L;30888;CRISTALPET;12842,303759999999;AGO;2026;08/2026;;
PR;2701020059;PR2701020059;PREFORMA 41G CRISTAL;PREFORMA;REFRIKO 2L;216576;ENGEPACK;112879,4112;AGO;2026;08/2026;;
PA;11070012;PA11070012;PREFORMA 46,0G CRISTAL OU 45,7 G;PREFORMA;PET 2L PA;317376;CRISTALPET;155514,23999999999;AGO;2026;08/2026;;
PA;11070013;PA11070013;PREFORMA 46,0G VERDE OU 45,7 G;PREFORMA;PET 2L PA;116928;BRASPET;57294,720000000001;AGO;2026;08/2026;;
PA;11070032;PA11070032;PREFORMA 48GR CRISTAL OU 50,7 G;PREFORMA;PET 2,5L PA;2668800;AMCOR;1329062,3999999999;AGO;2026;08/2026;;
PA;11070033;PA11070033;PREFORMA 48GR VERDE OU 50,7 G;PREFORMA;PET 2,5L PA;197120;AMCOR;98165,759999999995;AGO;2026;08/2026;;
PR;2701020075;PR2701020075;PREFORMA PET 46,7GR CRISTAL ;PREFORMA;FURIOSO 2L;512640;ENGEPACK;352433,84831999999;AGO;2026;08/2026;;
PR2;2701070002;PR22701070002;SACARINA SÓDICA;EDULCORANTE;XAROPARIA;100;QUANTIQ;2965;JUL;2026;07/2026;;
PA;10100002;PA10100002;SORBATO DE POTASSIO 25KG;ACID.E CONSERV.;REF/ENER/ROM/DEL;200;KONKRETA;3710;AGO;2026;08/2026;;
PA;10090293;PA10090293;SUCO CONCENTRADO DE MACA;SUCO;XAROPARIA;1400;INTERSUCOS;16100;AGO;2026;08/2026;;
PR;2701070002;PR2701070002;SACARINA SÓDICA;EDULCORANTE;XAROPARIA;100;GERAL;2965;SET;2026;09/2026;;
PR2;2701070002;PR22701070002;SACARINA SÓDICA;EDULCORANTE;XAROPARIA;0;GERAL;0;SET;2026;09/2026;;
MS;2701170004;MS2701170004;SAQUE THIKARA;AROMA;ENERGÉTICO;1000;SAKERIA&DESTILADOS;4957,75;JUL;2026;07/2026;;
PA;10090090;PA10090090;SUCO CONCENTRADO LARANJA;SUCO;XAROPARIA;350;INTERSUCOS;3675;AGO;2026;08/2026;;
MS;2701040015;MS2701040015;FILME TERMOENCOLHIVEL LISO 380X0,06MM;FILME;VIDRO;2710;E.P.A;56910;AGO;2026;08/2026;;
PR2;2701040032;PR22701040032;SHRINK MOEMA 269ML - 660X60X3 ;FILME;MOEMA;2000;GERAL;29000;AGO;2026;08/2026;;
MS;2701040055;MS2701040055;SHRINK MOEMA 350ML - 390X0,05;FILME;MOEMA;5000;GERAL;157550;OUT;2026;10/2026;;
PA;10090094;PA10090094;SUCO CONCENTRADO UVA;SUCO;XAROPARIA;100;INTERSUCOS;1050;AGO;2026;08/2026;;
PA;11090086;PA11090086;TAMPA AMARELA LISA;TAMPA;PET;336000;RAVIBRAS;15681,12;AGO;2026;08/2026;;
PR;2701030037;PR2701030037;TAMPA AMARELA LISA;TAMPA;PET;1814400;OXFORD PACKAGING;80650,080000000002;SET;2026;09/2026;;
PR2;2701030037;PR22701030037;TAMPA AMARELA LISA;TAMPA;PET;3024000;GERAL;134416,80000000002;SET;2026;09/2026;;
PA;11090001;PA11090001;TAMPA LARANJA REFRIKO;TAMPA;PET;168000;RAVIBRAS;7840,56;AGO;2026;08/2026;;
PR2;2701030043;PR22701030043;TAMPA LARANJA REFRIKO;TAMPA;PET;1512000;GERAL;67208,400000000009;SET;2026;09/2026;;
PA;11090034;PA11090034;TAMPA LILAS LISA;TAMPA;PET;168000;RAVIBRAS;7840,56;AGO;2026;08/2026;;
PR2;2701030044;PR22701030044;TAMPA LILAS LISA;TAMPA;PET;302400;GERAL;13441,68;SET;2026;09/2026;;
SP;2801030014;SP2801030014;TAMPA PLASTICA AZUL OMNI                             ;TAMPA;PET;1360800;GERAL;58967,546400000007;SET;2026;09/2026;;
SP;2801030017;SP2801030017;TAMPA PLASTICA PRETA OMNI 120 COM VEDANTE;TAMPA;PET;2268000;OXFORD;98279,244000000006;SET;2026;09/2026;;
PR;2701030049;PR2701030049;TAMPA VERDE REFRIKO;TAMPA;PET;302400;OXFORD PACKAGING;13441,68;SET;2026;09/2026;;
PR2;2701030049;PR22701030049;TAMPA VERDE REFRIKO;TAMPA;PET;3175200;GERAL;141137,64000000001;SET;2026;09/2026;;
PA;11090031;PA11090031;TAMPA VERMELHA LISA;TAMPA;PET;1008000;RAVIBRAS;47043,360000000001;AGO;2026;08/2026;;
PR2;2701040031;PR22701040031;SHRINK MOEMA 350ML - 790X0,06;FILME;MOEMA;14000;GERAL;233450;JUL;2026;07/2026;;
PR2;2701040061;PR22701040061;FILME TERMOENCOLHIVEL CER MOEMA 350ML 760X0,05MM;FILME;MOEMA;14000;GERAL;436800;SET;2026;09/2026;;
PR2;2701210002;PR22701210002;SILICA HP 9000;CERVEJARIA;OUTROS;1800;W. R. GRACE;64818;JUL;2026;07/2026;;
MS;2701130009;MS2701130009;SUCO CONCENTRADO DE MACA;SUCO;XAROPARIA;250;INTERSUCOS;3000;JUL;2026;07/2026;;
PR;2701130009;PR2701130009;SUCO CONCENTRADO DE MACA;SUCO;XAROPARIA;1000;INTERSUCOS;12000;JUL;2026;07/2026;;
MS;2701130009;MS2701130009;SUCO CONCENTRADO DE MACA;SUCO;XAROPARIA;100;GERAL;1200;SET;2026;09/2026;;
PR;2701130009;PR2701130009;SUCO CONCENTRADO DE MACA;SUCO;XAROPARIA;1000;GERAL;12000;SET;2026;09/2026;;
PR2;2701130009;PR22701130009;SUCO CONCENTRADO DE MACA;SUCO;XAROPARIA;500;GERAL;6000;SET;2026;09/2026;;
MS;2701130001;MS2701130001;SUCO CONCENTRADO LARANJA;SUCO;XAROPARIA;50;INTERSUCOS;600;JUL;2026;07/2026;;
PA;10010001;PA10010001;ACUCAR CRISTAL;AÇUCAR;XAROPARIA;300000;CERTANO;683376;SET;2026;09/2026;;
PA;10020012;PA10020012;AROMA DE GUARANA 31835 ADM;AROMA;REFRIGERANTE;250;YERBALATINA;30050;SET;2026;09/2026;;
PA;10020001;PA10020001;AROMA DE LARANJA IDENTICO AO NATURAL;AROMA;REFRIGERANTE;41;DUAS RODAS;3184,06;SET;2026;09/2026;;
PA;10020003;PA10020003;AROMA FRUTAS TROPICAIS;AROMA;ENERGÉTICO;100;MONARCH;13750;SET;2026;09/2026;;
PA;10020010;PA10020010;AROMA IDENTICO AO NATURAL MELANCIA;AROMA;ENERGÉTICO;100;DUAS RODAS;3679,9999999999995;SET;2026;09/2026;;
PA;10020004;PA10020004;AROMA IDENTICO AO NATURAL MORANGO;AROMA;ENERGÉTICO;60;DUAS RODAS;4366,2;SET;2026;09/2026;;
PA;10020013;PA10020013;AROMA IDENTICO AO NATURAL DE PESSEGO;AROMA;ENERGÉTICO;20;SAPORATI;1455,3999999999999;SET;2026;09/2026;;
PA;10020014;PA10020014;AROMA ID. AO NATURAL DE UVA VERDE SAPORITI;AROMA;ENERGÉTICO;36;SAPORATI;2619,7199999999998;SET;2026;09/2026;;
PA;10020006;PA10020006;AROMA MAÇA VERDE COD;AROMA;ENERGÉTICO;51;DUAS RODAS;2445,96;SET;2026;09/2026;;
PA;10020007;PA10020007;AROMA MELAO ;AROMA;ENERGÉTICO;102;DUAS RODAS;5883,36;SET;2026;09/2026;;
PA;10020011;PA10020011;AROMA NATURAL MOUTHFEEL FASV259 ADM;AROMA;REFRIGERANTE;109;ADM;17169,68;SET;2026;09/2026;;
PR;2701130001;PR2701130001;SUCO CONCENTRADO LARANJA;SUCO;XAROPARIA;250;INTERSUCOS;3000;JUL;2026;07/2026;;
PR;2701130001;PR2701130001;SUCO CONCENTRADO LARANJA;SUCO;XAROPARIA;200;GERAL;2400;SET;2026;09/2026;;
PA;10020009;PA10020009;AROMA UVA REFRIKO 84;AROMA;REFRIGERANTE;805;SAPORATI;18917,5;SET;2026;09/2026;;
PR2;2701130001;PR22701130001;SUCO CONCENTRADO LARANJA;SUCO;XAROPARIA;150;GERAL;1800;SET;2026;09/2026;;
PR;2701130002;PR2701130002;SUCO CONCENTRADO LIMÃO;SUCO;XAROPARIA;100;GERAL;1650;SET;2026;09/2026;;
PA;10100012;PA10100012;BENZOATO DE SODIO;ACID.E CONSERV.;REF/ENER/NOCH/TON;1000;GERAL;10352;SET;2026;09/2026;;
MS;2701070001;MS2701070001;SUCRALOSE;EDULCORANTE;XAROPARIA;75;KONKRETA;6322,5;JUL;2026;07/2026;;
PR;2701070001;PR2701070001;SUCRALOSE;EDULCORANTE;XAROPARIA;150;KONKRETA;13200;JUL;2026;07/2026;;
PR2;2701070001;PR22701070001;SUCRALOSE;EDULCORANTE;XAROPARIA;50;KONKRETA;4400;JUL;2026;07/2026;;
PA;10090274;PA10090274;CONCENTRADO BEBIDAS ENERGETICA;AROMA;KIT ENERGÉTICO;2000;WILD;329449,51253481902;OUT;2026;10/2026;;
MS;2701070001;MS2701070001;SUCRALOSE;EDULCORANTE;XAROPARIA;50;KONKRETA;4215;AGO;2026;08/2026;;
MS;2701070001;MS2701070001;SUCRALOSE;EDULCORANTE;XAROPARIA;150;GERAL;12645;SET;2026;09/2026;;
PA;10090295;PA10090295;CONCENTRADO COLA IAB 7729 (NOVO);CONCENT./KITs;KIT COLA;2300;INTERAMERICA;51497;SET;2026;09/2026;;
MS;2701010052;MS2701010052;CONTRA ROTULO BAMBOA 330ML (ARTE NOVA);ROTULO;ADESIVO;300000;GERAL;16833;OUT;2026;10/2026;;
PA;10090292;PA10090292;CORANTE AMARANTO;CORANTE;REFRIGERANTE;60;SAPORITI;4079,3999999999996;SET;2026;09/2026;;
PR;2701070001;PR2701070001;SUCRALOSE;EDULCORANTE;XAROPARIA;100;KONKRETA;8800;AGO;2026;08/2026;;
PR;2701070001;PR2701070001;SUCRALOSE;EDULCORANTE;XAROPARIA;250;GERAL;22000;SET;2026;09/2026;;
PA;10090056;PA10090056;CORANTE AMARELO SUNSET;CORANTE;XAROPARIA;15;SAPORITI;627,6;SET;2026;09/2026;;
PA;10090037;PA10090037;CORANTE AZUL BRILHANTE;CORANTE;ENERGÉTICO;5;SAPORITI;496,85;SET;2026;09/2026;;
MS;2701140029;MS2701140029;TAMPA - LATA 350/269/473ML - B64;TAMPA;LATA;3594240;CROWN;862617,59999999998;MAR;2026;03/2026;;
PA;10090294;PA10090294;CORANTE CARAMELO CLASE IV DPC;CORANTE;REFRIGERANTE;500;SAPORITI;2400;SET;2026;09/2026;;
PA;10090145;PA10090145;CORANTE PONCEAU ;CORANTE;ENERGÉTICO;5;SAPORITI;335;SET;2026;09/2026;;
PA;10090036;PA10090036;CORANTE TARTRAZINA;CORANTE;ENERGÉTICO;5;SAPORITI;263;SET;2026;09/2026;;
MS;2701140029;MS2701140029;TAMPA - LATA 350/269/473ML - B64;TAMPA;LATA;7188480;CROWN;1725235,2;JUL;2026;07/2026;;
PA;10090291;PA10090291;EXTRATO DE GUARANA 200% DUAS RODAS;AROMA;REFRIGERANTE;200;DUAS RODAS;9574;SET;2026;09/2026;;
MS;2701140029;MS2701140029;TAMPA - LATA 350/269/473ML - B64;TAMPA;LATA;3594240;CROWN;862617,59999999998;AGO;2026;08/2026;;
PA;12030001;PA12030001;FILME STRETCH POLIETILENO 500X0023;FILME;STRETCH;2000;E.P.A;19600;SET;2026;09/2026;;
MS;2701140029;MS2701140029;TAMPA - LATA 350/269/473ML - B64;TAMPA;LATA;3594240;CROWN;862617,59999999998;OUT;2026;10/2026;;
PR2;2701030027;PR22701030027;TAMPA - LATA METALICA 350/269/473ML - ISE;TAMPA;LATA;9434880;CROWN;2264371,1999999997;JUL;2026;07/2026;;
PA;11040793;PA11040793;FILME TERMO - 480X0,06;FILME;REFRI;5814,5;EPA;60180,074999999997;SET;2026;09/2026;;
PR2;2701030027;PR22701030027;TAMPA - LATA METALICA 350/269/473ML - ISE;TAMPA;LATA;4717440;GERAL;1132185,5999999999;AGO;2026;08/2026;;
PR2;2701030027;PR22701030027;TAMPA - LATA METALICA 350/269/473ML - ISE;TAMPA;LATA;2358720;GERAL;566092,79999999993;SET;2026;09/2026;;
PR;2701030050;PR2701030050;TAMPA VERMELHA LISA;TAMPA;PET;453600;OXFORD PACKAGING;20162,52;JUL;2026;07/2026;;
PR2;2701030050;PR22701030050;TAMPA VERMELHA LISA;TAMPA;PET;453600;GERAL;20162,52;SET;2026;09/2026;;
MS;3002020010;MS3002020010;TERRA CELITE DIATOMITA 2500/535;TERRA;CERVEJARIA;1589;VENETO;13983,2;JUL;2026;07/2026;;
PR2;3002020010;PR23002020010;TERRA CELITE DIATOMITA 2500/535;TERRA;CERVEJARIA;5992,8;VENETO;52736,640000000007;AGO;2026;08/2026;;
MS;3002020010;MS3002020010;TERRA CELITE DIATOMITA 2500/535;TERRA;CERVEJARIA;4540;VENETO;39952;SET;2026;09/2026;;
MS;3002020009;MS3002020009;TERRA CELITE DIATOMITA SPEEDFLOW/STANDARD (VERMELHO);TERRA;CERVEJARIA;1952,2;VENETO;17179,36;JUL;2026;07/2026;;
PA;10090290;PA10090290;PREMIX ENERG EMULVIT 8942 ADM;CONCENT./KITs;C.ENERGETICO;800;KONKRETA;21440;SET;2026;09/2026;;
PR;3002020009;PR3002020009;TERRA CELITE DIATOMITA SPEEDFLOW/STANDARD (VERMELHO);TERRA;XAROPARIA;113,5;VENETO;998,80000000000007;AGO;2026;08/2026;;
PR2;3002020009;PR23002020009;TERRA CELITE DIATOMITA SPEEDFLOW/STANDARD (VERMELHO);TERRA;CERVEJARIA;3632;VENETO;31961,600000000002;AGO;2026;08/2026;;
PR;2801010091;PR2801010091;ROT SLEE NOCH MARACUJA 270ML;ROTULO;SLEEVE;200000;GERAL;24000;OUT;2026;10/2026;;
MS;2701010118;MS2701010118;ROTULO ADESIVO TUBAINA 355ML  ;ROTULO;ADESIVO;300000;GERAL;15285;OUT;2026;10/2026;;
PR;2801010088;PR2801010088;ROTULO AGUA TONICA MALDIVES 250 ML;ROTULO;SLEEVE;200000;GERAL;10142;SET;2026;09/2026;;
MS;2701010099;MS2701010099;ROTULO BAMBOA 330ML;ROTULO;ADESIVO;300000;GERAL;16665;OUT;2026;10/2026;;
SP;2801010063;SP2801010063;ROTULO BOPP AGUA C/ GAS HIDRATAR 500ML                   ;ROTULO;BOPP;3000000;GERAL;31680;SET;2026;09/2026;;
PR;2801010093;PR2801010093;ROTULO FURIOSO AÇAI 250ML;ROTULO;SLEEVE;200000;GERAL;10075,4;OUT;2026;10/2026;;
PR;2801010099;PR2801010099;ROTULO FURIOSO 250ML;ROTULO;SLEEVE;1800000;CCL;90678,599999999991;OUT;2026;10/2026;;
PR;2801010094;PR2801010094;ROTULO FURIOSO CITRUS 250 ML;ROTULO;SLEEVE;150000;GERAL;7556,5499999999993;SET;2026;09/2026;;
PA;11080235;PA11080235;ROTULO FURIOSO MELANCIA E MORANGO 250ML;ROTULO;SLEEVE-PA;105000;CCL;6910,0500000000011;SET;2026;09/2026;;
PR;2801010097;PR2801010097;ROTULO FURIOSO MELANCIA E MORANGO 250ML;ROTULO;SLEEVE;200000;GERAL;10075,4;OUT;2026;10/2026;;
PR;2801010095;PR2801010095;ROTULO FURIOSO MELAO 250ML;ROTULO;SLEEVE;200000;GERAL;10075,4;OUT;2026;10/2026;;
PR;2801010101;PR2801010101;ROTULO FURIOSO TROPICAL 250ML;ROTULO;SLEEVE;200000;GERAL;10075,4;SET;2026;09/2026;;
MS;2701010191;MS2701010191;ROTULO FURIOSO 2L;ROTULO;SLEEVE;200000;CCL;41240;SET;2026;09/2026;;
PA;11080233;PA11080233;ROTULO FURIOSO 2L;ROTULO;SLEEVE-PA;200000;CCL;57464,000000000007;SET;2026;09/2026;;
PR;2801010100;PR2801010100;ROTULO FURIOSO 2L;ROTULO;SLEEVE;150000;GERAL;30930;SET;2026;09/2026;;
PR;2801010102;PR2801010102;ROTULO FURIOSO TROPICAL 2L;ROTULO;SLEEVE;200000;GERAL;41240;SET;2026;09/2026;;
PA;11080291;PA11080291;ROTULO FURIOSO UVA VERDE 2L;ROTULO;SLEEVE-PA;100000;CCL;28732,000000000004;SET;2026;09/2026;;
PR2;2701010149;PR22701010149;ROTULO REFRIKO TUBAÍNA 200 ML ;ROTULO;BOPP;3000000;GERAL;24000;OUT;2026;10/2026;;
PR2;2701010137;PR22701010137;ROTULO GUARANA REDUZIDO 200 ML ;ROTULO;BOPP;2000000;GERAL;16000;OUT;2026;10/2026;;
PR2;2801010072;PR22801010072;ROTULO GUARANA REDUZIDO 200 ML ;ROTULO;BOPP;100000;GERAL;800;OUT;2026;10/2026;;
PR2;2701010143;PR22701010143;ROTULO REFRIKO LARANJA DQI1% 200 ML ;ROTULO;BOPP;2500000;GERAL;20000;OUT;2026;10/2026;;
PR2;2801010075;PR22801010075;ROTULO REFRIKO LARANJA DQI1% 200 ML;ROTULO;BOPP;100000;GERAL;800;OUT;2026;10/2026;;
MS;2701010138;MS2701010138;ROTULO GUARANA 2L;ROTULO;BOPP;106000;GERAL;3762,9999999999995;SET;2026;09/2026;;
PR;2701010138;PR2701010138;ROTULO GUARANA 2L;ROTULO;BOPP;100000;GERAL;3549,9999999999995;SET;2026;09/2026;;
PR2;2701010138;PR22701010138;ROTULO GUARANA 2L;ROTULO;BOPP;250000;GERAL;8875;OUT;2026;10/2026;;
PA;11080241;PA11080241;RÓTULO MICOS COLA 2,5L;ROTULO;BOPP-PA;400000;ELLOFLEX;13580;SET;2026;09/2026;;
PA;11080246;PA11080246;RÓTULO MICOS GUARANÁ 200ML;ROTULO;BOPP-PA;500000;ELLOFLEX;2950;SET;2026;09/2026;;
PA;11080247;PA11080247;ROTULO MICOS GUARANA 2L;ROTULO;BOPP-PA;400000;ELLOFLEX;16652;SET;2026;09/2026;;
PA;11080249;PA11080249;RÓTULO MICOS LARANJA 2,5L;ROTULO;BOPP-PA;464848;ELLOFLEX;15781,589600000001;SET;2026;09/2026;;
PR2;2701010132;PR22701010132;ROTULO REFRIKO COLA 2L;ROTULO;BOPP;400000;GERAL;21792;SET;2026;09/2026;;
MS;2701010144;MS2701010144;ROTULO REFRIKO LARANJA DQI1% 2L;ROTULO;BOPP;70000;GERAL;2485;SET;2026;09/2026;;
PR;2701010144;PR2701010144;ROTULO REFRIKO LARANJA DQI1% 2L;ROTULO;BOPP;330000;GERAL;11714,999999999998;OUT;2026;10/2026;;
PR;2701010155;PR2701010155;ROTULO REFRIKO UVA DQI1% 2L;ROTULO;BOPP;400000;GERAL;14199,999999999998;OUT;2026;10/2026;;
MS;2701010150;MS2701010150;ROTULO TUBAINA 2L;ROTULO;BOPP;100000;GERAL;3549,9999999999995;SET;2026;09/2026;;
PR;2701010150;PR2701010150;ROTULO TUBAINA 2L;ROTULO;BOPP;50000;GERAL;1774,9999999999998;OUT;2026;10/2026;;
PR2;2701010150;PR22701010150;ROTULO TUBAINA 2L;ROTULO;BOPP;250000;GERAL;13620;OUT;2026;10/2026;;
PR2;2701010153;PR22701010153;ROTULO TUBAINA 2L S/ AÇUCAR;ROTULO;BOPP;400000;GERAL;21792;OUT;2026;10/2026;;
PR2;2701010156;PR22701010156;ROTULO BOPP REFRISHOW GUARANA 2 L;ROTULO;BOPP;0;GERAL;0;SET;2026;09/2026;;
MS;2701010163;MS2701010163;ROTULO TUBA JUJUBA 2L;ROTULO;BOPP;250000;GERAL;8875;SET;2026;09/2026;;
PR2;2701010163;PR22701010163;ROTULO TUBA JUJUBA 2L;ROTULO;BOPP;150000;GERAL;5324,9999999999991;OUT;2026;10/2026;;
MS;3002020009;MS3002020009;TERRA CELITE DIATOMITA SPEEDFLOW/STANDARD (VERMELHO);TERRA;CERVEJARIA;1589;VENETO;13983,2;SET;2026;09/2026;;
PR2;3002020008;PR23002020008;TERRA DIATOMITA 215/FILTER CEL;TERRA;XAROPARIA;113,5;VENETO;998,80000000000007;AGO;2026;08/2026;;
MS;2701030041;MS2701030041;TAMPA AZUL BAMBOA (VODKA BAMBOA);TAMPA;VIDRO NAC;400000;GERAL;120000;OUT;2026;10/2026;;
MS;2701030035;MS2701030035;TAMPA METALICA PRETA LISA;TAMPA;VIDRO NAC;500000;GERAL;24500;OUT;2026;10/2026;;
PR;3002020011;PR3002020011;TERRA DIATOMITA 341/HYFLOW (AZUL);TERRA;XAROPARIA;771,8;VENETO ;6791,84;AGO;2026;08/2026;;
MS;3002020011;MS3002020011;TERRA DIATOMITA 341/HYFLOW (AZUL);TERRA;XAROPARIA;318;VENETO ;2798,4;SET;2026;09/2026;;
MS;2701150003;MS2701150003;VASILHAME NOVO 330ML;VASILHAME;LONGNECK;95480;VIDRO PORTO ;84022,399999999994;JUL;2026;07/2026;;
MS;2701150003;MS2701150003;VASILHAME NOVO 330ML;VASILHAME;LONGNECK;0;GERAL;0;AGO;2026;08/2026;;
MS;2701150004;MS2701150004;VASILHAME OW 600ML (BELLA ROMA);VASILHAME;NORMAL;170100;VIDRO PORTO ;192212,99999999997;JUL;2026;07/2026;;
PA;11040007;PA11040007;FILME TERMO ENCOLHIVEL 420 X 0,06;FILME;REFR/ENERG.;555;GERAL;5744,25;JUL;2026;07/2026;;
MS;2701150009;MS2701150009;VASILHAME TUBAINA CRISTAL LONGNECK 355ML;VASILHAME;NORMAL;92400;VIDRO PORTO ;48972;JUL;2026;07/2026;;
MS;2701150009;MS2701150009;VASILHAME TUBAINA CRISTAL LONGNECK 355ML;VASILHAME;NORMAL;0;GERAL;0;AGO;2026;08/2026;;
MS;2701170003;MS2701170003;VINHO DE MESA TINTO SECO GRANEL;VINHO;TANQUE;158000;BEBIDAS GAZZI;663600;JUL;2026;07/2026;;
MS;2701170003;MS2701170003;VINHO DE MESA TINTO SECO GRANEL;VINHO;TANQUE;84000;GAZZI;352800;AGO;2026;08/2026;;
MS;2701190004;MS2701190004;XAROPE DE HIGH MALTOSE 25KG (BREWGILL);CERVEJARIA;OUTROS;60690;GERAL;168718,19999999998;JUL;2026;07/2026;;
PR2;2701190004;PR22701190004;XAROPE DE HIGH MALTOSE 25KG (BREWGILL);CERVEJARIA;OUTROS;136360;CARGILL;308173,59999999998;JUL;2026;07/2026;;
PR2;2701030027;PR22701030027;TAMPA - LATA METALICA 350/269/473ML - ISE;TAMPA;LATA;9434880;GERAL;2264371,1999999997;OUT;2026;10/2026;;
MS;2701190004;MS2701190004;XAROPE DE HIGH MALTOSE 25KG (BREWGILL);CERVEJARIA;OUTROS;60330;TEREOS;167717,4;AGO;2026;08/2026;;
PR2;2701190004;PR22701190004;XAROPE DE HIGH MALTOSE 25KG (BREWGILL);CERVEJARIA;OUTROS;137380;GERAL;310478,8;AGO;2026;08/2026;;
MS;2701190001;MS2701190001;MALTE PILSEN BAG 1000 - BARLEY;CERVEJARIA;MALTE;133640;GERAL;439675,6;JAN;2026;01/2026;;
MS;2701190001;MS2701190001;MALTE PILSEN BAG 1000 - BARLEY;CERVEJARIA;MALTE;274760;GERAL;903960,4;FEV;2026;02/2026;;
MS;2701190001;MS2701190001;MALTE PILSEN BAG 1000 - BARLEY;CERVEJARIA;MALTE;198400;GERAL;652736;MAR;2026;03/2026;;
MS;2701190001;MS2701190001;MALTE PILSEN BAG 1000 - BARLEY;CERVEJARIA;MALTE;168180;GERAL;553312,19999999995;ABR;2026;04/2026;;
MS;2701190001;MS2701190001;MALTE PILSEN BAG 1000 - BARLEY;CERVEJARIA;MALTE;167660;GERAL;551601,4;MAI;2026;05/2026;;
MS;2701190001;MS2701190001;MALTE PILSEN BAG 1000 - BARLEY;CERVEJARIA;MALTE;138200;GERAL;454678;JUN;2026;06/2026;;
MS;2701190001;MS2701190001;MALTE PILSEN BAG 1000 - BARLEY;CERVEJARIA;MALTE;67020;GERAL;220495,8;AGO;2026;08/2026;;
PR2;2701190001;PR22701190001;MALTE PILSEN BAG 1000 - BARLEY;CERVEJARIA;MALTE;65580;GERAL;233464,80000000002;MAI;2026;05/2026;;
PR2;2701190001;PR22701190001;MALTE PILSEN BAG 1000 - BARLEY;CERVEJARIA;MALTE;201640;GERAL;717838,4;JUN;2026;06/2026;;
MS;2701190004;MS2701190004;XAROPE DE HIGH MALTOSE 25KG (BREWGILL);CERVEJARIA;OUTROS;149840;GERAL;416555,19999999995;JAN;2026;01/2026;;
MS;2701190004;MS2701190004;XAROPE DE HIGH MALTOSE 25KG (BREWGILL);CERVEJARIA;OUTROS;152240;GERAL;423227,19999999995;FEV;2026;02/2026;;
MS;2701190004;MS2701190004;XAROPE DE HIGH MALTOSE 25KG (BREWGILL);CERVEJARIA;OUTROS;123110;GERAL;342245,8;MAR;2026;03/2026;;
MS;2701190004;MS2701190004;XAROPE DE HIGH MALTOSE 25KG (BREWGILL);CERVEJARIA;OUTROS;119370;GERAL;331848,59999999998;ABR;2026;04/2026;;
MS;2701190004;MS2701190004;XAROPE DE HIGH MALTOSE 25KG (BREWGILL);CERVEJARIA;OUTROS;152570;GERAL;424144,6;MAI;2026;05/2026;;
MS;2701190004;MS2701190004;XAROPE DE HIGH MALTOSE 25KG (BREWGILL);CERVEJARIA;OUTROS;153730;GERAL;427369,39999999997;JUN;2026;06/2026;;
PR2;2701190004;PR22701190004;XAROPE DE HIGH MALTOSE 25KG (BREWGILL);CERVEJARIA;OUTROS;67440;GERAL;152414,39999999999;MAI;2026;05/2026;;
PR2;2701190004;PR22701190004;XAROPE DE HIGH MALTOSE 25KG (BREWGILL);CERVEJARIA;OUTROS;171100;GERAL;386685,99999999994;JUN;2026;06/2026;;
PR;2801170001;PR2801170001;AGUARDENTE DE CANA CACHACA LT;CACHAÇA;TANQUE;44820; TIROLLI;101293,2;FEV;2025;02/2025;;
PR;2801170001;PR2801170001;AGUARDENTE DE CANA CACHACA LT;CACHAÇA;TANQUE;59680;GERAL;134876,79999999999;MAR;2025;03/2025;;
PR;2801170001;PR2801170001;AGUARDENTE DE CANA CACHACA LT;CACHAÇA;TANQUE;59750;GERAL;135035;SET;2025;09/2025;;
PR;2801170001;PR2801170001;AGUARDENTE DE CANA CACHACA LT;CACHAÇA;TANQUE;20000;GERAL;45199,999999999993;MAI;2026;05/2026;;
PR;2801170001;PR2801170001;AGUARDENTE DE CANA CACHACA LT;CACHAÇA;TANQUE;20000;GERAL;45199,999999999993;JUL;2026;07/2026;;
MS;2701170002;MS2701170002;ETANOL NEUTRO ALCOOL ETILICO POT 96º-IND;ETANOL;TANQUE;45595;GERAL;203992,03;FEV;2025;02/2025;;
MS;2701170002;MS2701170002;ETANOL NEUTRO ALCOOL ETILICO POT 96º-IND;ETANOL;TANQUE;55677;GERAL;249098,89800000002;MAR;2025;03/2025;;
MS;2701170002;MS2701170002;ETANOL NEUTRO ALCOOL ETILICO POT 96º-IND;ETANOL;TANQUE;45563;GERAL;203848,86200000002;ABR;2025;04/2025;;
MS;2701170002;MS2701170002;ETANOL NEUTRO ALCOOL ETILICO POT 96º-IND;ETANOL;TANQUE;46381;GERAL;207508,59400000001;MAI;2025;05/2025;;
MS;2701170002;MS2701170002;ETANOL NEUTRO ALCOOL ETILICO POT 96º-IND;ETANOL;TANQUE;46182;GERAL;206618,26800000001;JUN;2025;06/2025;;
MS;2701170002;MS2701170002;ETANOL NEUTRO ALCOOL ETILICO POT 96º-IND;ETANOL;TANQUE;45898;GERAL;205347,652;JUL;2025;07/2025;;
MS;2701170002;MS2701170002;ETANOL NEUTRO ALCOOL ETILICO POT 96º-IND;ETANOL;TANQUE;40030;GERAL;179094,22;AGO;2025;08/2025;;
MS;2701170002;MS2701170002;ETANOL NEUTRO ALCOOL ETILICO POT 96º-IND;ETANOL;TANQUE;45690;GERAL;204417,06;SET;2025;09/2025;;
PR;2701170002;PR2701170002;ETANOL NEUTRO ALCOOL ETILICO POT 96º-IND;ETANOL;TANQUE;17101;GERAL;76509,873999999996;SET;2025;09/2025;;
MS;2701170002;MS2701170002;ETANOL NEUTRO ALCOOL ETILICO POT 96º-IND;ETANOL;TANQUE;45579;GERAL;203920,446;OUT;2025;10/2025;;
MS;2701170002;MS2701170002;ETANOL NEUTRO ALCOOL ETILICO POT 96º-IND;ETANOL;TANQUE;45761;GERAL;204734,71400000001;NOV;2025;11/2025;;
PR;2701170002;PR2701170002;ETANOL NEUTRO ALCOOL ETILICO POT 96º-IND;ETANOL;TANQUE;16000;GERAL;71584;DEZ;2025;12/2025;;
MS;2701170002;MS2701170002;ETANOL NEUTRO ALCOOL ETILICO POT 96º-IND;ETANOL;TANQUE;1000;GERAL;4474;JAN;2026;01/2026;;
MS;2701170002;MS2701170002;ETANOL NEUTRO ALCOOL ETILICO POT 96º-IND;ETANOL;TANQUE;46163;GERAL;206533,26200000002;FEV;2026;02/2026;;
MS;2701170002;MS2701170002;ETANOL NEUTRO ALCOOL ETILICO POT 96º-IND;ETANOL;TANQUE;91501;GERAL;409375,47400000005;MAR;2026;03/2026;;
MS;2701170002;MS2701170002;ETANOL NEUTRO ALCOOL ETILICO POT 96º-IND;ETANOL;TANQUE;45683;GERAL;204385,742;ABR;2026;04/2026;;
MS;2701170002;MS2701170002;ETANOL NEUTRO ALCOOL ETILICO POT 96º-IND;ETANOL;TANQUE;46850;GERAL;209606,90000000002;MAI;2026;05/2026;;
PR;2701170002;PR2701170002;ETANOL NEUTRO ALCOOL ETILICO POT 96º-IND;ETANOL;TANQUE;16102;GERAL;72040,347999999998;FEV;2026;02/2026;;
PR2;2701190001;PR22701190001;MALTE PILSEN BAG 1000 - BARLEY;CERVEJARIA;MALTE;201960;GERAL;718977,6;AGO;2026;08/2026;;
MS;2701170003;MS2701170003;VINHO DE MESA TINTO SECO GRANEL;VINHO;TANQUE;84000;GERAL;352800;JAN;2026;01/2026;;
MS;2701170003;MS2701170003;VINHO DE MESA TINTO SECO GRANEL;VINHO;TANQUE;252000;GERAL;1058400;FEV;2026;02/2026;;
MS;2701170003;MS2701170003;VINHO DE MESA TINTO SECO GRANEL;VINHO;TANQUE;163000;GERAL;684600;MAR;2026;03/2026;;
MS;2701170003;MS2701170003;VINHO DE MESA TINTO SECO GRANEL;VINHO;TANQUE;242000;GERAL;1016400;ABR;2026;04/2026;;
MS;2701170003;MS2701170003;VINHO DE MESA TINTO SECO GRANEL;VINHO;TANQUE;200000;GERAL;840000;MAI;2026;05/2026;;
MS;2701170003;MS2701170003;VINHO DE MESA TINTO SECO GRANEL;VINHO;TANQUE;126000;GERAL;529200;JUN;2026;06/2026;;
MS;2701140006;MS2701140006;LATA AL BELA ROMA / 473ML ;LATA;BELLA ROMA;143152;GERAL;73007,520000000004;JAN;2025;01/2025;;
MS;2701140018;MS2701140018;LATA AL 350ML MOEMA;LATA;MOEMA;73521;GERAL;27937,98;JAN;2025;01/2025;;
MS;2701140018;MS2701140018;LATA AL 350ML MOEMA;LATA;MOEMA;73521;GERAL;27937,98;JAN;2025;01/2025;;
MS;2701140030;MS2701140030;LATA AL 350ML UVA DQI1%;LATA;REFRIKO;40845;GERAL;15521,1;JAN;2025;01/2025;;
MS;2701140018;MS2701140018;LATA AL 350ML MOEMA;LATA;MOEMA;187887;GERAL;71397,06;JAN;2025;01/2025;;
MS;2701140018;MS2701140018;LATA AL 350ML MOEMA;LATA;MOEMA;187887;GERAL;71397,06;JAN;2025;01/2025;;
MS;2701140018;MS2701140018;LATA AL 350ML MOEMA;LATA;MOEMA;138873;GERAL;52771,74;JAN;2025;01/2025;;
MS;2701140018;MS2701140018;LATA AL 350ML MOEMA;LATA;MOEMA;163380;GERAL;62084,4;JAN;2025;01/2025;;
MS;2701140018;MS2701140018;LATA AL 350ML MOEMA;LATA;MOEMA;114366;GERAL;43459,08;JAN;2025;01/2025;;
MS;2701140018;MS2701140018;LATA AL 350ML MOEMA;LATA;MOEMA;73521;GERAL;27937,98;JAN;2025;01/2025;;
MS;2701140019;MS2701140019;LATA AL 473ML MOEMA;LATA;MOEMA;143152;GERAL;73007,520000000004;JAN;2025;01/2025;;
MS;2701140018;MS2701140018;LATA AL 350ML MOEMA;LATA;MOEMA;187887;GERAL;71397,06;JAN;2025;01/2025;;
MS;2701140026;MS2701140026;LATA AL 473ML FURIOSO;LATA;FURIOSO;62240;GERAL;31742,400000000001;JAN;2025;01/2025;;
MS;2701140028;MS2701140028;LATA AL 473ML MORANGO E MELANCIA ZERO;LATA;FURIOSO;18672;GERAL;9522,7199999999993;JAN;2025;01/2025;;
MS;2701140018;MS2701140018;LATA AL 350ML MOEMA;LATA;MOEMA;8169;GERAL;3104,2200000000003;JAN;2025;01/2025;;
MS;2701140018;MS2701140018;LATA AL 350ML MOEMA;LATA;MOEMA;163380;GERAL;62084,4;JAN;2025;01/2025;;
MS;2701140018;MS2701140018;LATA AL 350ML MOEMA;LATA;MOEMA;24507;GERAL;9312,66;JAN;2025;01/2025;;
MS;2701140018;MS2701140018;LATA AL 350ML MOEMA;LATA;MOEMA;73521;GERAL;27937,98;JAN;2025;01/2025;;
MS;2701140018;MS2701140018;LATA AL 350ML MOEMA;LATA;MOEMA;114366;GERAL;43459,08;JAN;2025;01/2025;;
MS;2701140018;MS2701140018;LATA AL 350ML MOEMA;LATA;MOEMA;187887;GERAL;71397,06;JAN;2025;01/2025;;
MS;2701140006;MS2701140006;LATA AL BELA ROMA / 473ML ;LATA;BELLA ROMA;143152;GERAL;73007,520000000004;JAN;2025;01/2025;;
MS;2701140019;MS2701140019;LATA AL 473ML MOEMA;LATA;MOEMA;143152;GERAL;73007,520000000004;JAN;2025;01/2025;;
MS;2701140039;MS2701140039;LATA AL 269ML MOEMA;LATA;MOEMA;255024;GERAL;10711,008;JAN;2025;01/2025;;
MS;2701140018;MS2701140018;LATA AL 350ML MOEMA;LATA;MOEMA;138873;GERAL;52771,74;JAN;2025;01/2025;;
MS;2701140018;MS2701140018;LATA AL 350ML MOEMA;LATA;MOEMA;163380;GERAL;62084,4;JAN;2025;01/2025;;
MS;2701140018;MS2701140018;LATA AL 350ML MOEMA;LATA;MOEMA;187887;GERAL;71397,06;JAN;2025;01/2025;;
MS;2701140019;MS2701140019;LATA AL 473ML MOEMA;LATA;MOEMA;143152;GERAL;73007,520000000004;JAN;2025;01/2025;;
MS;2701140018;MS2701140018;LATA AL 350ML MOEMA;LATA;MOEMA;187887;GERAL;71397,06;JAN;2025;01/2025;;
MS;2701140019;MS2701140019;LATA AL 473ML MOEMA;LATA;MOEMA;143152;GERAL;73007,520000000004;JAN;2025;01/2025;;
MS;2701140018;MS2701140018;LATA AL 350ML MOEMA;LATA;MOEMA;187887;GERAL;71397,06;JAN;2025;01/2025;;
MS;2701140018;MS2701140018;LATA AL 350ML MOEMA;LATA;MOEMA;187887;GERAL;71397,06;JAN;2025;01/2025;;
MS;2701140018;MS2701140018;LATA AL 350ML MOEMA;LATA;MOEMA;163380;GERAL;62084,4;JAN;2025;01/2025;;
MS;2701140018;MS2701140018;LATA AL 350ML MOEMA;LATA;MOEMA;138873;GERAL;52771,74;JAN;2025;01/2025;;
MS;2701140019;MS2701140019;LATA AL 473ML MOEMA;LATA;MOEMA;143152;GERAL;73007,520000000004;JAN;2025;01/2025;;
MS;2701140018;MS2701140018;LATA AL 350ML MOEMA;LATA;MOEMA;187887;GERAL;71397,06;JAN;2025;01/2025;;
MS;2701140018;MS2701140018;LATA AL 350ML MOEMA;LATA;MOEMA;187887;GERAL;71397,06;JAN;2025;01/2025;;
MS;2701140018;MS2701140018;LATA AL 350ML MOEMA;LATA;MOEMA;57183;GERAL;21729,54;JAN;2025;01/2025;;
MS;2701140018;MS2701140018;LATA AL 350ML MOEMA;LATA;MOEMA;187887;GERAL;71397,06;JAN;2025;01/2025;;
MS;2701140018;MS2701140018;LATA AL 350ML MOEMA;LATA;MOEMA;163380;GERAL;62084,4;JAN;2025;01/2025;;
MS;2701140018;MS2701140018;LATA AL 350ML MOEMA;LATA;MOEMA;81690;GERAL;31042,2;JAN;2025;01/2025;;
MS;2701140018;MS2701140018;LATA AL 350ML MOEMA;LATA;MOEMA;187887;GERAL;71397,06;JAN;2025;01/2025;;
MS;2701140006;MS2701140006;LATA AL BELA ROMA / 473ML ;LATA;BELLA ROMA;143152;GERAL;73007,520000000004;JAN;2025;01/2025;;
MS;2701140018;MS2701140018;LATA AL 350ML MOEMA;LATA;MOEMA;187887;GERAL;71397,06;JAN;2025;01/2025;;
MS;2701140039;MS2701140039;LATA AL 269ML MOEMA;LATA;MOEMA;255024;GERAL;10711,008;JAN;2025;01/2025;;
MS;2701140006;MS2701140006;LATA AL BELA ROMA / 473ML ;LATA;BELLA ROMA;124480;GERAL;63484,800000000003;JAN;2025;01/2025;;
MS;2701140006;MS2701140006;LATA AL BELA ROMA / 473ML ;LATA;BELLA ROMA;105808;GERAL;53962,080000000002;JAN;2025;01/2025;;
MS;2701140018;MS2701140018;LATA AL 350ML MOEMA;LATA;MOEMA;187887;GERAL;71397,06;FEV;2025;02/2025;;
MS;2701140003;MS2701140003;LATA AL 355ML BAMBOA LAGER;LATA;BAMBOA;194304;GERAL;83550,720000000001;FEV;2025;02/2025;;
MS;2701140019;MS2701140019;LATA AL 473ML MOEMA;LATA;MOEMA;143152;GERAL;73007,520000000004;FEV;2025;02/2025;;
MS;2701140019;MS2701140019;LATA AL 473ML MOEMA;LATA;MOEMA;143152;GERAL;73007,520000000004;FEV;2025;02/2025;;
MS;2701140006;MS2701140006;LATA AL BELA ROMA / 473ML ;LATA;BELLA ROMA;143152;GERAL;73007,520000000004;FEV;2025;02/2025;;
MS;2701140018;MS2701140018;LATA AL 350ML MOEMA;LATA;MOEMA;187887;GERAL;71397,06;FEV;2025;02/2025;;
MS;2701140019;MS2701140019;LATA AL 473ML MOEMA;LATA;MOEMA;124480;GERAL;63484,800000000003;FEV;2025;02/2025;;
MS;2701140019;MS2701140019;LATA AL 473ML MOEMA;LATA;MOEMA;105808;GERAL;53962,080000000002;FEV;2025;02/2025;;
MS;2701140018;MS2701140018;LATA AL 350ML MOEMA;LATA;MOEMA;187887;GERAL;71397,06;FEV;2025;02/2025;;
MS;2701140018;MS2701140018;LATA AL 350ML MOEMA;LATA;MOEMA;187887;GERAL;71397,06;FEV;2025;02/2025;;
MS;2701140019;MS2701140019;LATA AL 473ML MOEMA;LATA;MOEMA;143152;GERAL;73007,520000000004;FEV;2025;02/2025;;
MS;2701140006;MS2701140006;LATA AL BELA ROMA / 473ML ;LATA;BELLA ROMA;105808;GERAL;53962,080000000002;FEV;2025;02/2025;;
MS;2701140018;MS2701140018;LATA AL 350ML MOEMA;LATA;MOEMA;187887;GERAL;71397,06;FEV;2025;02/2025;;
MS;2701140006;MS2701140006;LATA AL BELA ROMA / 473ML ;LATA;BELLA ROMA;124480;GERAL;63484,800000000003;FEV;2025;02/2025;;
MS;2701140018;MS2701140018;LATA AL 350ML MOEMA;LATA;MOEMA;187887;GERAL;71397,06;FEV;2025;02/2025;;
MS;2701140018;MS2701140018;LATA AL 350ML MOEMA;LATA;MOEMA;187887;GERAL;71397,06;FEV;2025;02/2025;;
MS;2701140019;MS2701140019;LATA AL 473ML MOEMA;LATA;MOEMA;143152;GERAL;73007,520000000004;FEV;2025;02/2025;;
MS;2701140019;MS2701140019;LATA AL 473ML MOEMA;LATA;MOEMA;143152;GERAL;73007,520000000004;FEV;2025;02/2025;;
MS;2701140039;MS2701140039;LATA AL 269ML MOEMA;LATA;MOEMA;99792;GERAL;4191,2640000000001;FEV;2025;02/2025;;
MS;2701140018;MS2701140018;LATA AL 350ML MOEMA;LATA;MOEMA;114366;GERAL;43459,08;FEV;2025;02/2025;;
MS;2701140026;MS2701140026;LATA AL 473ML FURIOSO;LATA;FURIOSO;143152;GERAL;73007,520000000004;FEV;2025;02/2025;;
MS;2701140039;MS2701140039;LATA AL 269ML MOEMA;LATA;MOEMA;255024;GERAL;10711,008;FEV;2025;02/2025;;
MS;2701140018;MS2701140018;LATA AL 350ML MOEMA;LATA;MOEMA;187887;GERAL;71397,06;FEV;2025;02/2025;;
MS;2701140018;MS2701140018;LATA AL 350ML MOEMA;LATA;MOEMA;187887;GERAL;71397,06;FEV;2025;02/2025;;
MS;2701140030;MS2701140030;LATA AL 350ML UVA DQI1%;LATA;REFRIKO;8169;GERAL;3104,2200000000003;FEV;2025;02/2025;;
MS;2701140018;MS2701140018;LATA AL 350ML MOEMA;LATA;MOEMA;73521;GERAL;27937,98;FEV;2025;02/2025;;
MS;2701140018;MS2701140018;LATA AL 350ML MOEMA;LATA;MOEMA;187887;GERAL;71397,06;FEV;2025;02/2025;;
MS;2701140030;MS2701140030;LATA AL 350ML UVA DQI1%;LATA;REFRIKO;32676;GERAL;12416,880000000001;FEV;2025;02/2025;;
MS;2701140020;MS2701140020;LATA AL 350ML COLA;LATA;REFRIKO;16338;GERAL;6208,4400000000005;FEV;2025;02/2025;;
MS;2701140025;MS2701140025;LATA AL 350ML GUARANA;LATA;REFRIKO;57183;GERAL;21729,54;FEV;2025;02/2025;;
MS;2701140018;MS2701140018;LATA AL 350ML MOEMA;LATA;MOEMA;163380;GERAL;62084,4;FEV;2025;02/2025;;
MS;2701140018;MS2701140018;LATA AL 350ML MOEMA;LATA;MOEMA;40845;GERAL;15521,1;FEV;2025;02/2025;;
MS;2701140018;MS2701140018;LATA AL 350ML MOEMA;LATA;MOEMA;98028;GERAL;37250,639999999999;FEV;2025;02/2025;;
MS;2901140013;MS2901140013;LATA CHOPP DO MARQUES 473ML;LATA;MARQUES;143152;GERAL;73007,520000000004;FEV;2025;02/2025;;
MS;2701140003;MS2701140003;LATA AL 355ML BAMBOA LAGER;LATA;BAMBOA;194304;GERAL;83550,720000000001;FEV;2025;02/2025;;
MS;2701140006;MS2701140006;LATA AL BELA ROMA / 473ML ;LATA;BELLA ROMA;118256;GERAL;60310,559999999998;FEV;2025;02/2025;;
MS;2701140028;MS2701140028;LATA AL 473ML MORANGO E MELANCIA ZERO;LATA;FURIOSO;24896;GERAL;12696,960000000001;FEV;2025;02/2025;;
MS;2701140018;MS2701140018;LATA AL 350ML MOEMA;LATA;MOEMA;89859;GERAL;34146,42;FEV;2025;02/2025;;
MS;2701140003;MS2701140003;LATA AL 355ML BAMBOA LAGER;LATA;BAMBOA;143616;GERAL;61754,879999999997;FEV;2025;02/2025;;
MS;2701140018;MS2701140018;LATA AL 350ML MOEMA;LATA;MOEMA;49014;GERAL;18625,32;FEV;2025;02/2025;;
MS;2701140019;MS2701140019;LATA AL 473ML MOEMA;LATA;MOEMA;74688;GERAL;38090,879999999997;FEV;2025;02/2025;;
MS;2701140018;MS2701140018;LATA AL 350ML MOEMA;LATA;MOEMA;138873;GERAL;52771,74;FEV;2025;02/2025;;
MS;2701140018;MS2701140018;LATA AL 350ML MOEMA;LATA;MOEMA;163380;GERAL;62084,4;FEV;2025;02/2025;;
MS;2701140019;MS2701140019;LATA AL 473ML MOEMA;LATA;MOEMA;143152;GERAL;73007,520000000004;FEV;2025;02/2025;;
MS;2701140019;MS2701140019;LATA AL 473ML MOEMA;LATA;MOEMA;143152;GERAL;73007,520000000004;FEV;2025;02/2025;;
MS;2701140006;MS2701140006;LATA AL BELA ROMA / 473ML ;LATA;BELLA ROMA;143152;GERAL;73007,520000000004;FEV;2025;02/2025;;
MS;2701140018;MS2701140018;LATA AL 350ML MOEMA;LATA;MOEMA;187887;GERAL;71397,06;FEV;2025;02/2025;;
MS;2701140018;MS2701140018;LATA AL 350ML MOEMA;LATA;MOEMA;187887;GERAL;71397,06;FEV;2025;02/2025;;
MS;2701140018;MS2701140018;LATA AL 350ML MOEMA;LATA;MOEMA;187887;GERAL;71397,06;FEV;2025;02/2025;;
MS;2701140018;MS2701140018;LATA AL 350ML MOEMA;LATA;MOEMA;187887;GERAL;71397,06;FEV;2025;02/2025;;
MS;2701140018;MS2701140018;LATA AL 350ML MOEMA;LATA;MOEMA;138873;GERAL;52771,74;FEV;2025;02/2025;;
MS;2701140018;MS2701140018;LATA AL 350ML MOEMA;LATA;MOEMA;163380;GERAL;62084,4;FEV;2025;02/2025;;
MS;2701140018;MS2701140018;LATA AL 350ML MOEMA;LATA;MOEMA;187887;GERAL;71397,06;MAR;2025;03/2025;;
MS;2701140006;MS2701140006;LATA AL BELA ROMA / 473ML ;LATA;BELLA ROMA;143152;GERAL;73007,520000000004;MAR;2025;03/2025;;
MS;2701140018;MS2701140018;LATA AL 350ML MOEMA;LATA;MOEMA;187887;GERAL;71397,06;MAR;2025;03/2025;;
MS;2701140018;MS2701140018;LATA AL 350ML MOEMA;LATA;MOEMA;187887;GERAL;71397,06;MAR;2025;03/2025;;
MS;2701140018;MS2701140018;LATA AL 350ML MOEMA;LATA;MOEMA;187887;GERAL;71397,06;MAR;2025;03/2025;;
MS;2701140018;MS2701140018;LATA AL 350ML MOEMA;LATA;MOEMA;187887;GERAL;71397,06;MAR;2025;03/2025;;
MS;2701140018;MS2701140018;LATA AL 350ML MOEMA;LATA;MOEMA;138873;GERAL;52771,74;MAR;2025;03/2025;;
MS;2701140018;MS2701140018;LATA AL 350ML MOEMA;LATA;MOEMA;163380;GERAL;62084,4;MAR;2025;03/2025;;
MS;2701140001;MS2701140001;LATA AL 269ML BAMBOA PILSEN;LATA;BAMBOA;255024;GERAL;10711,008;MAR;2025;03/2025;;
MS;2701140018;MS2701140018;LATA AL 350ML MOEMA;LATA;MOEMA;187887;GERAL;71397,06;MAR;2025;03/2025;;
MS;2701140018;MS2701140018;LATA AL 350ML MOEMA;LATA;MOEMA;187887;GERAL;71397,06;MAR;2025;03/2025;;
MS;2701140003;MS2701140003;LATA AL 355ML BAMBOA LAGER;LATA;BAMBOA;194304;GERAL;83550,720000000001;MAR;2025;03/2025;;
MS;2701140018;MS2701140018;LATA AL 350ML MOEMA;LATA;MOEMA;187887;GERAL;71397,06;MAR;2025;03/2025;;
MS;2701140018;MS2701140018;LATA AL 350ML MOEMA;LATA;MOEMA;187887;GERAL;71397,06;MAR;2025;03/2025;;
MS;2701140018;MS2701140018;LATA AL 350ML MOEMA;LATA;MOEMA;163380;GERAL;62084,4;MAR;2025;03/2025;;
MS;2701140018;MS2701140018;LATA AL 350ML MOEMA;LATA;MOEMA;138873;GERAL;52771,74;MAR;2025;03/2025;;
MS;2701140018;MS2701140018;LATA AL 350ML MOEMA;LATA;MOEMA;187887;GERAL;71397,06;MAR;2025;03/2025;;
MS;2701140018;MS2701140018;LATA AL 350ML MOEMA;LATA;MOEMA;187887;GERAL;71397,06;MAR;2025;03/2025;;
MS;2701140018;MS2701140018;LATA AL 350ML MOEMA;LATA;MOEMA;187887;GERAL;71397,06;MAR;2025;03/2025;;
MS;2701140006;MS2701140006;LATA AL BELA ROMA / 473ML ;LATA;BELLA ROMA;105808;GERAL;53962,080000000002;MAR;2025;03/2025;;
MS;2701140018;MS2701140018;LATA AL 350ML MOEMA;LATA;MOEMA;187887;GERAL;71397,06;MAR;2025;03/2025;;
MS;2701140006;MS2701140006;LATA AL BELA ROMA / 473ML ;LATA;BELLA ROMA;124480;GERAL;63484,800000000003;MAR;2025;03/2025;;
MS;2701140018;MS2701140018;LATA AL 350ML MOEMA;LATA;MOEMA;187887;GERAL;71397,06;MAR;2025;03/2025;;
MS;2701140018;MS2701140018;LATA AL 350ML MOEMA;LATA;MOEMA;187887;GERAL;71397,06;MAR;2025;03/2025;;
MS;2701140006;MS2701140006;LATA AL BELA ROMA / 473ML ;LATA;BELLA ROMA;80912;GERAL;41265,120000000003;MAR;2025;03/2025;;
MS;2701140006;MS2701140006;LATA AL BELA ROMA / 473ML ;LATA;BELLA ROMA;62240;GERAL;31742,400000000001;MAR;2025;03/2025;;
MS;2701140018;MS2701140018;LATA AL 350ML MOEMA;LATA;MOEMA;138873;GERAL;52771,74;MAR;2025;03/2025;;
MS;2701140018;MS2701140018;LATA AL 350ML MOEMA;LATA;MOEMA;163380;GERAL;62084,4;MAR;2025;03/2025;;
MS;2701140027;MS2701140027;LATA AL 473 ML FURIOSO ZERO;LATA;FURIOSO;62240;GERAL;31742,400000000001;MAR;2025;03/2025;;
MS;2701140018;MS2701140018;LATA AL 350ML MOEMA;LATA;MOEMA;187887;GERAL;71397,06;MAR;2025;03/2025;;
MS;2701140018;MS2701140018;LATA AL 350ML MOEMA;LATA;MOEMA;187887;GERAL;71397,06;MAR;2025;03/2025;;
MS;2701140018;MS2701140018;LATA AL 350ML MOEMA;LATA;MOEMA;187887;GERAL;71397,06;MAR;2025;03/2025;;
MS;2701140018;MS2701140018;LATA AL 350ML MOEMA;LATA;MOEMA;187887;GERAL;71397,06;MAR;2025;03/2025;;
MS;2701140026;MS2701140026;LATA AL 473ML FURIOSO;LATA;FURIOSO;24896;GERAL;12696,960000000001;MAR;2025;03/2025;;
MS;2701140018;MS2701140018;LATA AL 350ML MOEMA;LATA;MOEMA;187887;GERAL;71397,06;MAR;2025;03/2025;;
MS;2701140028;MS2701140028;LATA AL 473ML MORANGO E MELANCIA ZERO;LATA;FURIOSO;24896;GERAL;12696,960000000001;MAR;2025;03/2025;;
MS;2701140006;MS2701140006;LATA AL BELA ROMA / 473ML ;LATA;BELLA ROMA;56016;GERAL;28568,16;MAR;2025;03/2025;;
MS;2701140016;MS2701140016;LATA 473ML FURIOSO MELAO;LATA;FURIOSO;62240;GERAL;31742,400000000001;MAR;2025;03/2025;;
MS;2701140026;MS2701140026;LATA AL 473ML FURIOSO;LATA;FURIOSO;143152;GERAL;73007,520000000004;MAR;2025;03/2025;;
MS;2701140006;MS2701140006;LATA AL BELA ROMA / 473ML ;LATA;BELLA ROMA;143152;GERAL;73007,520000000004;MAR;2025;03/2025;;
MS;2701140018;MS2701140018;LATA AL 350ML MOEMA;LATA;MOEMA;8169;GERAL;3104,2200000000003;MAR;2025;03/2025;;
MS;2701140006;MS2701140006;LATA AL BELA ROMA / 473ML ;LATA;BELLA ROMA;143152;GERAL;73007,520000000004;MAR;2025;03/2025;;
MS;2701140042;MS2701140042;LATA DE ALUMINIO LISA 473ML;LATA;FURIOSO;143152;GERAL;73007,520000000004;MAR;2025;03/2025;;
MS;2701140006;MS2701140006;LATA AL BELA ROMA / 473ML ;LATA;BELLA ROMA;143152;GERAL;73007,520000000004;MAR;2025;03/2025;;
MS;2701140041;MS2701140041;LATA DE ALUMINIO LISA 269ML;LATA;FURIOSO;88704;GERAL;3725,5680000000002;MAR;2025;03/2025;;
MS;2701140018;MS2701140018;LATA AL 350ML MOEMA;LATA;MOEMA;163380;GERAL;62084,4;MAR;2025;03/2025;;
MS;2701140042;MS2701140042;LATA DE ALUMINIO LISA 473ML;LATA;FURIOSO;31120;GERAL;15871,2;MAR;2025;03/2025;;
MS;2701140018;MS2701140018;LATA AL 350ML MOEMA;LATA;MOEMA;24507;GERAL;9312,66;MAR;2025;03/2025;;
MS;2701140018;MS2701140018;LATA AL 350ML MOEMA;LATA;MOEMA;187887;GERAL;71397,06;MAR;2025;03/2025;;
MS;2701140018;MS2701140018;LATA AL 350ML MOEMA;LATA;MOEMA;187887;GERAL;71397,06;ABR;2025;04/2025;;
MS;2701140018;MS2701140018;LATA AL 350ML MOEMA;LATA;MOEMA;187887;GERAL;71397,06;ABR;2025;04/2025;;
MS;2701140018;MS2701140018;LATA AL 350ML MOEMA;LATA;MOEMA;187887;GERAL;71397,06;ABR;2025;04/2025;;
MS;2701140018;MS2701140018;LATA AL 350ML MOEMA;LATA;MOEMA;187887;GERAL;71397,06;ABR;2025;04/2025;;
MS;2701140018;MS2701140018;LATA AL 350ML MOEMA;LATA;MOEMA;138873;GERAL;52771,74;ABR;2025;04/2025;;
MS;2701140018;MS2701140018;LATA AL 350ML MOEMA;LATA;MOEMA;163380;GERAL;62084,4;ABR;2025;04/2025;;
MS;2701140018;MS2701140018;LATA AL 350ML MOEMA;LATA;MOEMA;187887;GERAL;71397,06;ABR;2025;04/2025;;
MS;2701140018;MS2701140018;LATA AL 350ML MOEMA;LATA;MOEMA;138873;GERAL;52771,74;ABR;2025;04/2025;;
MS;2701140018;MS2701140018;LATA AL 350ML MOEMA;LATA;MOEMA;163380;GERAL;62084,4;ABR;2025;04/2025;;
MS;2701140006;MS2701140006;LATA AL BELA ROMA / 473ML ;LATA;BELLA ROMA;143152;GERAL;73007,520000000004;ABR;2025;04/2025;;
MS;2701140006;MS2701140006;LATA AL BELA ROMA / 473ML ;LATA;BELLA ROMA;143152;GERAL;73007,520000000004;ABR;2025;04/2025;;
MS;2701140018;MS2701140018;LATA AL 350ML MOEMA;LATA;MOEMA;187887;GERAL;71397,06;ABR;2025;04/2025;;
MS;2701140018;MS2701140018;LATA AL 350ML MOEMA;LATA;MOEMA;187887;GERAL;71397,06;ABR;2025;04/2025;;
MS;2701140025;MS2701140025;LATA AL 350ML GUARANA;LATA;REFRIKO;65352;GERAL;24833,760000000002;ABR;2025;04/2025;;
MS;2701140021;MS2701140021;LATA AL 350ML LARANJA;LATA;REFRIKO;106197;GERAL;40354,86;ABR;2025;04/2025;;
MS;2701140020;MS2701140020;LATA AL 350ML COLA;LATA;REFRIKO;40845;GERAL;15521,1;ABR;2025;04/2025;;
MS;2701140018;MS2701140018;LATA AL 350ML MOEMA;LATA;MOEMA;187887;GERAL;71397,06;ABR;2025;04/2025;;
MS;2701140018;MS2701140018;LATA AL 350ML MOEMA;LATA;MOEMA;187887;GERAL;71397,06;ABR;2025;04/2025;;
MS;2701140018;MS2701140018;LATA AL 350ML MOEMA;LATA;MOEMA;138873;GERAL;52771,74;ABR;2025;04/2025;;
MS;2701140018;MS2701140018;LATA AL 350ML MOEMA;LATA;MOEMA;40845;GERAL;15521,1;ABR;2025;04/2025;;
MS;2701140018;MS2701140018;LATA AL 350ML MOEMA;LATA;MOEMA;187887;GERAL;71397,06;ABR;2025;04/2025;;
MS;2701140018;MS2701140018;LATA AL 350ML MOEMA;LATA;MOEMA;163380;GERAL;62084,4;ABR;2025;04/2025;;
MS;2701140018;MS2701140018;LATA AL 350ML MOEMA;LATA;MOEMA;122535;GERAL;46563,3;ABR;2025;04/2025;;
MS;2701140023;MS2701140023;LATA AL 350ML TUBAINA;LATA;REFRIKO;65352;GERAL;24833,760000000002;ABR;2025;04/2025;;
MS;2701140018;MS2701140018;LATA AL 350ML MOEMA;LATA;MOEMA;122535;GERAL;46563,3;ABR;2025;04/2025;;
MS;2901140013;MS2901140013;LATA CHOPP DO MARQUES 473ML;LATA;MARQUES;136928;GERAL;69833,279999999999;ABR;2025;04/2025;;
MS;2701140006;MS2701140006;LATA AL BELA ROMA / 473ML ;LATA;BELLA ROMA;143152;GERAL;73007,520000000004;ABR;2025;04/2025;;
MS;2701140006;MS2701140006;LATA AL BELA ROMA / 473ML ;LATA;BELLA ROMA;6224;GERAL;3174,2400000000002;ABR;2025;04/2025;;
MS;2701140018;MS2701140018;LATA AL 350ML MOEMA;LATA;MOEMA;106197;GERAL;40354,86;ABR;2025;04/2025;;
MS;2701140018;MS2701140018;LATA AL 350ML MOEMA;LATA;MOEMA;163380;GERAL;62084,4;ABR;2025;04/2025;;
MS;2701140040;MS2701140040;LATA CER MOEMA PILSEN URUGUAI 473ML                       ;LATA;MOEMA;62240;GERAL;32682,224000000002;ABR;2025;04/2025;;
MS;2701140020;MS2701140020;LATA AL 350ML COLA;LATA;REFRIKO;122535;GERAL;46563,3;ABR;2025;04/2025;;
MS;2701140025;MS2701140025;LATA AL 350ML GUARANA;LATA;REFRIKO;65352;GERAL;24833,760000000002;ABR;2025;04/2025;;
MS;2701140018;MS2701140018;LATA AL 350ML MOEMA;LATA;MOEMA;138873;GERAL;52771,74;ABR;2025;04/2025;;
MS;2701140018;MS2701140018;LATA AL 350ML MOEMA;LATA;MOEMA;187887;GERAL;71397,06;ABR;2025;04/2025;;
MS;2701140018;MS2701140018;LATA AL 350ML MOEMA;LATA;MOEMA;40845;GERAL;15521,1;ABR;2025;04/2025;;
MS;2901140016;MS2901140016;LATA CER SURVA PILSEN 269ML                           ;LATA;MOEMA;199584;GERAL;104801,55840000001;ABR;2025;04/2025;;
MS;2701140018;MS2701140018;LATA AL 350ML MOEMA;LATA;MOEMA;187887;GERAL;71397,06;ABR;2025;04/2025;;
MS;2701140018;MS2701140018;LATA AL 350ML MOEMA;LATA;MOEMA;187887;GERAL;71397,06;ABR;2025;04/2025;;
MS;2701140018;MS2701140018;LATA AL 350ML MOEMA;LATA;MOEMA;163380;GERAL;62084,4;ABR;2025;04/2025;;
MS;2701140018;MS2701140018;LATA AL 350ML MOEMA;LATA;MOEMA;138873;GERAL;52771,74;ABR;2025;04/2025;;
MS;2701140005;MS2701140005;LATA AL BELA ROMA / 265ML;LATA;BELLA ROMA;66528;GERAL;2794,1760000000004;ABR;2025;04/2025;;
MS;2701140018;MS2701140018;LATA AL 350ML MOEMA;LATA;MOEMA;187887;GERAL;71397,06;ABR;2025;04/2025;;
MS;2701140018;MS2701140018;LATA AL 350ML MOEMA;LATA;MOEMA;98028;GERAL;37250,639999999999;ABR;2025;04/2025;;
MS;2701140005;MS2701140005;LATA AL BELA ROMA / 265ML;LATA;BELLA ROMA;55440;GERAL;2328,48;ABR;2025;04/2025;;
MS;2701140006;MS2701140006;LATA AL BELA ROMA / 473ML ;LATA;BELLA ROMA;143152;GERAL;73007,520000000004;ABR;2025;04/2025;;
MS;2701140018;MS2701140018;LATA AL 350ML MOEMA;LATA;MOEMA;187887;GERAL;71397,06;ABR;2025;04/2025;;
MS;2701140018;MS2701140018;LATA AL 350ML MOEMA;LATA;MOEMA;187887;GERAL;71397,06;ABR;2025;04/2025;;
MS;2701140018;MS2701140018;LATA AL 350ML MOEMA;LATA;MOEMA;187887;GERAL;71397,06;ABR;2025;04/2025;;
MS;2701140018;MS2701140018;LATA AL 350ML MOEMA;LATA;MOEMA;187887;GERAL;71397,06;ABR;2025;04/2025;;
MS;2701140018;MS2701140018;LATA AL 350ML MOEMA;LATA;MOEMA;187887;GERAL;71397,06;ABR;2025;04/2025;;
MS;2701140018;MS2701140018;LATA AL 350ML MOEMA;LATA;MOEMA;138873;GERAL;52771,74;ABR;2025;04/2025;;
MS;2701140018;MS2701140018;LATA AL 350ML MOEMA;LATA;MOEMA;187887;GERAL;71397,06;ABR;2025;04/2025;;
MS;2701140018;MS2701140018;LATA AL 350ML MOEMA;LATA;MOEMA;163380;GERAL;62084,4;ABR;2025;04/2025;;
MS;2701140018;MS2701140018;LATA AL 350ML MOEMA;LATA;MOEMA;187887;GERAL;71397,06;MAI;2025;05/2025;;
MS;2701140018;MS2701140018;LATA AL 350ML MOEMA;LATA;MOEMA;187887;GERAL;71397,06;MAI;2025;05/2025;;
MS;2701140018;MS2701140018;LATA AL 350ML MOEMA;LATA;MOEMA;187887;GERAL;71397,06;MAI;2025;05/2025;;
MS;2701140018;MS2701140018;LATA AL 350ML MOEMA;LATA;MOEMA;187887;GERAL;71397,06;MAI;2025;05/2025;;
MS;2701140018;MS2701140018;LATA AL 350ML MOEMA;LATA;MOEMA;187887;GERAL;71397,06;MAI;2025;05/2025;;
MS;2701140018;MS2701140018;LATA AL 350ML MOEMA;LATA;MOEMA;187887;GERAL;71397,06;MAI;2025;05/2025;;
MS;2701140018;MS2701140018;LATA AL 350ML MOEMA;LATA;MOEMA;187887;GERAL;71397,06;MAI;2025;05/2025;;
MS;2701140006;MS2701140006;LATA AL BELA ROMA / 473ML ;LATA;BELLA ROMA;143152;GERAL;73007,520000000004;MAI;2025;05/2025;;
MS;2701140006;MS2701140006;LATA AL BELA ROMA / 473ML ;LATA;BELLA ROMA;143152;GERAL;73007,520000000004;MAI;2025;05/2025;;
MS;2701140006;MS2701140006;LATA AL BELA ROMA / 473ML ;LATA;BELLA ROMA;68464;GERAL;34916,639999999999;MAI;2025;05/2025;;
MS;2701140026;MS2701140026;LATA AL 473ML FURIOSO;LATA;FURIOSO;143152;GERAL;73007,520000000004;MAI;2025;05/2025;;
MS;2701140026;MS2701140026;LATA AL 473ML FURIOSO;LATA;FURIOSO;74688;GERAL;38090,879999999997;MAI;2025;05/2025;;
MS;2701140018;MS2701140018;LATA AL 350ML MOEMA;LATA;MOEMA;187887;GERAL;71397,06;MAI;2025;05/2025;;
MS;2701140018;MS2701140018;LATA AL 350ML MOEMA;LATA;MOEMA;187887;GERAL;71397,06;MAI;2025;05/2025;;
MS;2701140006;MS2701140006;LATA AL BELA ROMA / 473ML ;LATA;BELLA ROMA;143152;GERAL;73007,520000000004;MAI;2025;05/2025;;
MS;2701140006;MS2701140006;LATA AL BELA ROMA / 473ML ;LATA;BELLA ROMA;105808;GERAL;53962,080000000002;MAI;2025;05/2025;;
MS;2701140006;MS2701140006;LATA AL BELA ROMA / 473ML ;LATA;BELLA ROMA;124480;GERAL;63484,800000000003;MAI;2025;05/2025;;
MS;2701140018;MS2701140018;LATA AL 350ML MOEMA;LATA;MOEMA;187887;GERAL;71397,06;MAI;2025;05/2025;;
MS;2701140018;MS2701140018;LATA AL 350ML MOEMA;LATA;MOEMA;24507;GERAL;9312,66;MAI;2025;05/2025;;
MS;2701140018;MS2701140018;LATA AL 350ML MOEMA;LATA;MOEMA;163380;GERAL;62084,4;MAI;2025;05/2025;;
MS;2701140018;MS2701140018;LATA AL 350ML MOEMA;LATA;MOEMA;187887;GERAL;71397,06;MAI;2025;05/2025;;
MS;2701140018;MS2701140018;LATA AL 350ML MOEMA;LATA;MOEMA;187887;GERAL;71397,06;MAI;2025;05/2025;;
MS;2701140018;MS2701140018;LATA AL 350ML MOEMA;LATA;MOEMA;138873;GERAL;52771,74;MAI;2025;05/2025;;
MS;2701140018;MS2701140018;LATA AL 350ML MOEMA;LATA;MOEMA;163380;GERAL;62084,4;MAI;2025;05/2025;;
MS;2701140018;MS2701140018;LATA AL 350ML MOEMA;LATA;MOEMA;163380;GERAL;62084,4;MAI;2025;05/2025;;
MS;2701140018;MS2701140018;LATA AL 350ML MOEMA;LATA;MOEMA;24507;GERAL;9312,66;MAI;2025;05/2025;;
MS;2701140018;MS2701140018;LATA AL 350ML MOEMA;LATA;MOEMA;187887;GERAL;71397,06;MAI;2025;05/2025;;
MS;2701140018;MS2701140018;LATA AL 350ML MOEMA;LATA;MOEMA;187887;GERAL;71397,06;MAI;2025;05/2025;;
MS;2701140015;MS2701140015;LATA AL 473ML FURIOSO MELANCIA E MORANGO;LATA;FURIOSO;31120;GERAL;15871,2;MAI;2025;05/2025;;
MS;2701140027;MS2701140027;LATA AL 473 ML FURIOSO ZERO;LATA;FURIOSO;18672;GERAL;9522,7199999999993;MAI;2025;05/2025;;
MS;2701140028;MS2701140028;LATA AL 473ML MORANGO E MELANCIA ZERO;LATA;FURIOSO;62240;GERAL;31742,400000000001;MAI;2025;05/2025;;
MS;2701140017;MS2701140017;LATA 473ML FURIOSO TROPICAL;LATA;FURIOSO;31120;GERAL;15871,2;MAI;2025;05/2025;;
MS;2701140018;MS2701140018;LATA AL 350ML MOEMA;LATA;MOEMA;187887;GERAL;71397,06;MAI;2025;05/2025;;
MS;2701140018;MS2701140018;LATA AL 350ML MOEMA;LATA;MOEMA;187887;GERAL;71397,06;MAI;2025;05/2025;;
MS;2701140018;MS2701140018;LATA AL 350ML MOEMA;LATA;MOEMA;187887;GERAL;71397,06;MAI;2025;05/2025;;
MS;2701140018;MS2701140018;LATA AL 350ML MOEMA;LATA;MOEMA;163380;GERAL;62084,4;MAI;2025;05/2025;;
MS;2701140018;MS2701140018;LATA AL 350ML MOEMA;LATA;MOEMA;138873;GERAL;52771,74;MAI;2025;05/2025;;
MS;2701140018;MS2701140018;LATA AL 350ML MOEMA;LATA;MOEMA;73521;GERAL;27937,98;MAI;2025;05/2025;;
MS;2701140018;MS2701140018;LATA AL 350ML MOEMA;LATA;MOEMA;187887;GERAL;71397,06;MAI;2025;05/2025;;
MS;2701140018;MS2701140018;LATA AL 350ML MOEMA;LATA;MOEMA;187887;GERAL;71397,06;MAI;2025;05/2025;;
MS;2701140018;MS2701140018;LATA AL 350ML MOEMA;LATA;MOEMA;187887;GERAL;71397,06;MAI;2025;05/2025;;
MS;2701140018;MS2701140018;LATA AL 350ML MOEMA;LATA;MOEMA;163380;GERAL;62084,4;MAI;2025;05/2025;;
MS;2701140003;MS2701140003;LATA AL 355ML BAMBOA LAGER;LATA;BAMBOA;118272;GERAL;50856,959999999999;MAI;2025;05/2025;;
MS;2701140018;MS2701140018;LATA AL 350ML MOEMA;LATA;MOEMA;138873;GERAL;52771,74;MAI;2025;05/2025;;
MS;2701140018;MS2701140018;LATA AL 350ML MOEMA;LATA;MOEMA;187887;GERAL;71397,06;JUN;2025;06/2025;;
MS;2701140018;MS2701140018;LATA AL 350ML MOEMA;LATA;MOEMA;40845;GERAL;15521,1;JUN;2025;06/2025;;
MS;2701140018;MS2701140018;LATA AL 350ML MOEMA;LATA;MOEMA;8169;GERAL;3104,2200000000003;JUN;2025;06/2025;;
MS;2701140018;MS2701140018;LATA AL 350ML MOEMA;LATA;MOEMA;138873;GERAL;52771,74;JUN;2025;06/2025;;
MS;2701140018;MS2701140018;LATA AL 350ML MOEMA;LATA;MOEMA;40845;GERAL;15521,1;JUN;2025;06/2025;;
MS;2701140025;MS2701140025;LATA AL 350ML GUARANA;LATA;REFRIKO;147042;GERAL;55875,96;JUN;2025;06/2025;;
MS;2701140018;MS2701140018;LATA AL 350ML MOEMA;LATA;MOEMA;138873;GERAL;52771,74;JUN;2025;06/2025;;
MS;2701140018;MS2701140018;LATA AL 350ML MOEMA;LATA;MOEMA;163380;GERAL;62084,4;JUN;2025;06/2025;;
MS;2701140018;MS2701140018;LATA AL 350ML MOEMA;LATA;MOEMA;187887;GERAL;71397,06;JUN;2025;06/2025;;
MS;2701140039;MS2701140039;LATA AL 269ML MOEMA;LATA;MOEMA;255024;GERAL;10711,008;JUN;2025;06/2025;;
MS;2701140018;MS2701140018;LATA AL 350ML MOEMA;LATA;MOEMA;187887;GERAL;71397,06;JUN;2025;06/2025;;
MS;2701140017;MS2701140017;LATA 473ML FURIOSO TROPICAL;LATA;FURIOSO;43568;GERAL;22219,68;JUN;2025;06/2025;;
MS;2701140016;MS2701140016;LATA 473ML FURIOSO MELAO;LATA;FURIOSO;12448;GERAL;6348,4800000000005;JUN;2025;06/2025;;
MS;2701140015;MS2701140015;LATA AL 473ML FURIOSO MELANCIA E MORANGO;LATA;FURIOSO;87136;GERAL;44439,360000000001;JUN;2025;06/2025;;
MS;2701140018;MS2701140018;LATA AL 350ML MOEMA;LATA;MOEMA;114366;GERAL;43459,08;JUN;2025;06/2025;;
MS;2701140018;MS2701140018;LATA AL 350ML MOEMA;LATA;MOEMA;40845;GERAL;15521,1;JUN;2025;06/2025;;
MS;2701140018;MS2701140018;LATA AL 350ML MOEMA;LATA;MOEMA;8169;GERAL;3104,2200000000003;JUN;2025;06/2025;;
MS;2701140018;MS2701140018;LATA AL 350ML MOEMA;LATA;MOEMA;24507;GERAL;9312,66;JUN;2025;06/2025;;
MS;2701140018;MS2701140018;LATA AL 350ML MOEMA;LATA;MOEMA;187887;GERAL;71397,06;JUN;2025;06/2025;;
MS;2701140006;MS2701140006;LATA AL BELA ROMA / 473ML ;LATA;BELLA ROMA;124480;GERAL;63484,800000000003;JUN;2025;06/2025;;
MS;2701140006;MS2701140006;LATA AL BELA ROMA / 473ML ;LATA;BELLA ROMA;105808;GERAL;53962,080000000002;JUN;2025;06/2025;;
MS;2701140018;MS2701140018;LATA AL 350ML MOEMA;LATA;MOEMA;187887;GERAL;71397,06;JUN;2025;06/2025;;
MS;2701140018;MS2701140018;LATA AL 350ML MOEMA;LATA;MOEMA;187887;GERAL;71397,06;JUN;2025;06/2025;;
MS;2901140013;MS2901140013;LATA CHOPP DO MARQUES 473ML;LATA;MARQUES;143152;GERAL;73007,520000000004;JUN;2025;06/2025;;
MS;2701140018;MS2701140018;LATA AL 350ML MOEMA;LATA;MOEMA;187887;GERAL;71397,06;JUN;2025;06/2025;;
MS;2701140018;MS2701140018;LATA AL 350ML MOEMA;LATA;MOEMA;187887;GERAL;71397,06;JUN;2025;06/2025;;
MS;2701140018;MS2701140018;LATA AL 350ML MOEMA;LATA;MOEMA;187887;GERAL;71397,06;JUN;2025;06/2025;;
MS;2701140018;MS2701140018;LATA AL 350ML MOEMA;LATA;MOEMA;138873;GERAL;52771,74;JUN;2025;06/2025;;
MS;2701140018;MS2701140018;LATA AL 350ML MOEMA;LATA;MOEMA;163380;GERAL;62084,4;JUN;2025;06/2025;;
MS;2701140018;MS2701140018;LATA AL 350ML MOEMA;LATA;MOEMA;32676;GERAL;12416,880000000001;JUN;2025;06/2025;;
MS;2701140044;MS2701140044;LATA AL 473ML UVA VERDE E PESSEGO;LATA;FURIOSO;118256;GERAL;60310,559999999998;JUN;2025;06/2025;;
MS;2701140018;MS2701140018;LATA AL 350ML MOEMA;LATA;MOEMA;98028;GERAL;37250,639999999999;JUN;2025;06/2025;;
MS;2701140018;MS2701140018;LATA AL 350ML MOEMA;LATA;MOEMA;187887;GERAL;71397,06;JUN;2025;06/2025;;
MS;2701140003;MS2701140003;LATA AL 355ML BAMBOA LAGER;LATA;BAMBOA;92928;GERAL;39959,040000000001;JUN;2025;06/2025;;
MS;2701140018;MS2701140018;LATA AL 350ML MOEMA;LATA;MOEMA;187887;GERAL;71397,06;JUN;2025;06/2025;;
MS;2701140018;MS2701140018;LATA AL 350ML MOEMA;LATA;MOEMA;163380;GERAL;62084,4;JUN;2025;06/2025;;
MS;2701140018;MS2701140018;LATA AL 350ML MOEMA;LATA;MOEMA;138873;GERAL;52771,74;JUN;2025;06/2025;;
MS;2701140018;MS2701140018;LATA AL 350ML MOEMA;LATA;MOEMA;187887;GERAL;71397,06;JUN;2025;06/2025;;
MS;2701140018;MS2701140018;LATA AL 350ML MOEMA;LATA;MOEMA;187887;GERAL;71397,06;JUN;2025;06/2025;;
MS;2701140006;MS2701140006;LATA AL BELA ROMA / 473ML ;LATA;BELLA ROMA;68464;GERAL;34916,639999999999;JUN;2025;06/2025;;
MS;2701140006;MS2701140006;LATA AL BELA ROMA / 473ML ;LATA;BELLA ROMA;143152;GERAL;73007,520000000004;JUN;2025;06/2025;;
MS;2701140018;MS2701140018;LATA AL 350ML MOEMA;LATA;MOEMA;98028;GERAL;37250,639999999999;JUN;2025;06/2025;;
MS;2701140018;MS2701140018;LATA AL 350ML MOEMA;LATA;MOEMA;187887;GERAL;71397,06;JUN;2025;06/2025;;
MS;2701140018;MS2701140018;LATA AL 350ML MOEMA;LATA;MOEMA;57183;GERAL;21729,54;JUN;2025;06/2025;;
MS;2701140035;MS2701140035;LATA AL 269ML FURIOSO;LATA;FURIOSO;133056;GERAL;5588,3520000000008;JUN;2025;06/2025;;
MS;2701140005;MS2701140005;LATA AL BELA ROMA / 265ML;LATA;BELLA ROMA;199584;GERAL;8382,5280000000002;JUN;2025;06/2025;;
MS;2701140018;MS2701140018;LATA AL 350ML MOEMA;LATA;MOEMA;187887;GERAL;71397,06;JUN;2025;06/2025;;
MS;2701140018;MS2701140018;LATA AL 350ML MOEMA;LATA;MOEMA;187887;GERAL;71397,06;JUN;2025;06/2025;;
MS;2701140018;MS2701140018;LATA AL 350ML MOEMA;LATA;MOEMA;89859;GERAL;34146,42;JUN;2025;06/2025;;
MS;2701140016;MS2701140016;LATA 473ML FURIOSO MELAO;LATA;FURIOSO;74688;GERAL;38090,879999999997;JUN;2025;06/2025;;
MS;2701140006;MS2701140006;LATA AL BELA ROMA / 473ML ;LATA;BELLA ROMA;112032;GERAL;57136,32;JUN;2025;06/2025;;
MS;2701140044;MS2701140044;LATA AL 473ML UVA VERDE E PESSEGO;LATA;FURIOSO;24896;GERAL;12696,960000000001;JUN;2025;06/2025;;
MS;2701140044;MS2701140044;LATA AL 473ML UVA VERDE E PESSEGO;LATA;FURIOSO;6224;GERAL;3174,2400000000002;JUN;2025;06/2025;;
MS;2701140018;MS2701140018;LATA AL 350ML MOEMA;LATA;MOEMA;187887;GERAL;71397,06;JUL;2025;07/2025;;
MS;2701140018;MS2701140018;LATA AL 350ML MOEMA;LATA;MOEMA;98028;GERAL;37250,639999999999;JUL;2025;07/2025;;
MS;2701140003;MS2701140003;LATA AL 355ML BAMBOA LAGER;LATA;BAMBOA;194304;GERAL;83550,720000000001;JUL;2025;07/2025;;
MS;2701140044;MS2701140044;LATA AL 473ML UVA VERDE E PESSEGO;LATA;FURIOSO;68464;GERAL;34916,639999999999;JUL;2025;07/2025;;
MS;2701140018;MS2701140018;LATA AL 350ML MOEMA;LATA;MOEMA;187887;GERAL;71397,06;JUL;2025;07/2025;;
MS;2701140006;MS2701140006;LATA AL BELA ROMA / 473ML ;LATA;BELLA ROMA;143152;GERAL;73007,520000000004;JUL;2025;07/2025;;
MS;2701140006;MS2701140006;LATA AL BELA ROMA / 473ML ;LATA;BELLA ROMA;124480;GERAL;63484,800000000003;JUL;2025;07/2025;;
MS;2701140018;MS2701140018;LATA AL 350ML MOEMA;LATA;MOEMA;187887;GERAL;71397,06;JUL;2025;07/2025;;
MS;2701140018;MS2701140018;LATA AL 350ML MOEMA;LATA;MOEMA;81690;GERAL;31042,2;JUL;2025;07/2025;;
MS;2701140019;MS2701140019;LATA AL 473ML MOEMA;LATA;MOEMA;18672;GERAL;9522,7199999999993;JUL;2025;07/2025;;
MS;2701140018;MS2701140018;LATA AL 350ML MOEMA;LATA;MOEMA;32676;GERAL;12416,880000000001;JUL;2025;07/2025;;
MS;2701140006;MS2701140006;LATA AL BELA ROMA / 473ML ;LATA;BELLA ROMA;18672;GERAL;9522,7199999999993;JUL;2025;07/2025;;
MS;2701140026;MS2701140026;LATA AL 473ML FURIOSO;LATA;FURIOSO;124480;GERAL;63484,800000000003;JUL;2025;07/2025;;
MS;2701140018;MS2701140018;LATA AL 350ML MOEMA;LATA;MOEMA;187887;GERAL;71397,06;JUL;2025;07/2025;;
MS;2701140018;MS2701140018;LATA AL 350ML MOEMA;LATA;MOEMA;187887;GERAL;71397,06;JUL;2025;07/2025;;
MS;2701140018;MS2701140018;LATA AL 350ML MOEMA;LATA;MOEMA;187887;GERAL;71397,06;JUL;2025;07/2025;;
MS;2701140018;MS2701140018;LATA AL 350ML MOEMA;LATA;MOEMA;138873;GERAL;52771,74;JUL;2025;07/2025;;
MS;2701140018;MS2701140018;LATA AL 350ML MOEMA;LATA;MOEMA;163380;GERAL;62084,4;JUL;2025;07/2025;;
MS;2701140006;MS2701140006;LATA AL BELA ROMA / 473ML ;LATA;BELLA ROMA;143152;GERAL;73007,520000000004;JUL;2025;07/2025;;
MS;2701140018;MS2701140018;LATA AL 350ML MOEMA;LATA;MOEMA;187887;GERAL;71397,06;JUL;2025;07/2025;;
MS;2901140013;MS2901140013;LATA CHOPP DO MARQUES 473ML;LATA;MARQUES;143152;GERAL;73007,520000000004;JUL;2025;07/2025;;
MS;2701140028;MS2701140028;LATA AL 473ML MORANGO E MELANCIA ZERO;LATA;FURIOSO;12448;GERAL;6348,4800000000005;JUL;2025;07/2025;;
MS;2701140044;MS2701140044;LATA AL 473ML UVA VERDE E PESSEGO;LATA;FURIOSO;24896;GERAL;12696,960000000001;JUL;2025;07/2025;;
MS;2701140006;MS2701140006;LATA AL BELA ROMA / 473ML ;LATA;BELLA ROMA;37344;GERAL;19045,439999999999;JUL;2025;07/2025;;
MS;2701140027;MS2701140027;LATA AL 473 ML FURIOSO ZERO;LATA;FURIOSO;18672;GERAL;9522,7199999999993;JUL;2025;07/2025;;
MS;2701140039;MS2701140039;LATA AL 269ML MOEMA;LATA;MOEMA;66528;GERAL;2794,1760000000004;JUL;2025;07/2025;;
MS;2701140006;MS2701140006;LATA AL BELA ROMA / 473ML ;LATA;BELLA ROMA;118256;GERAL;60310,559999999998;JUL;2025;07/2025;;
MS;2701140015;MS2701140015;LATA AL 473ML FURIOSO MELANCIA E MORANGO;LATA;FURIOSO;12448;GERAL;6348,4800000000005;JUL;2025;07/2025;;
MS;2701140006;MS2701140006;LATA AL BELA ROMA / 473ML ;LATA;BELLA ROMA;24896;GERAL;12696,960000000001;JUL;2025;07/2025;;
MS;2701140018;MS2701140018;LATA AL 350ML MOEMA;LATA;MOEMA;187887;GERAL;71397,06;JUL;2025;07/2025;;
MS;2701140018;MS2701140018;LATA AL 350ML MOEMA;LATA;MOEMA;163380;GERAL;62084,4;JUL;2025;07/2025;;
MS;2701140018;MS2701140018;LATA AL 350ML MOEMA;LATA;MOEMA;138873;GERAL;52771,74;JUL;2025;07/2025;;
MS;2701140018;MS2701140018;LATA AL 350ML MOEMA;LATA;MOEMA;187887;GERAL;71397,06;JUL;2025;07/2025;;
MS;2701140018;MS2701140018;LATA AL 350ML MOEMA;LATA;MOEMA;8169;GERAL;3104,2200000000003;JUL;2025;07/2025;;
MS;2701140018;MS2701140018;LATA AL 350ML MOEMA;LATA;MOEMA;187887;GERAL;71397,06;JUL;2025;07/2025;;
MS;2701140006;MS2701140006;LATA AL BELA ROMA / 473ML ;LATA;BELLA ROMA;136928;GERAL;69833,279999999999;JUL;2025;07/2025;;
MS;2701140018;MS2701140018;LATA AL 350ML MOEMA;LATA;MOEMA;187887;GERAL;71397,06;JUL;2025;07/2025;;
MS;2701140018;MS2701140018;LATA AL 350ML MOEMA;LATA;MOEMA;40845;GERAL;15521,1;JUL;2025;07/2025;;
MS;2701140018;MS2701140018;LATA AL 350ML MOEMA;LATA;MOEMA;187887;GERAL;71397,06;JUL;2025;07/2025;;
MS;2701140018;MS2701140018;LATA AL 350ML MOEMA;LATA;MOEMA;163380;GERAL;62084,4;JUL;2025;07/2025;;
MS;2701140018;MS2701140018;LATA AL 350ML MOEMA;LATA;MOEMA;187887;GERAL;71397,06;JUL;2025;07/2025;;
MS;2701140015;MS2701140015;LATA AL 473ML FURIOSO MELANCIA E MORANGO;LATA;FURIOSO;24896;GERAL;12696,960000000001;JUL;2025;07/2025;;
MS;2701140044;MS2701140044;LATA AL 473ML UVA VERDE E PESSEGO;LATA;FURIOSO;56016;GERAL;28568,16;JUL;2025;07/2025;;
MS;2701140018;MS2701140018;LATA AL 350ML MOEMA;LATA;MOEMA;65352;GERAL;24833,760000000002;JUL;2025;07/2025;;
MS;2701140026;MS2701140026;LATA AL 473ML FURIOSO;LATA;FURIOSO;18672;GERAL;9522,7199999999993;JUL;2025;07/2025;;
MS;2701140019;MS2701140019;LATA AL 473ML MOEMA;LATA;MOEMA;124480;GERAL;63484,800000000003;JUL;2025;07/2025;;
MS;2701140039;MS2701140039;LATA AL 269ML MOEMA;LATA;MOEMA;133056;GERAL;5588,3520000000008;JUL;2025;07/2025;;
MS;2701140027;MS2701140027;LATA AL 473 ML FURIOSO ZERO;LATA;FURIOSO;12448;GERAL;6348,4800000000005;JUL;2025;07/2025;;
MS;2701140018;MS2701140018;LATA AL 350ML MOEMA;LATA;MOEMA;187887;GERAL;71397,06;JUL;2025;07/2025;;
MS;2701140018;MS2701140018;LATA AL 350ML MOEMA;LATA;MOEMA;187887;GERAL;71397,06;JUL;2025;07/2025;;
MS;2701140018;MS2701140018;LATA AL 350ML MOEMA;LATA;MOEMA;163380;GERAL;62084,4;JUL;2025;07/2025;;
MS;2701140018;MS2701140018;LATA AL 350ML MOEMA;LATA;MOEMA;138873;GERAL;52771,74;JUL;2025;07/2025;;
MS;2701140018;MS2701140018;LATA AL 350ML MOEMA;LATA;MOEMA;187887;GERAL;71397,06;JUL;2025;07/2025;;
MS;2701140003;MS2701140003;LATA AL 355ML BAMBOA LAGER;LATA;BAMBOA;50688;GERAL;21795,84;JUL;2025;07/2025;;
MS;2701140018;MS2701140018;LATA AL 350ML MOEMA;LATA;MOEMA;138873;GERAL;52771,74;JUL;2025;07/2025;;
MS;2701140006;MS2701140006;LATA AL BELA ROMA / 473ML ;LATA;BELLA ROMA;143152;GERAL;73007,520000000004;JUL;2025;07/2025;;
MS;2701140018;MS2701140018;LATA AL 350ML MOEMA;LATA;MOEMA;138873;GERAL;52771,74;AGO;2025;08/2025;;
MS;2701140018;MS2701140018;LATA AL 350ML MOEMA;LATA;MOEMA;163380;GERAL;62084,4;AGO;2025;08/2025;;
MS;2701140006;MS2701140006;LATA AL BELA ROMA / 473ML ;LATA;BELLA ROMA;143152;GERAL;73007,520000000004;AGO;2025;08/2025;;
MS;2701140006;MS2701140006;LATA AL BELA ROMA / 473ML ;LATA;BELLA ROMA;143152;GERAL;73007,520000000004;AGO;2025;08/2025;;
MS;2701140018;MS2701140018;LATA AL 350ML MOEMA;LATA;MOEMA;57183;GERAL;21729,54;AGO;2025;08/2025;;
MS;2701140023;MS2701140023;LATA AL 350ML TUBAINA;LATA;REFRIKO;130704;GERAL;49667,520000000004;AGO;2025;08/2025;;
MS;2701140018;MS2701140018;LATA AL 350ML MOEMA;LATA;MOEMA;187887;GERAL;71397,06;AGO;2025;08/2025;;
MS;2701140026;MS2701140026;LATA AL 473ML FURIOSO;LATA;FURIOSO;18672;GERAL;9522,7199999999993;AGO;2025;08/2025;;
MS;2701140026;MS2701140026;LATA AL 473ML FURIOSO;LATA;FURIOSO;87136;GERAL;44439,360000000001;AGO;2025;08/2025;;
MS;2701140026;MS2701140026;LATA AL 473ML FURIOSO;LATA;FURIOSO;124480;GERAL;63484,800000000003;AGO;2025;08/2025;;
MS;2701140018;MS2701140018;LATA AL 350ML MOEMA;LATA;MOEMA;81690;GERAL;31042,2;AGO;2025;08/2025;;
MS;2701140006;MS2701140006;LATA AL BELA ROMA / 473ML ;LATA;BELLA ROMA;143152;GERAL;73007,520000000004;AGO;2025;08/2025;;
MS;2701140017;MS2701140017;LATA 473ML FURIOSO TROPICAL;LATA;FURIOSO;80912;GERAL;41265,120000000003;AGO;2025;08/2025;;
MS;2701140003;MS2701140003;LATA AL 355ML BAMBOA LAGER;LATA;BAMBOA;194304;GERAL;83550,720000000001;AGO;2025;08/2025;;
MS;2701140006;MS2701140006;LATA AL BELA ROMA / 473ML ;LATA;BELLA ROMA;143152;GERAL;73007,520000000004;AGO;2025;08/2025;;
MS;2701140005;MS2701140005;LATA AL BELA ROMA / 265ML;LATA;BELLA ROMA;133056;GERAL;5588,3520000000008;AGO;2025;08/2025;;
MS;2701140018;MS2701140018;LATA AL 350ML MOEMA;LATA;MOEMA;163380;GERAL;62084,4;AGO;2025;08/2025;;
MS;2701140018;MS2701140018;LATA AL 350ML MOEMA;LATA;MOEMA;187887;GERAL;71397,06;AGO;2025;08/2025;;
MS;2701140026;MS2701140026;LATA AL 473ML FURIOSO;LATA;FURIOSO;18672;GERAL;9522,7199999999993;AGO;2025;08/2025;;
MS;2701140019;MS2701140019;LATA AL 473ML MOEMA;LATA;MOEMA;68464;GERAL;34916,639999999999;AGO;2025;08/2025;;
MS;2701140027;MS2701140027;LATA AL 473 ML FURIOSO ZERO;LATA;FURIOSO;37344;GERAL;19045,439999999999;AGO;2025;08/2025;;
MS;2701140018;MS2701140018;LATA AL 350ML MOEMA;LATA;MOEMA;40845;GERAL;15521,1;AGO;2025;08/2025;;
MS;2701140018;MS2701140018;LATA AL 350ML MOEMA;LATA;MOEMA;187887;GERAL;71397,06;AGO;2025;08/2025;;
MS;2701140018;MS2701140018;LATA AL 350ML MOEMA;LATA;MOEMA;8169;GERAL;3104,2200000000003;AGO;2025;08/2025;;
MS;2701140034;MS2701140034;LATA 269ML FURIOSO MELANCIA ZERO;LATA;FURIOSO;33264;GERAL;1397,0880000000002;AGO;2025;08/2025;;
MS;2701140026;MS2701140026;LATA AL 473ML FURIOSO;LATA;FURIOSO;136928;GERAL;69833,279999999999;AGO;2025;08/2025;;
MS;2701140018;MS2701140018;LATA AL 350ML MOEMA;LATA;MOEMA;187887;GERAL;71397,06;AGO;2025;08/2025;;
MS;2701140018;MS2701140018;LATA AL 350ML MOEMA;LATA;MOEMA;122535;GERAL;46563,3;AGO;2025;08/2025;;
MS;2701140040;MS2701140040;LATA CER MOEMA PILSEN URUGUAI 473ML                       ;LATA;MOEMA;49792;GERAL;26145,779200000001;AGO;2025;08/2025;;
MS;2701140018;MS2701140018;LATA AL 350ML MOEMA;LATA;MOEMA;138873;GERAL;52771,74;AGO;2025;08/2025;;
MS;2701140018;MS2701140018;LATA AL 350ML MOEMA;LATA;MOEMA;163380;GERAL;62084,4;AGO;2025;08/2025;;
MS;2701140019;MS2701140019;LATA AL 473ML MOEMA;LATA;MOEMA;143152;GERAL;73007,520000000004;AGO;2025;08/2025;;
MS;2701140019;MS2701140019;LATA AL 473ML MOEMA;LATA;MOEMA;143152;GERAL;73007,520000000004;AGO;2025;08/2025;;
MS;2701140018;MS2701140018;LATA AL 350ML MOEMA;LATA;MOEMA;187887;GERAL;71397,06;AGO;2025;08/2025;;
MS;2701140019;MS2701140019;LATA AL 473ML MOEMA;LATA;MOEMA;143152;GERAL;73007,520000000004;AGO;2025;08/2025;;
MS;2701140018;MS2701140018;LATA AL 350ML MOEMA;LATA;MOEMA;187887;GERAL;71397,06;AGO;2025;08/2025;;
MS;2701140018;MS2701140018;LATA AL 350ML MOEMA;LATA;MOEMA;106197;GERAL;40354,86;AGO;2025;08/2025;;
MS;2701140039;MS2701140039;LATA AL 269ML MOEMA;LATA;MOEMA;110880;GERAL;4656,96;AGO;2025;08/2025;;
MS;2701140018;MS2701140018;LATA AL 350ML MOEMA;LATA;MOEMA;187887;GERAL;71397,06;AGO;2025;08/2025;;
MS;2701140018;MS2701140018;LATA AL 350ML MOEMA;LATA;MOEMA;187887;GERAL;71397,06;AGO;2025;08/2025;;
MS;2701140018;MS2701140018;LATA AL 350ML MOEMA;LATA;MOEMA;187887;GERAL;71397,06;AGO;2025;08/2025;;
MS;2701140006;MS2701140006;LATA AL BELA ROMA / 473ML ;LATA;BELLA ROMA;49792;GERAL;25393,920000000002;AGO;2025;08/2025;;
MS;2701140006;MS2701140006;LATA AL BELA ROMA / 473ML ;LATA;BELLA ROMA;143152;GERAL;73007,520000000004;AGO;2025;08/2025;;
MS;2701140020;MS2701140020;LATA AL 350ML COLA;LATA;REFRIKO;98028;GERAL;37250,639999999999;AGO;2025;08/2025;;
MS;2701140023;MS2701140023;LATA AL 350ML TUBAINA;LATA;REFRIKO;16338;GERAL;6208,4400000000005;AGO;2025;08/2025;;
MS;2701140021;MS2701140021;LATA AL 350ML LARANJA;LATA;REFRIKO;106197;GERAL;40354,86;AGO;2025;08/2025;;
MS;2701140030;MS2701140030;LATA AL 350ML UVA DQI1%;LATA;REFRIKO;65352;GERAL;24833,760000000002;AGO;2025;08/2025;;
MS;2701140020;MS2701140020;LATA AL 350ML COLA;LATA;REFRIKO;24507;GERAL;9312,66;AGO;2025;08/2025;;
MS;2901140013;MS2901140013;LATA CHOPP DO MARQUES 473ML;LATA;MARQUES;143152;GERAL;73007,520000000004;SET;2025;09/2025;;
MS;2701140018;MS2701140018;LATA AL 350ML MOEMA;LATA;MOEMA;98028;GERAL;37250,639999999999;SET;2025;09/2025;;
MS;2701140018;MS2701140018;LATA AL 350ML MOEMA;LATA;MOEMA;187887;GERAL;71397,06;SET;2025;09/2025;;
MS;2701140018;MS2701140018;LATA AL 350ML MOEMA;LATA;MOEMA;122535;GERAL;46563,3;SET;2025;09/2025;;
MS;2701140003;MS2701140003;LATA AL 355ML BAMBOA LAGER;LATA;BAMBOA;194304;GERAL;83550,720000000001;SET;2025;09/2025;;
MS;2701140025;MS2701140025;LATA AL 350ML GUARANA;LATA;REFRIKO;89859;GERAL;34146,42;SET;2025;09/2025;;
MS;2701140023;MS2701140023;LATA AL 350ML TUBAINA;LATA;REFRIKO;65352;GERAL;24833,760000000002;SET;2025;09/2025;;
MS;2701140018;MS2701140018;LATA AL 350ML MOEMA;LATA;MOEMA;187887;GERAL;71397,06;SET;2025;09/2025;;
MS;2701140018;MS2701140018;LATA AL 350ML MOEMA;LATA;MOEMA;187887;GERAL;71397,06;SET;2025;09/2025;;
MS;2701140018;MS2701140018;LATA AL 350ML MOEMA;LATA;MOEMA;187887;GERAL;71397,06;SET;2025;09/2025;;
MS;2701140018;MS2701140018;LATA AL 350ML MOEMA;LATA;MOEMA;138873;GERAL;52771,74;SET;2025;09/2025;;
MS;2701140018;MS2701140018;LATA AL 350ML MOEMA;LATA;MOEMA;163380;GERAL;62084,4;SET;2025;09/2025;;
MS;2701140001;MS2701140001;LATA AL 269ML BAMBOA PILSEN;LATA;BAMBOA;255024;GERAL;10711,008;SET;2025;09/2025;;
MS;2701140019;MS2701140019;LATA AL 473ML MOEMA;LATA;MOEMA;143152;GERAL;73007,520000000004;SET;2025;09/2025;;
MS;2701140019;MS2701140019;LATA AL 473ML MOEMA;LATA;MOEMA;124480;GERAL;63484,800000000003;SET;2025;09/2025;;
MS;2701140019;MS2701140019;LATA AL 473ML MOEMA;LATA;MOEMA;143152;GERAL;73007,520000000004;SET;2025;09/2025;;
MS;2701140019;MS2701140019;LATA AL 473ML MOEMA;LATA;MOEMA;105808;GERAL;53962,080000000002;SET;2025;09/2025;;
MS;2701140018;MS2701140018;LATA AL 350ML MOEMA;LATA;MOEMA;16338;GERAL;6208,4400000000005;SET;2025;09/2025;;
MS;2701140018;MS2701140018;LATA AL 350ML MOEMA;LATA;MOEMA;163380;GERAL;62084,4;SET;2025;09/2025;;
MS;2701140044;MS2701140044;LATA AL 473ML UVA VERDE E PESSEGO;LATA;FURIOSO;68464;GERAL;34916,639999999999;SET;2025;09/2025;;
MS;2701140043;MS2701140043;LATA AL 269ML UVA VERDE E PESSEGO;LATA;FURIOSO;133056;GERAL;5588,3520000000008;SET;2025;09/2025;;
MS;2701140001;MS2701140001;LATA AL 269ML BAMBOA PILSEN;LATA;BAMBOA;155232;GERAL;6519,7440000000006;SET;2025;09/2025;;
MS;2701140044;MS2701140044;LATA AL 473ML UVA VERDE E PESSEGO;LATA;FURIOSO;6224;GERAL;3174,2400000000002;SET;2025;09/2025;;
MS;2701140018;MS2701140018;LATA AL 350ML MOEMA;LATA;MOEMA;187887;GERAL;71397,06;SET;2025;09/2025;;
MS;2701140019;MS2701140019;LATA AL 473ML MOEMA;LATA;MOEMA;143152;GERAL;73007,520000000004;SET;2025;09/2025;;
MS;2701140018;MS2701140018;LATA AL 350ML MOEMA;LATA;MOEMA;81690;GERAL;31042,2;SET;2025;09/2025;;
MS;2701140018;MS2701140018;LATA AL 350ML MOEMA;LATA;MOEMA;163380;GERAL;62084,4;SET;2025;09/2025;;
MS;2701140034;MS2701140034;LATA 269ML FURIOSO MELANCIA ZERO;LATA;FURIOSO;22176;GERAL;931,39200000000005;SET;2025;09/2025;;
MS;2701140028;MS2701140028;LATA AL 473ML MORANGO E MELANCIA ZERO;LATA;FURIOSO;49792;GERAL;25393,920000000002;SET;2025;09/2025;;
MS;2701140019;MS2701140019;LATA AL 473ML MOEMA;LATA;MOEMA;74688;GERAL;38090,879999999997;SET;2025;09/2025;;
MS;2701140015;MS2701140015;LATA AL 473ML FURIOSO MELANCIA E MORANGO;LATA;FURIOSO;31120;GERAL;15871,2;SET;2025;09/2025;;
MS;2701140030;MS2701140030;LATA AL 350ML UVA DQI1%;LATA;REFRIKO;24507;GERAL;9312,66;SET;2025;09/2025;;
MS;2701140006;MS2701140006;LATA AL BELA ROMA / 473ML ;LATA;BELLA ROMA;143152;GERAL;73007,520000000004;SET;2025;09/2025;;
MS;2701140018;MS2701140018;LATA AL 350ML MOEMA;LATA;MOEMA;187887;GERAL;71397,06;SET;2025;09/2025;;
MS;2701140018;MS2701140018;LATA AL 350ML MOEMA;LATA;MOEMA;138873;GERAL;52771,74;SET;2025;09/2025;;
MS;2701140018;MS2701140018;LATA AL 350ML MOEMA;LATA;MOEMA;163380;GERAL;62084,4;SET;2025;09/2025;;
MS;2701140018;MS2701140018;LATA AL 350ML MOEMA;LATA;MOEMA;187887;GERAL;71397,06;SET;2025;09/2025;;
MS;2701140018;MS2701140018;LATA AL 350ML MOEMA;LATA;MOEMA;187887;GERAL;71397,06;SET;2025;09/2025;;
MS;2701140018;MS2701140018;LATA AL 350ML MOEMA;LATA;MOEMA;24507;GERAL;9312,66;SET;2025;09/2025;;
MS;2701140018;MS2701140018;LATA AL 350ML MOEMA;LATA;MOEMA;40845;GERAL;15521,1;SET;2025;09/2025;;
MS;2701140018;MS2701140018;LATA AL 350ML MOEMA;LATA;MOEMA;114366;GERAL;43459,08;SET;2025;09/2025;;
MS;2701140006;MS2701140006;LATA AL BELA ROMA / 473ML ;LATA;BELLA ROMA;87136;GERAL;44439,360000000001;SET;2025;09/2025;;
MS;2701140028;MS2701140028;LATA AL 473ML MORANGO E MELANCIA ZERO;LATA;FURIOSO;24896;GERAL;12696,960000000001;SET;2025;09/2025;;
MS;2701140006;MS2701140006;LATA AL BELA ROMA / 473ML ;LATA;BELLA ROMA;56016;GERAL;28568,16;SET;2025;09/2025;;
MS;2701140015;MS2701140015;LATA AL 473ML FURIOSO MELANCIA E MORANGO;LATA;FURIOSO;43568;GERAL;22219,68;OUT;2025;10/2025;;
MS;2701140018;MS2701140018;LATA AL 350ML MOEMA;LATA;MOEMA;98028;GERAL;37250,639999999999;OUT;2025;10/2025;;
MS;2701140018;MS2701140018;LATA AL 350ML MOEMA;LATA;MOEMA;187887;GERAL;71397,06;OUT;2025;10/2025;;
MS;2701140023;MS2701140023;LATA AL 350ML TUBAINA;LATA;REFRIKO;81690;GERAL;31042,2;OUT;2025;10/2025;;
MS;2701140021;MS2701140021;LATA AL 350ML LARANJA;LATA;REFRIKO;24507;GERAL;9312,66;OUT;2025;10/2025;;
MS;2701140021;MS2701140021;LATA AL 350ML LARANJA;LATA;REFRIKO;98028;GERAL;37250,639999999999;OUT;2025;10/2025;;
MS;2701140030;MS2701140030;LATA AL 350ML UVA DQI1%;LATA;REFRIKO;73521;GERAL;27937,98;OUT;2025;10/2025;;
MS;2701140030;MS2701140030;LATA AL 350ML UVA DQI1%;LATA;REFRIKO;32676;GERAL;12416,880000000001;OUT;2025;10/2025;;
MS;2701140044;MS2701140044;LATA AL 473ML UVA VERDE E PESSEGO;LATA;FURIOSO;68464;GERAL;34916,639999999999;OUT;2025;10/2025;;
MS;2701140020;MS2701140020;LATA AL 350ML COLA;LATA;REFRIKO;89859;GERAL;34146,42;OUT;2025;10/2025;;
MS;2701140030;MS2701140030;LATA AL 350ML UVA DQI1%;LATA;REFRIKO;8169;GERAL;3104,2200000000003;OUT;2025;10/2025;;
MS;2701140018;MS2701140018;LATA AL 350ML MOEMA;LATA;MOEMA;187887;GERAL;71397,06;OUT;2025;10/2025;;
MS;2701140018;MS2701140018;LATA AL 350ML MOEMA;LATA;MOEMA;187887;GERAL;71397,06;OUT;2025;10/2025;;
MS;2701140018;MS2701140018;LATA AL 350ML MOEMA;LATA;MOEMA;187887;GERAL;71397,06;OUT;2025;10/2025;;
MS;2701140006;MS2701140006;LATA AL BELA ROMA / 473ML ;LATA;BELLA ROMA;105808;GERAL;53962,080000000002;OUT;2025;10/2025;;
MS;2701140006;MS2701140006;LATA AL BELA ROMA / 473ML ;LATA;BELLA ROMA;124480;GERAL;63484,800000000003;OUT;2025;10/2025;;
MS;2701140018;MS2701140018;LATA AL 350ML MOEMA;LATA;MOEMA;187887;GERAL;71397,06;OUT;2025;10/2025;;
MS;2701140003;MS2701140003;LATA AL 355ML BAMBOA LAGER;LATA;BAMBOA;194304;GERAL;83550,720000000001;OUT;2025;10/2025;;
MS;2701140018;MS2701140018;LATA AL 350ML MOEMA;LATA;MOEMA;187887;GERAL;71397,06;OUT;2025;10/2025;;
MS;2701140018;MS2701140018;LATA AL 350ML MOEMA;LATA;MOEMA;16338;GERAL;6208,4400000000005;OUT;2025;10/2025;;
MS;2701140006;MS2701140006;LATA AL BELA ROMA / 473ML ;LATA;BELLA ROMA;118256;GERAL;60310,559999999998;OUT;2025;10/2025;;
MS;2701140018;MS2701140018;LATA AL 350ML MOEMA;LATA;MOEMA;187887;GERAL;71397,06;OUT;2025;10/2025;;
MS;2701140019;MS2701140019;LATA AL 473ML MOEMA;LATA;MOEMA;24896;GERAL;12696,960000000001;OUT;2025;10/2025;;
MS;2701140039;MS2701140039;LATA AL 269ML MOEMA;LATA;MOEMA;133056;GERAL;5588,3520000000008;OUT;2025;10/2025;;
MS;2701140019;MS2701140019;LATA AL 473ML MOEMA;LATA;MOEMA;49792;GERAL;25393,920000000002;OUT;2025;10/2025;;
MS;2701140039;MS2701140039;LATA AL 269ML MOEMA;LATA;MOEMA;166320;GERAL;6985,4400000000005;OUT;2025;10/2025;;
MS;2701140018;MS2701140018;LATA AL 350ML MOEMA;LATA;MOEMA;187887;GERAL;71397,06;OUT;2025;10/2025;;
MS;2701140018;MS2701140018;LATA AL 350ML MOEMA;LATA;MOEMA;187887;GERAL;71397,06;OUT;2025;10/2025;;
MS;2901140013;MS2901140013;LATA CHOPP DO MARQUES 473ML;LATA;MARQUES;143152;GERAL;73007,520000000004;OUT;2025;10/2025;;
MS;2701140018;MS2701140018;LATA AL 350ML MOEMA;LATA;MOEMA;163380;GERAL;62084,4;OUT;2025;10/2025;;
MS;2701140018;MS2701140018;LATA AL 350ML MOEMA;LATA;MOEMA;138873;GERAL;52771,74;OUT;2025;10/2025;;
MS;2701140018;MS2701140018;LATA AL 350ML MOEMA;LATA;MOEMA;187887;GERAL;71397,06;OUT;2025;10/2025;;
MS;2701140018;MS2701140018;LATA AL 350ML MOEMA;LATA;MOEMA;187887;GERAL;71397,06;OUT;2025;10/2025;;
MS;2701140018;MS2701140018;LATA AL 350ML MOEMA;LATA;MOEMA;187887;GERAL;71397,06;OUT;2025;10/2025;;
MS;2901140013;MS2901140013;LATA CHOPP DO MARQUES 473ML;LATA;MARQUES;12448;GERAL;6348,4800000000005;OUT;2025;10/2025;;
MS;2701140040;MS2701140040;LATA CER MOEMA PILSEN URUGUAI 473ML                       ;LATA;MOEMA;18672;GERAL;9804,6671999999999;OUT;2025;10/2025;;
MS;2701140006;MS2701140006;LATA AL BELA ROMA / 473ML ;LATA;BELLA ROMA;130704;GERAL;66659,040000000008;OUT;2025;10/2025;;
MS;2701140018;MS2701140018;LATA AL 350ML MOEMA;LATA;MOEMA;163380;GERAL;62084,4;OUT;2025;10/2025;;
MS;2701140044;MS2701140044;LATA AL 473ML UVA VERDE E PESSEGO;LATA;FURIOSO;143152;GERAL;73007,520000000004;OUT;2025;10/2025;;
MS;2701140025;MS2701140025;LATA AL 350ML GUARANA;LATA;REFRIKO;187887;GERAL;71397,06;OUT;2025;10/2025;;
MS;2701140018;MS2701140018;LATA AL 350ML MOEMA;LATA;MOEMA;163380;GERAL;62084,4;OUT;2025;10/2025;;
MS;2701140018;MS2701140018;LATA AL 350ML MOEMA;LATA;MOEMA;138873;GERAL;52771,74;OUT;2025;10/2025;;
MS;2701140018;MS2701140018;LATA AL 350ML MOEMA;LATA;MOEMA;187887;GERAL;71397,06;OUT;2025;10/2025;;
MS;2701140020;MS2701140020;LATA AL 350ML COLA;LATA;REFRIKO;65352;GERAL;24833,760000000002;OUT;2025;10/2025;;
MS;2701140040;MS2701140040;LATA CER MOEMA PILSEN URUGUAI 473ML                       ;LATA;MOEMA;93360;GERAL;49023,336000000003;OUT;2025;10/2025;;
MS;2701140018;MS2701140018;LATA AL 350ML MOEMA;LATA;MOEMA;138873;GERAL;52771,74;OUT;2025;10/2025;;
MS;2701140003;MS2701140003;LATA AL 355ML BAMBOA LAGER;LATA;BAMBOA;194304;GERAL;83550,720000000001;OUT;2025;10/2025;;
MS;2701140018;MS2701140018;LATA AL 350ML MOEMA;LATA;MOEMA;171549;GERAL;65188,62;OUT;2025;10/2025;;
MS;2701140018;MS2701140018;LATA AL 350ML MOEMA;LATA;MOEMA;163380;GERAL;62084,4;OUT;2025;10/2025;;
MS;2701140003;MS2701140003;LATA AL 355ML BAMBOA LAGER;LATA;BAMBOA;16896;GERAL;7265,28;OUT;2025;10/2025;;
MS;2701140006;MS2701140006;LATA AL BELA ROMA / 473ML ;LATA;BELLA ROMA;143152;GERAL;73007,520000000004;OUT;2025;10/2025;;
MS;2701140016;MS2701140016;LATA 473ML FURIOSO MELAO;LATA;FURIOSO;24896;GERAL;12696,960000000001;OUT;2025;10/2025;;
MS;2701140026;MS2701140026;LATA AL 473ML FURIOSO;LATA;FURIOSO;118256;GERAL;60310,559999999998;OUT;2025;10/2025;;
MS;2701140015;MS2701140015;LATA AL 473ML FURIOSO MELANCIA E MORANGO;LATA;FURIOSO;56016;GERAL;28568,16;OUT;2025;10/2025;;
MS;2701140016;MS2701140016;LATA 473ML FURIOSO MELAO;LATA;FURIOSO;31120;GERAL;15871,2;OUT;2025;10/2025;;
MS;2701140027;MS2701140027;LATA AL 473 ML FURIOSO ZERO;LATA;FURIOSO;56016;GERAL;28568,16;OUT;2025;10/2025;;
MS;2701140018;MS2701140018;LATA AL 350ML MOEMA;LATA;MOEMA;187887;GERAL;71397,06;OUT;2025;10/2025;;
MS;2701140018;MS2701140018;LATA AL 350ML MOEMA;LATA;MOEMA;187887;GERAL;71397,06;OUT;2025;10/2025;;
MS;2701140018;MS2701140018;LATA AL 350ML MOEMA;LATA;MOEMA;163380;GERAL;62084,4;NOV;2025;11/2025;;
MS;2701140018;MS2701140018;LATA AL 350ML MOEMA;LATA;MOEMA;138873;GERAL;52771,74;NOV;2025;11/2025;;
MS;2701140018;MS2701140018;LATA AL 350ML MOEMA;LATA;MOEMA;187887;GERAL;71397,06;NOV;2025;11/2025;;
MS;2701140006;MS2701140006;LATA AL BELA ROMA / 473ML ;LATA;BELLA ROMA;143152;GERAL;73007,520000000004;NOV;2025;11/2025;;
MS;2701140018;MS2701140018;LATA AL 350ML MOEMA;LATA;MOEMA;57183;GERAL;21729,54;NOV;2025;11/2025;;
MS;2701140003;MS2701140003;LATA AL 355ML BAMBOA LAGER;LATA;BAMBOA;135168;GERAL;58122,239999999998;NOV;2025;11/2025;;
MS;2701140018;MS2701140018;LATA AL 350ML MOEMA;LATA;MOEMA;98028;GERAL;37250,639999999999;NOV;2025;11/2025;;
MS;2701140018;MS2701140018;LATA AL 350ML MOEMA;LATA;MOEMA;187887;GERAL;71397,06;NOV;2025;11/2025;;
MS;2701140001;MS2701140001;LATA AL 269ML BAMBOA PILSEN;LATA;BAMBOA;121968;GERAL;5122,6559999999999;NOV;2025;11/2025;;
MS;2701140018;MS2701140018;LATA AL 350ML MOEMA;LATA;MOEMA;187887;GERAL;71397,06;NOV;2025;11/2025;;
MS;2701140018;MS2701140018;LATA AL 350ML MOEMA;LATA;MOEMA;187887;GERAL;71397,06;NOV;2025;11/2025;;
MS;2701140003;MS2701140003;LATA AL 355ML BAMBOA LAGER;LATA;BAMBOA;168960;GERAL;72652,800000000003;NOV;2025;11/2025;;
MS;2701140003;MS2701140003;LATA AL 355ML BAMBOA LAGER;LATA;BAMBOA;143616;GERAL;61754,879999999997;NOV;2025;11/2025;;
MS;2701140026;MS2701140026;LATA AL 473ML FURIOSO;LATA;FURIOSO;118256;GERAL;60310,559999999998;NOV;2025;11/2025;;
MS;2701140018;MS2701140018;LATA AL 350ML MOEMA;LATA;MOEMA;32676;GERAL;12416,880000000001;NOV;2025;11/2025;;
MS;2701140026;MS2701140026;LATA AL 473ML FURIOSO;LATA;FURIOSO;118256;GERAL;60310,559999999998;NOV;2025;11/2025;;
MS;2701140027;MS2701140027;LATA AL 473 ML FURIOSO ZERO;LATA;FURIOSO;24896;GERAL;12696,960000000001;NOV;2025;11/2025;;
MS;2701140018;MS2701140018;LATA AL 350ML MOEMA;LATA;MOEMA;187887;GERAL;71397,06;NOV;2025;11/2025;;
MS;2701140018;MS2701140018;LATA AL 350ML MOEMA;LATA;MOEMA;187887;GERAL;71397,06;NOV;2025;11/2025;;
MS;2901140013;MS2901140013;LATA CHOPP DO MARQUES 473ML;LATA;MARQUES;118256;GERAL;60310,559999999998;NOV;2025;11/2025;;
MS;2701140018;MS2701140018;LATA AL 350ML MOEMA;LATA;MOEMA;8169;GERAL;3104,2200000000003;NOV;2025;11/2025;;
MS;2701140020;MS2701140020;LATA AL 350ML COLA;LATA;REFRIKO;8169;GERAL;3104,2200000000003;NOV;2025;11/2025;;
MS;2701140018;MS2701140018;LATA AL 350ML MOEMA;LATA;MOEMA;73521;GERAL;27937,98;NOV;2025;11/2025;;
MS;2701140018;MS2701140018;LATA AL 350ML MOEMA;LATA;MOEMA;65352;GERAL;24833,760000000002;NOV;2025;11/2025;;
MS;2701140020;MS2701140020;LATA AL 350ML COLA;LATA;REFRIKO;49014;GERAL;18625,32;NOV;2025;11/2025;;
MS;2701140026;MS2701140026;LATA AL 473ML FURIOSO;LATA;FURIOSO;24896;GERAL;12696,960000000001;NOV;2025;11/2025;;
MS;2701140018;MS2701140018;LATA AL 350ML MOEMA;LATA;MOEMA;8169;GERAL;3104,2200000000003;NOV;2025;11/2025;;
MS;2701140018;MS2701140018;LATA AL 350ML MOEMA;LATA;MOEMA;187887;GERAL;71397,06;NOV;2025;11/2025;;
MS;2701140006;MS2701140006;LATA AL BELA ROMA / 473ML ;LATA;BELLA ROMA;124480;GERAL;63484,800000000003;NOV;2025;11/2025;;
MS;2701140018;MS2701140018;LATA AL 350ML MOEMA;LATA;MOEMA;187887;GERAL;71397,06;NOV;2025;11/2025;;
MS;2701140018;MS2701140018;LATA AL 350ML MOEMA;LATA;MOEMA;171549;GERAL;65188,62;NOV;2025;11/2025;;
MS;2901140013;MS2901140013;LATA CHOPP DO MARQUES 473ML;LATA;MARQUES;12448;GERAL;6348,4800000000005;NOV;2025;11/2025;;
MS;2701140019;MS2701140019;LATA AL 473ML MOEMA;LATA;MOEMA;124480;GERAL;63484,800000000003;NOV;2025;11/2025;;
MS;2701140017;MS2701140017;LATA 473ML FURIOSO TROPICAL;LATA;FURIOSO;24896;GERAL;12696,960000000001;NOV;2025;11/2025;;
MS;2701140019;MS2701140019;LATA AL 473ML MOEMA;LATA;MOEMA;62240;GERAL;31742,400000000001;NOV;2025;11/2025;;
MS;2701140006;MS2701140006;LATA AL BELA ROMA / 473ML ;LATA;BELLA ROMA;143152;GERAL;73007,520000000004;NOV;2025;11/2025;;
MS;2701140018;MS2701140018;LATA AL 350ML MOEMA;LATA;MOEMA;187887;GERAL;71397,06;NOV;2025;11/2025;;
MS;2701140015;MS2701140015;LATA AL 473ML FURIOSO MELANCIA E MORANGO;LATA;FURIOSO;18672;GERAL;9522,7199999999993;NOV;2025;11/2025;;
MS;2701140018;MS2701140018;LATA AL 350ML MOEMA;LATA;MOEMA;163380;GERAL;62084,4;NOV;2025;11/2025;;
MS;2701140018;MS2701140018;LATA AL 350ML MOEMA;LATA;MOEMA;138873;GERAL;52771,74;NOV;2025;11/2025;;
MS;2701140018;MS2701140018;LATA AL 350ML MOEMA;LATA;MOEMA;187887;GERAL;71397,06;NOV;2025;11/2025;;
MS;2701140018;MS2701140018;LATA AL 350ML MOEMA;LATA;MOEMA;65352;GERAL;24833,760000000002;NOV;2025;11/2025;;
MS;2701140019;MS2701140019;LATA AL 473ML MOEMA;LATA;MOEMA;143152;GERAL;73007,520000000004;NOV;2025;11/2025;;
MS;2701140006;MS2701140006;LATA AL BELA ROMA / 473ML ;LATA;BELLA ROMA;93360;GERAL;47613,599999999999;NOV;2025;11/2025;;
MS;2701140006;MS2701140006;LATA AL BELA ROMA / 473ML ;LATA;BELLA ROMA;124480;GERAL;63484,800000000003;NOV;2025;11/2025;;
MS;2701140006;MS2701140006;LATA AL BELA ROMA / 473ML ;LATA;BELLA ROMA;56016;GERAL;28568,16;NOV;2025;11/2025;;
MS;2701140003;MS2701140003;LATA AL 355ML BAMBOA LAGER;LATA;BAMBOA;67584;GERAL;29061,119999999999;NOV;2025;11/2025;;
MS;2701140019;MS2701140019;LATA AL 473ML MOEMA;LATA;MOEMA;143152;GERAL;73007,520000000004;NOV;2025;11/2025;;
MS;2701140018;MS2701140018;LATA AL 350ML MOEMA;LATA;MOEMA;187887;GERAL;71397,06;NOV;2025;11/2025;;
MS;2701140018;MS2701140018;LATA AL 350ML MOEMA;LATA;MOEMA;81690;GERAL;31042,2;NOV;2025;11/2025;;
MS;2701140008;MS2701140008;LATA CER DEL PUERTO 350ML                            ;LATA;PUERTO;163380;GERAL;6861,96;NOV;2025;11/2025;;
MS;2701140018;MS2701140018;LATA AL 350ML MOEMA;LATA;MOEMA;187887;GERAL;71397,06;NOV;2025;11/2025;;
MS;2701140018;MS2701140018;LATA AL 350ML MOEMA;LATA;MOEMA;187887;GERAL;71397,06;NOV;2025;11/2025;;
MS;2701140006;MS2701140006;LATA AL BELA ROMA / 473ML ;LATA;BELLA ROMA;143152;GERAL;73007,520000000004;NOV;2025;11/2025;;
MS;2701140006;MS2701140006;LATA AL BELA ROMA / 473ML ;LATA;BELLA ROMA;80912;GERAL;41265,120000000003;NOV;2025;11/2025;;
MS;2701140018;MS2701140018;LATA AL 350ML MOEMA;LATA;MOEMA;187887;GERAL;71397,06;DEZ;2025;12/2025;;
MS;2701140014;MS2701140014;LATA CER DEL PUERTO 269ML                            ;LATA;PUERTO;199584;GERAL;75841,919999999998;DEZ;2025;12/2025;;
MS;2701140035;MS2701140035;LATA AL 269ML FURIOSO;LATA;FURIOSO;110880;GERAL;4656,96;DEZ;2025;12/2025;;
MS;2701140039;MS2701140039;LATA AL 269ML MOEMA;LATA;MOEMA;177408;GERAL;7451,1360000000004;DEZ;2025;12/2025;;
MS;2701140026;MS2701140026;LATA AL 473ML FURIOSO;LATA;FURIOSO;143152;GERAL;73007,520000000004;DEZ;2025;12/2025;;
MS;2701140026;MS2701140026;LATA AL 473ML FURIOSO;LATA;FURIOSO;24896;GERAL;12696,960000000001;DEZ;2025;12/2025;;
MS;2701140026;MS2701140026;LATA AL 473ML FURIOSO;LATA;FURIOSO;143152;GERAL;73007,520000000004;DEZ;2025;12/2025;;
MS;2701140003;MS2701140003;LATA AL 355ML BAMBOA LAGER;LATA;BAMBOA;25344;GERAL;10897,92;DEZ;2025;12/2025;;
MS;2701140018;MS2701140018;LATA AL 350ML MOEMA;LATA;MOEMA;8169;GERAL;3104,2200000000003;DEZ;2025;12/2025;;
MS;2701140018;MS2701140018;LATA AL 350ML MOEMA;LATA;MOEMA;73521;GERAL;27937,98;DEZ;2025;12/2025;;
MS;2701140016;MS2701140016;LATA 473ML FURIOSO MELAO;LATA;FURIOSO;24896;GERAL;12696,960000000001;DEZ;2025;12/2025;;
MS;2701140027;MS2701140027;LATA AL 473 ML FURIOSO ZERO;LATA;FURIOSO;12448;GERAL;6348,4800000000005;DEZ;2025;12/2025;;
MS;2701140026;MS2701140026;LATA AL 473ML FURIOSO;LATA;FURIOSO;62240;GERAL;31742,400000000001;DEZ;2025;12/2025;;
MS;2701140015;MS2701140015;LATA AL 473ML FURIOSO MELANCIA E MORANGO;LATA;FURIOSO;49792;GERAL;25393,920000000002;DEZ;2025;12/2025;;
MS;2701140028;MS2701140028;LATA AL 473ML MORANGO E MELANCIA ZERO;LATA;FURIOSO;24896;GERAL;12696,960000000001;DEZ;2025;12/2025;;
MS;2701140018;MS2701140018;LATA AL 350ML MOEMA;LATA;MOEMA;122535;GERAL;46563,3;DEZ;2025;12/2025;;
MS;2701140017;MS2701140017;LATA 473ML FURIOSO TROPICAL;LATA;FURIOSO;18672;GERAL;9522,7199999999993;DEZ;2025;12/2025;;
MS;2701140039;MS2701140039;LATA AL 269ML MOEMA;LATA;MOEMA;22176;GERAL;931,39200000000005;DEZ;2025;12/2025;;
MS;2701140006;MS2701140006;LATA AL BELA ROMA / 473ML ;LATA;BELLA ROMA;124480;GERAL;63484,800000000003;DEZ;2025;12/2025;;
MS;2701140006;MS2701140006;LATA AL BELA ROMA / 473ML ;LATA;BELLA ROMA;105808;GERAL;53962,080000000002;DEZ;2025;12/2025;;
MS;2701140006;MS2701140006;LATA AL BELA ROMA / 473ML ;LATA;BELLA ROMA;143152;GERAL;73007,520000000004;DEZ;2025;12/2025;;
MS;2701140018;MS2701140018;LATA AL 350ML MOEMA;LATA;MOEMA;187887;GERAL;71397,06;DEZ;2025;12/2025;;
MS;2701140028;MS2701140028;LATA AL 473ML MORANGO E MELANCIA ZERO;LATA;FURIOSO;24896;GERAL;12696,960000000001;DEZ;2025;12/2025;;
MS;2701140016;MS2701140016;LATA 473ML FURIOSO MELAO;LATA;FURIOSO;24896;GERAL;12696,960000000001;DEZ;2025;12/2025;;
MS;2701140018;MS2701140018;LATA AL 350ML MOEMA;LATA;MOEMA;122535;GERAL;46563,3;DEZ;2025;12/2025;;
MS;2701140018;MS2701140018;LATA AL 350ML MOEMA;LATA;MOEMA;187887;GERAL;71397,06;DEZ;2025;12/2025;;
MS;2701140018;MS2701140018;LATA AL 350ML MOEMA;LATA;MOEMA;187887;GERAL;71397,06;DEZ;2025;12/2025;;
MS;2701140044;MS2701140044;LATA AL 473ML UVA VERDE E PESSEGO;LATA;FURIOSO;87136;GERAL;44439,360000000001;DEZ;2025;12/2025;;
MS;2701140018;MS2701140018;LATA AL 350ML MOEMA;LATA;MOEMA;163380;GERAL;62084,4;DEZ;2025;12/2025;;
MS;2701140018;MS2701140018;LATA AL 350ML MOEMA;LATA;MOEMA;187887;GERAL;71397,06;DEZ;2025;12/2025;;
MS;2701140018;MS2701140018;LATA AL 350ML MOEMA;LATA;MOEMA;138873;GERAL;52771,74;DEZ;2025;12/2025;;
MS;2701140019;MS2701140019;LATA AL 473ML MOEMA;LATA;MOEMA;143152;GERAL;73007,520000000004;DEZ;2025;12/2025;;
MS;2701140017;MS2701140017;LATA 473ML FURIOSO TROPICAL;LATA;FURIOSO;31120;GERAL;15871,2;DEZ;2025;12/2025;;
MS;2701140040;MS2701140040;LATA CER MOEMA PILSEN URUGUAI 473ML                       ;LATA;MOEMA;24896;GERAL;13072,8896;DEZ;2025;12/2025;;
MS;2701140006;MS2701140006;LATA AL BELA ROMA / 473ML ;LATA;BELLA ROMA;143152;GERAL;73007,520000000004;DEZ;2025;12/2025;;
MS;2701140018;MS2701140018;LATA AL 350ML MOEMA;LATA;MOEMA;187887;GERAL;71397,06;DEZ;2025;12/2025;;
MS;2701140006;MS2701140006;LATA AL BELA ROMA / 473ML ;LATA;BELLA ROMA;124480;GERAL;63484,800000000003;DEZ;2025;12/2025;;
MS;2701140006;MS2701140006;LATA AL BELA ROMA / 473ML ;LATA;BELLA ROMA;105808;GERAL;53962,080000000002;DEZ;2025;12/2025;;
MS;2701140018;MS2701140018;LATA AL 350ML MOEMA;LATA;MOEMA;122535;GERAL;46563,3;DEZ;2025;12/2025;;
MS;2701140018;MS2701140018;LATA AL 350ML MOEMA;LATA;MOEMA;187887;GERAL;71397,06;DEZ;2025;12/2025;;
MS;2701140006;MS2701140006;LATA AL BELA ROMA / 473ML ;LATA;BELLA ROMA;49792;GERAL;25393,920000000002;DEZ;2025;12/2025;;
MS;2701140018;MS2701140018;LATA AL 350ML MOEMA;LATA;MOEMA;155211;GERAL;58980,18;DEZ;2025;12/2025;;
MS;2701140003;MS2701140003;LATA AL 355ML BAMBOA LAGER;LATA;BAMBOA;194304;GERAL;83550,720000000001;DEZ;2025;12/2025;;
MS;2701140003;MS2701140003;LATA AL 355ML BAMBOA LAGER;LATA;BAMBOA;168960;GERAL;72652,800000000003;DEZ;2025;12/2025;;
MS;2701140003;MS2701140003;LATA AL 355ML BAMBOA LAGER;LATA;BAMBOA;143616;GERAL;61754,879999999997;DEZ;2025;12/2025;;
MS;2701140003;MS2701140003;LATA AL 355ML BAMBOA LAGER;LATA;BAMBOA;33792;GERAL;14530,56;DEZ;2025;12/2025;;
MS;2701140018;MS2701140018;LATA AL 350ML MOEMA;LATA;MOEMA;57183;GERAL;21729,54;DEZ;2025;12/2025;;
MS;2701140018;MS2701140018;LATA AL 350ML MOEMA;LATA;MOEMA;187887;GERAL;71397,06;DEZ;2025;12/2025;;
MS;2701140018;MS2701140018;LATA AL 350ML MOEMA;LATA;MOEMA;187887;GERAL;71397,06;DEZ;2025;12/2025;;
MS;2701140039;MS2701140039;LATA AL 269ML MOEMA;LATA;MOEMA;177408;GERAL;7451,1360000000004;DEZ;2025;12/2025;;
MS;2701140018;MS2701140018;LATA AL 350ML MOEMA;LATA;MOEMA;163380;GERAL;62084,4;DEZ;2025;12/2025;;
MS;2701140018;MS2701140018;LATA AL 350ML MOEMA;LATA;MOEMA;138873;GERAL;52771,74;DEZ;2025;12/2025;;
MS;2701140018;MS2701140018;LATA AL 350ML MOEMA;LATA;MOEMA;187887;GERAL;71397,06;DEZ;2025;12/2025;;
MS;2701140018;MS2701140018;LATA AL 350ML MOEMA;LATA;MOEMA;187887;GERAL;71397,06;DEZ;2025;12/2025;;
MS;2701140018;MS2701140018;LATA AL 350ML MOEMA;LATA;MOEMA;187887;GERAL;71397,06;DEZ;2025;12/2025;;
MS;2701140018;MS2701140018;LATA AL 350ML MOEMA;LATA;MOEMA;187887;GERAL;71397,06;DEZ;2025;12/2025;;
MS;2701140018;MS2701140018;LATA AL 350ML MOEMA;LATA;MOEMA;187887;GERAL;71397,06;JAN;2026;01/2026;;
MS;2701140018;MS2701140018;LATA AL 350ML MOEMA;LATA;MOEMA;187887;GERAL;71397,06;JAN;2026;01/2026;;
MS;2701140018;MS2701140018;LATA AL 350ML MOEMA;LATA;MOEMA;187887;GERAL;71397,06;JAN;2026;01/2026;;
MS;2701140018;MS2701140018;LATA AL 350ML MOEMA;LATA;MOEMA;163380;GERAL;62084,4;JAN;2026;01/2026;;
MS;2701140018;MS2701140018;LATA AL 350ML MOEMA;LATA;MOEMA;138873;GERAL;52771,74;JAN;2026;01/2026;;
MS;2701140018;MS2701140018;LATA AL 350ML MOEMA;LATA;MOEMA;187887;GERAL;71397,06;JAN;2026;01/2026;;
MS;2701140018;MS2701140018;LATA AL 350ML MOEMA;LATA;MOEMA;187887;GERAL;71397,06;JAN;2026;01/2026;;
MS;2701140018;MS2701140018;LATA AL 350ML MOEMA;LATA;MOEMA;122535;GERAL;46563,3;JAN;2026;01/2026;;
MS;2701140018;MS2701140018;LATA AL 350ML MOEMA;LATA;MOEMA;138873;GERAL;52771,74;JAN;2026;01/2026;;
MS;2701140018;MS2701140018;LATA AL 350ML MOEMA;LATA;MOEMA;187887;GERAL;71397,06;JAN;2026;01/2026;;
MS;2701140018;MS2701140018;LATA AL 350ML MOEMA;LATA;MOEMA;65352;GERAL;24833,760000000002;JAN;2026;01/2026;;
MS;2701140018;MS2701140018;LATA AL 350ML MOEMA;LATA;MOEMA;163380;GERAL;62084,4;JAN;2026;01/2026;;
MS;2701140018;MS2701140018;LATA AL 350ML MOEMA;LATA;MOEMA;187887;GERAL;71397,06;JAN;2026;01/2026;;
MS;2701140018;MS2701140018;LATA AL 350ML MOEMA;LATA;MOEMA;187887;GERAL;71397,06;JAN;2026;01/2026;;
MS;2701140018;MS2701140018;LATA AL 350ML MOEMA;LATA;MOEMA;179718;GERAL;68292,84;JAN;2026;01/2026;;
MS;2701140018;MS2701140018;LATA AL 350ML MOEMA;LATA;MOEMA;187887;GERAL;71397,06;JAN;2026;01/2026;;
MS;2701140018;MS2701140018;LATA AL 350ML MOEMA;LATA;MOEMA;187887;GERAL;71397,06;JAN;2026;01/2026;;
MS;2701140006;MS2701140006;LATA AL BELA ROMA / 473ML ;LATA;BELLA ROMA;143152;GERAL;73007,520000000004;JAN;2026;01/2026;;
MS;2701140006;MS2701140006;LATA AL BELA ROMA / 473ML ;LATA;BELLA ROMA;124480;GERAL;63484,800000000003;JAN;2026;01/2026;;
MS;2701140018;MS2701140018;LATA AL 350ML MOEMA;LATA;MOEMA;24507;GERAL;9312,66;JAN;2026;01/2026;;
MS;2701140006;MS2701140006;LATA AL BELA ROMA / 473ML ;LATA;BELLA ROMA;143152;GERAL;73007,520000000004;JAN;2026;01/2026;;
MS;2701140018;MS2701140018;LATA AL 350ML MOEMA;LATA;MOEMA;8169;GERAL;3104,2200000000003;JAN;2026;01/2026;;
MS;2701140044;MS2701140044;LATA AL 473ML UVA VERDE E PESSEGO;LATA;FURIOSO;80912;GERAL;41265,120000000003;JAN;2026;01/2026;;
MS;2701140017;MS2701140017;LATA 473ML FURIOSO TROPICAL;LATA;FURIOSO;62240;GERAL;31742,400000000001;JAN;2026;01/2026;;
MS;2701140018;MS2701140018;LATA AL 350ML MOEMA;LATA;MOEMA;8169;GERAL;3104,2200000000003;JAN;2026;01/2026;;
MS;2701140019;MS2701140019;LATA AL 473ML MOEMA;LATA;MOEMA;68464;GERAL;34916,639999999999;JAN;2026;01/2026;;
MS;2701140019;MS2701140019;LATA AL 473ML MOEMA;LATA;MOEMA;105808;GERAL;53962,080000000002;JAN;2026;01/2026;;
MS;2701140019;MS2701140019;LATA AL 473ML MOEMA;LATA;MOEMA;124480;GERAL;63484,800000000003;JAN;2026;01/2026;;
MS;2701140019;MS2701140019;LATA AL 473ML MOEMA;LATA;MOEMA;136928;GERAL;69833,279999999999;JAN;2026;01/2026;;
MS;2701140019;MS2701140019;LATA AL 473ML MOEMA;LATA;MOEMA;74688;GERAL;38090,879999999997;JAN;2026;01/2026;;
MS;2701140019;MS2701140019;LATA AL 473ML MOEMA;LATA;MOEMA;143152;GERAL;73007,520000000004;JAN;2026;01/2026;;
MS;2901140013;MS2901140013;LATA CHOPP DO MARQUES 473ML;LATA;MARQUES;136928;GERAL;69833,279999999999;JAN;2026;01/2026;;
MS;2701140024;MS2701140024;LATA CER MOEMA PILSEN ARGENTINA 473ML                      ;LATA;MOEMA;143152;GERAL;75169,1152;JAN;2026;01/2026;;
MS;2701140024;MS2701140024;LATA CER MOEMA PILSEN ARGENTINA 473ML                      ;LATA;MOEMA;6224;GERAL;3268,2224000000001;JAN;2026;01/2026;;
MS;2701140006;MS2701140006;LATA AL BELA ROMA / 473ML ;LATA;BELLA ROMA;143152;GERAL;73007,520000000004;JAN;2026;01/2026;;
MS;2701140006;MS2701140006;LATA AL BELA ROMA / 473ML ;LATA;BELLA ROMA;143152;GERAL;73007,520000000004;JAN;2026;01/2026;;
MS;2701140024;MS2701140024;LATA CER MOEMA PILSEN ARGENTINA 473ML                      ;LATA;MOEMA;80912;GERAL;42486,891199999998;JAN;2026;01/2026;;
MS;2701140024;MS2701140024;LATA CER MOEMA PILSEN ARGENTINA 473ML                      ;LATA;MOEMA;124480;GERAL;65364,448000000004;JAN;2026;01/2026;;
MS;2701140003;MS2701140003;LATA AL 355ML BAMBOA LAGER;LATA;BAMBOA;194304;GERAL;83550,720000000001;JAN;2026;01/2026;;
MS;2701140004;MS2701140004;LATA AL 473ML BAMBOA PILSEN;LATA;BAMBOA;24896;GERAL;12696,960000000001;JAN;2026;01/2026;;
MS;2701140018;MS2701140018;LATA AL 350ML MOEMA;LATA;MOEMA;65352;GERAL;24833,760000000002;JAN;2026;01/2026;;
MS;2701140018;MS2701140018;LATA AL 350ML MOEMA;LATA;MOEMA;187887;GERAL;71397,06;JAN;2026;01/2026;;
MS;2701140018;MS2701140018;LATA AL 350ML MOEMA;LATA;MOEMA;187887;GERAL;71397,06;JAN;2026;01/2026;;
MS;2701140018;MS2701140018;LATA AL 350ML MOEMA;LATA;MOEMA;187887;GERAL;71397,06;JAN;2026;01/2026;;
MS;2701140018;MS2701140018;LATA AL 350ML MOEMA;LATA;MOEMA;65352;GERAL;24833,760000000002;JAN;2026;01/2026;;
MS;2701140004;MS2701140004;LATA AL 473ML BAMBOA PILSEN;LATA;BAMBOA;6224;GERAL;3174,2400000000002;JAN;2026;01/2026;;
MS;2701140004;MS2701140004;LATA AL 473ML BAMBOA PILSEN;LATA;BAMBOA;124480;GERAL;63484,800000000003;JAN;2026;01/2026;;
MS;2701140018;MS2701140018;LATA AL 350ML MOEMA;LATA;MOEMA;187887;GERAL;71397,06;JAN;2026;01/2026;;
MS;2701140018;MS2701140018;LATA AL 350ML MOEMA;LATA;MOEMA;187887;GERAL;71397,06;JAN;2026;01/2026;;
MS;2901140013;MS2901140013;LATA CHOPP DO MARQUES 473ML;LATA;MARQUES;6224;GERAL;3174,2400000000002;FEV;2026;02/2026;;
MS;2701140018;MS2701140018;LATA AL 350ML MOEMA;LATA;MOEMA;138873;GERAL;52771,74;FEV;2026;02/2026;;
MS;2701140018;MS2701140018;LATA AL 350ML MOEMA;LATA;MOEMA;163380;GERAL;62084,4;FEV;2026;02/2026;;
MS;2701140018;MS2701140018;LATA AL 350ML MOEMA;LATA;MOEMA;179718;GERAL;68292,84;FEV;2026;02/2026;;
MS;2701140003;MS2701140003;LATA AL 355ML BAMBOA LAGER;LATA;BAMBOA;177408;GERAL;76285,440000000002;FEV;2026;02/2026;;
MS;2701140018;MS2701140018;LATA AL 350ML MOEMA;LATA;MOEMA;16338;GERAL;6208,4400000000005;FEV;2026;02/2026;;
MS;2701140006;MS2701140006;LATA AL BELA ROMA / 473ML ;LATA;BELLA ROMA;143152;GERAL;73007,520000000004;FEV;2026;02/2026;;
MS;2701140026;MS2701140026;LATA AL 473ML FURIOSO;LATA;FURIOSO;143152;GERAL;73007,520000000004;FEV;2026;02/2026;;
MS;2701140044;MS2701140044;LATA AL 473ML UVA VERDE E PESSEGO;LATA;FURIOSO;143152;GERAL;73007,520000000004;FEV;2026;02/2026;;
MS;2701140042;MS2701140042;LATA DE ALUMINIO LISA 473ML;LATA;FURIOSO;74688;GERAL;38090,879999999997;FEV;2026;02/2026;;
MS;2701140026;MS2701140026;LATA AL 473ML FURIOSO;LATA;FURIOSO;143152;GERAL;73007,520000000004;FEV;2026;02/2026;;
MS;2701140027;MS2701140027;LATA AL 473 ML FURIOSO ZERO;LATA;FURIOSO;49792;GERAL;25393,920000000002;FEV;2026;02/2026;;
MS;2701140006;MS2701140006;LATA AL BELA ROMA / 473ML ;LATA;BELLA ROMA;143152;GERAL;73007,520000000004;FEV;2026;02/2026;;
MS;2701140018;MS2701140018;LATA AL 350ML MOEMA;LATA;MOEMA;187887;GERAL;71397,06;FEV;2026;02/2026;;
MS;2701140017;MS2701140017;LATA 473ML FURIOSO TROPICAL;LATA;FURIOSO;80912;GERAL;41265,120000000003;FEV;2026;02/2026;;
MS;2701140017;MS2701140017;LATA 473ML FURIOSO TROPICAL;LATA;FURIOSO;93360;GERAL;47613,599999999999;FEV;2026;02/2026;;
MS;2701140026;MS2701140026;LATA AL 473ML FURIOSO;LATA;FURIOSO;93360;GERAL;47613,599999999999;FEV;2026;02/2026;;
MS;2701140028;MS2701140028;LATA AL 473ML MORANGO E MELANCIA ZERO;LATA;FURIOSO;62240;GERAL;31742,400000000001;FEV;2026;02/2026;;
MS;2701140044;MS2701140044;LATA AL 473ML UVA VERDE E PESSEGO;LATA;FURIOSO;12448;GERAL;6348,4800000000005;FEV;2026;02/2026;;
MS;2701140044;MS2701140044;LATA AL 473ML UVA VERDE E PESSEGO;LATA;FURIOSO;124480;GERAL;63484,800000000003;FEV;2026;02/2026;;
MS;2701140006;MS2701140006;LATA AL BELA ROMA / 473ML ;LATA;BELLA ROMA;6224;GERAL;3174,2400000000002;FEV;2026;02/2026;;
MS;2701140006;MS2701140006;LATA AL BELA ROMA / 473ML ;LATA;BELLA ROMA;143152;GERAL;73007,520000000004;FEV;2026;02/2026;;
MS;2701140006;MS2701140006;LATA AL BELA ROMA / 473ML ;LATA;BELLA ROMA;143152;GERAL;73007,520000000004;FEV;2026;02/2026;;
MS;2701140006;MS2701140006;LATA AL BELA ROMA / 473ML ;LATA;BELLA ROMA;143152;GERAL;73007,520000000004;FEV;2026;02/2026;;
MS;2701140008;MS2701140008;LATA CER DEL PUERTO 269ML;LATA;PUERTO;221760;GERAL;9313,92;FEV;2026;02/2026;;
MS;2701140008;MS2701140008;LATA CER DEL PUERTO 269ML;LATA;PUERTO;177408;GERAL;7451,1360000000004;FEV;2026;02/2026;;
MS;2701140018;MS2701140018;LATA AL 350ML MOEMA;LATA;MOEMA;187887;GERAL;71397,06;FEV;2026;02/2026;;
MS;2701140018;MS2701140018;LATA AL 350ML MOEMA;LATA;MOEMA;187887;GERAL;71397,06;FEV;2026;02/2026;;
MS;2701140003;MS2701140003;LATA AL 355ML BAMBOA LAGER;LATA;BAMBOA;118272;GERAL;50856,959999999999;FEV;2026;02/2026;;
MS;2701140018;MS2701140018;LATA AL 350ML MOEMA;LATA;MOEMA;138873;GERAL;52771,74;FEV;2026;02/2026;;
MS;2701140018;MS2701140018;LATA AL 350ML MOEMA;LATA;MOEMA;163380;GERAL;62084,4;FEV;2026;02/2026;;
MS;2701140018;MS2701140018;LATA AL 350ML MOEMA;LATA;MOEMA;32676;GERAL;12416,880000000001;FEV;2026;02/2026;;
MS;2701140018;MS2701140018;LATA AL 350ML MOEMA;LATA;MOEMA;155211;GERAL;58980,18;FEV;2026;02/2026;;
MS;2701140001;MS2701140001;LATA AL 269ML BAMBOA PILSEN;LATA;BAMBOA;11088;GERAL;465,69600000000003;FEV;2026;02/2026;;
MS;2701140001;MS2701140001;LATA AL 269ML BAMBOA PILSEN;LATA;BAMBOA;88704;GERAL;3725,5680000000002;FEV;2026;02/2026;;
MS;2701140006;MS2701140006;LATA AL BELA ROMA / 473ML ;LATA;BELLA ROMA;143152;GERAL;73007,520000000004;FEV;2026;02/2026;;
MS;2701140018;MS2701140018;LATA AL 350ML MOEMA;LATA;MOEMA;187887;GERAL;71397,06;FEV;2026;02/2026;;
MS;2701140006;MS2701140006;LATA AL BELA ROMA / 473ML ;LATA;BELLA ROMA;143152;GERAL;73007,520000000004;FEV;2026;02/2026;;
MS;2701140018;MS2701140018;LATA AL 350ML MOEMA;LATA;MOEMA;187887;GERAL;71397,06;FEV;2026;02/2026;;
MS;2701140018;MS2701140018;LATA AL 350ML MOEMA;LATA;MOEMA;187887;GERAL;71397,06;FEV;2026;02/2026;;
MS;2701140018;MS2701140018;LATA AL 350ML MOEMA;LATA;MOEMA;187887;GERAL;71397,06;FEV;2026;02/2026;;
MS;2701140016;MS2701140016;LATA 473ML FURIOSO MELAO;LATA;FURIOSO;43568;GERAL;22219,68;FEV;2026;02/2026;;
MS;2701140006;MS2701140006;LATA AL BELA ROMA / 473ML ;LATA;BELLA ROMA;6224;GERAL;3174,2400000000002;FEV;2026;02/2026;;
MS;2701140044;MS2701140044;LATA AL 473ML UVA VERDE E PESSEGO;LATA;FURIOSO;74688;GERAL;38090,879999999997;FEV;2026;02/2026;;
MS;2701140027;MS2701140027;LATA AL 473 ML FURIOSO ZERO;LATA;FURIOSO;56016;GERAL;28568,16;FEV;2026;02/2026;;
MS;2701140018;MS2701140018;LATA AL 350ML MOEMA;LATA;MOEMA;187887;GERAL;71397,06;FEV;2026;02/2026;;
MS;2701140015;MS2701140015;LATA AL 473ML FURIOSO MELANCIA E MORANGO;LATA;FURIOSO;143152;GERAL;73007,520000000004;FEV;2026;02/2026;;
MS;2701140028;MS2701140028;LATA AL 473ML MORANGO E MELANCIA ZERO;LATA;FURIOSO;49792;GERAL;25393,920000000002;FEV;2026;02/2026;;
MS;2701140021;MS2701140021;LATA AL 350ML LARANJA;LATA;REFRIKO;32676;GERAL;12416,880000000001;MAR;2026;03/2026;;
MS;2701140021;MS2701140021;LATA AL 350ML LARANJA;LATA;REFRIKO;49014;GERAL;18625,32;MAR;2026;03/2026;;
MS;2701140031;MS2701140031;LATA AL 473ML TANGERINA E LIMÃO ZERO;LATA;FURIOSO;37344;GERAL;19045,439999999999;MAR;2026;03/2026;;
MS;2701140020;MS2701140020;LATA AL 350ML COLA;LATA;REFRIKO;114366;GERAL;43459,08;MAR;2026;03/2026;;
MS;2701140006;MS2701140006;LATA AL BELA ROMA / 473ML ;LATA;BELLA ROMA;143152;GERAL;73007,520000000004;MAR;2026;03/2026;;
MS;2701140023;MS2701140023;LATA AL 350ML TUBAINA;LATA;REFRIKO;32676;GERAL;12416,880000000001;MAR;2026;03/2026;;
MS;2701140006;MS2701140006;LATA AL BELA ROMA / 473ML ;LATA;BELLA ROMA;74688;GERAL;38090,879999999997;MAR;2026;03/2026;;
MS;2701140018;MS2701140018;LATA AL 350ML MOEMA;LATA;MOEMA;73521;GERAL;27937,98;MAR;2026;03/2026;;
MS;2701140026;MS2701140026;LATA AL 473ML FURIOSO;LATA;FURIOSO;105808;GERAL;53962,080000000002;MAR;2026;03/2026;;
MS;2701140018;MS2701140018;LATA AL 350ML MOEMA;LATA;MOEMA;106197;GERAL;40354,86;MAR;2026;03/2026;;
MS;2701140018;MS2701140018;LATA AL 350ML MOEMA;LATA;MOEMA;187887;GERAL;71397,06;MAR;2026;03/2026;;
MS;2701140018;MS2701140018;LATA AL 350ML MOEMA;LATA;MOEMA;187887;GERAL;71397,06;MAR;2026;03/2026;;
MS;2701140018;MS2701140018;LATA AL 350ML MOEMA;LATA;MOEMA;187887;GERAL;71397,06;MAR;2026;03/2026;;
MS;2701140018;MS2701140018;LATA AL 350ML MOEMA;LATA;MOEMA;187887;GERAL;71397,06;MAR;2026;03/2026;;
MS;2701140024;MS2701140024;LATA CER MOEMA PILSEN ARGENTINA 473ML                      ;LATA;MOEMA;56016;GERAL;29414,0016;MAR;2026;03/2026;;
MS;2701140024;MS2701140024;LATA CER MOEMA PILSEN ARGENTINA 473ML                      ;LATA;MOEMA;124480;GERAL;65364,448000000004;MAR;2026;03/2026;;
MS;2901140013;MS2901140013;LATA CHOPP DO MARQUES 473ML;LATA;MARQUES;80912;GERAL;41265,120000000003;MAR;2026;03/2026;;
MS;2701140024;MS2701140024;LATA CER MOEMA PILSEN ARGENTINA 473ML                      ;LATA;MOEMA;143152;GERAL;75169,1152;MAR;2026;03/2026;;
MS;2701140018;MS2701140018;LATA AL 350ML MOEMA;LATA;MOEMA;81690;GERAL;31042,2;MAR;2026;03/2026;;
MS;2701140006;MS2701140006;LATA AL BELA ROMA / 473ML ;LATA;BELLA ROMA;49792;GERAL;25393,920000000002;MAR;2026;03/2026;;
MS;2701140003;MS2701140003;LATA AL 355ML BAMBOA LAGER;LATA;BAMBOA;194304;GERAL;83550,720000000001;MAR;2026;03/2026;;
MS;2701140003;MS2701140003;LATA AL 355ML BAMBOA LAGER;LATA;BAMBOA;194304;GERAL;83550,720000000001;MAR;2026;03/2026;;
MS;2701140039;MS2701140039;LATA AL 269ML MOEMA;LATA;MOEMA;99792;GERAL;4191,2640000000001;MAR;2026;03/2026;;
MS;2701140039;MS2701140039;LATA AL 269ML MOEMA;LATA;MOEMA;88704;GERAL;3725,5680000000002;MAR;2026;03/2026;;
MS;2701140006;MS2701140006;LATA AL BELA ROMA / 473ML ;LATA;BELLA ROMA;155600;GERAL;79356;MAR;2026;03/2026;;
MS;2701140006;MS2701140006;LATA AL BELA ROMA / 473ML ;LATA;BELLA ROMA;155600;GERAL;79356;MAR;2026;03/2026;;
MS;2701140001;MS2701140001;LATA AL 269ML BAMBOA PILSEN;LATA;BAMBOA;66528;GERAL;2794,1760000000004;MAR;2026;03/2026;;
MS;2701140006;MS2701140006;LATA AL BELA ROMA / 473ML ;LATA;BELLA ROMA;143152;GERAL;73007,520000000004;MAR;2026;03/2026;;
MS;2701140018;MS2701140018;LATA AL 350ML MOEMA;LATA;MOEMA;163380;GERAL;62084,4;MAR;2026;03/2026;;
MS;2701140018;MS2701140018;LATA AL 350ML MOEMA;LATA;MOEMA;73521;GERAL;27937,98;MAR;2026;03/2026;;
MS;2701140018;MS2701140018;LATA AL 350ML MOEMA;LATA;MOEMA;187887;GERAL;71397,06;MAR;2026;03/2026;;
MS;2701140025;MS2701140025;LATA AL 350ML GUARANA;LATA;REFRIKO;65352;GERAL;24833,760000000002;MAR;2026;03/2026;;
MS;2701140018;MS2701140018;LATA AL 350ML MOEMA;LATA;MOEMA;98028;GERAL;37250,639999999999;MAR;2026;03/2026;;
MS;2701140006;MS2701140006;LATA AL BELA ROMA / 473ML ;LATA;BELLA ROMA;68464;GERAL;34916,639999999999;MAR;2026;03/2026;;
MS;2701140018;MS2701140018;LATA AL 350ML MOEMA;LATA;MOEMA;187887;GERAL;71397,06;MAR;2026;03/2026;;
MS;2701140018;MS2701140018;LATA AL 350ML MOEMA;LATA;MOEMA;187887;GERAL;71397,06;MAR;2026;03/2026;;
MS;2701140018;MS2701140018;LATA AL 350ML MOEMA;LATA;MOEMA;187887;GERAL;71397,06;MAR;2026;03/2026;;
MS;2701140006;MS2701140006;LATA AL BELA ROMA / 473ML ;LATA;BELLA ROMA;124480;GERAL;63484,800000000003;MAR;2026;03/2026;;
MS;2701140006;MS2701140006;LATA AL BELA ROMA / 473ML ;LATA;BELLA ROMA;143152;GERAL;73007,520000000004;MAR;2026;03/2026;;
MS;2701140006;MS2701140006;LATA AL BELA ROMA / 473ML ;LATA;BELLA ROMA;105808;GERAL;53962,080000000002;MAR;2026;03/2026;;
MS;2701140027;MS2701140027;LATA AL 473 ML FURIOSO ZERO;LATA;FURIOSO;37344;GERAL;19045,439999999999;MAR;2026;03/2026;;
MS;2701140031;MS2701140031;LATA AL 473ML TANGERINA E LIMÃO ZERO;LATA;FURIOSO;56016;GERAL;28568,16;MAR;2026;03/2026;;
MS;2701140006;MS2701140006;LATA AL BELA ROMA / 473ML ;LATA;BELLA ROMA;143152;GERAL;73007,520000000004;MAR;2026;03/2026;;
MS;2701140044;MS2701140044;LATA AL 473ML UVA VERDE E PESSEGO;LATA;FURIOSO;49792;GERAL;25393,920000000002;MAR;2026;03/2026;;
MS;2701140026;MS2701140026;LATA AL 473ML FURIOSO;LATA;FURIOSO;143152;GERAL;73007,520000000004;MAR;2026;03/2026;;
MS;2701140026;MS2701140026;LATA AL 473ML FURIOSO;LATA;FURIOSO;143152;GERAL;73007,520000000004;MAR;2026;03/2026;;
MS;2701140018;MS2701140018;LATA AL 350ML MOEMA;LATA;MOEMA;163380;GERAL;62084,4;MAR;2026;03/2026;;
MS;2701140018;MS2701140018;LATA AL 350ML MOEMA;LATA;MOEMA;187887;GERAL;71397,06;MAR;2026;03/2026;;
MS;2701140018;MS2701140018;LATA AL 350ML MOEMA;LATA;MOEMA;24507;GERAL;9312,66;MAR;2026;03/2026;;
MS;2701140018;MS2701140018;LATA AL 350ML MOEMA;LATA;MOEMA;89859;GERAL;34146,42;MAR;2026;03/2026;;
MS;2701140018;MS2701140018;LATA AL 350ML MOEMA;LATA;MOEMA;187887;GERAL;71397,06;MAR;2026;03/2026;;
MS;2701140030;MS2701140030;LATA AL 350ML UVA DQI1%;LATA;REFRIKO;24507;GERAL;9312,66;MAR;2026;03/2026;;
MS;2701140018;MS2701140018;LATA AL 350ML MOEMA;LATA;MOEMA;98028;GERAL;37250,639999999999;MAR;2026;03/2026;;
MS;2701140018;MS2701140018;LATA AL 350ML MOEMA;LATA;MOEMA;89859;GERAL;34146,42;MAR;2026;03/2026;;
MS;2701140018;MS2701140018;LATA AL 350ML MOEMA;LATA;MOEMA;187887;GERAL;71397,06;MAR;2026;03/2026;;
MS;2701140018;MS2701140018;LATA AL 350ML MOEMA;LATA;MOEMA;187887;GERAL;71397,06;ABR;2026;04/2026;;
MS;2901140013;MS2901140013;LATA CHOPP DO MARQUES 473ML;LATA;MARQUES;62240;GERAL;31742,400000000001;ABR;2026;04/2026;;
MS;2701140018;MS2701140018;LATA AL 350ML MOEMA;LATA;MOEMA;106197;GERAL;40354,86;ABR;2026;04/2026;;
MS;2701140006;MS2701140006;LATA AL BELA ROMA / 473ML ;LATA;BELLA ROMA;105808;GERAL;53962,080000000002;ABR;2026;04/2026;;
MS;2701140006;MS2701140006;LATA AL BELA ROMA / 473ML ;LATA;BELLA ROMA;124480;GERAL;63484,800000000003;ABR;2026;04/2026;;
MS;2701140003;MS2701140003;LATA AL 355ML BAMBOA LAGER;LATA;BAMBOA;194304;GERAL;83550,720000000001;ABR;2026;04/2026;;
MS;2701140018;MS2701140018;LATA AL 350ML MOEMA;LATA;MOEMA;187887;GERAL;71397,06;ABR;2026;04/2026;;
MS;2701140003;MS2701140003;LATA AL 355ML BAMBOA LAGER;LATA;BAMBOA;160512;GERAL;69020,160000000003;ABR;2026;04/2026;;
MS;2701140006;MS2701140006;LATA AL BELA ROMA / 473ML ;LATA;BELLA ROMA;24896;GERAL;12696,960000000001;ABR;2026;04/2026;;
MS;2701140018;MS2701140018;LATA AL 350ML MOEMA;LATA;MOEMA;98028;GERAL;37250,639999999999;ABR;2026;04/2026;;
MS;2701140020;MS2701140020;LATA AL 350ML COLA;LATA;REFRIKO;24507;GERAL;9312,66;ABR;2026;04/2026;;
MS;2701140020;MS2701140020;LATA AL 350ML COLA;LATA;REFRIKO;163380;GERAL;62084,4;ABR;2026;04/2026;;
MS;2701140018;MS2701140018;LATA AL 350ML MOEMA;LATA;MOEMA;40845;GERAL;15521,1;ABR;2026;04/2026;;
MS;2701140025;MS2701140025;LATA AL 350ML GUARANA;LATA;REFRIKO;114366;GERAL;43459,08;ABR;2026;04/2026;;
MS;2701140023;MS2701140023;LATA AL 350ML TUBAINA;LATA;REFRIKO;32676;GERAL;12416,880000000001;ABR;2026;04/2026;;
MS;2701140018;MS2701140018;LATA AL 350ML MOEMA;LATA;MOEMA;187887;GERAL;71397,06;ABR;2026;04/2026;;
MS;2701140018;MS2701140018;LATA AL 350ML MOEMA;LATA;MOEMA;187887;GERAL;71397,06;ABR;2026;04/2026;;
MS;2701140017;MS2701140017;LATA 473ML FURIOSO TROPICAL;LATA;FURIOSO;68464;GERAL;34916,639999999999;ABR;2026;04/2026;;
MS;2701140016;MS2701140016;LATA 473ML FURIOSO MELAO;LATA;FURIOSO;74688;GERAL;38090,879999999997;ABR;2026;04/2026;;
MS;2701140018;MS2701140018;LATA AL 350ML MOEMA;LATA;MOEMA;163380;GERAL;62084,4;ABR;2026;04/2026;;
MS;2701140018;MS2701140018;LATA AL 350ML MOEMA;LATA;MOEMA;138873;GERAL;52771,74;ABR;2026;04/2026;;
MS;2701140018;MS2701140018;LATA AL 350ML MOEMA;LATA;MOEMA;187887;GERAL;71397,06;ABR;2026;04/2026;;
MS;2701140006;MS2701140006;LATA AL BELA ROMA / 473ML ;LATA;BELLA ROMA;143152;GERAL;73007,520000000004;ABR;2026;04/2026;;
MS;2701140018;MS2701140018;LATA AL 350ML MOEMA;LATA;MOEMA;187887;GERAL;71397,06;ABR;2026;04/2026;;
MS;2701140018;MS2701140018;LATA AL 350ML MOEMA;LATA;MOEMA;187887;GERAL;71397,06;ABR;2026;04/2026;;
MS;2701140006;MS2701140006;LATA AL BELA ROMA / 473ML ;LATA;BELLA ROMA;105808;GERAL;53962,080000000002;ABR;2026;04/2026;;
MS;2701140026;MS2701140026;LATA AL 473ML FURIOSO;LATA;FURIOSO;99584;GERAL;50787,840000000004;ABR;2026;04/2026;;
MS;2701140006;MS2701140006;LATA AL BELA ROMA / 473ML ;LATA;BELLA ROMA;143152;GERAL;73007,520000000004;ABR;2026;04/2026;;
MS;2701140006;MS2701140006;LATA AL BELA ROMA / 473ML ;LATA;BELLA ROMA;124480;GERAL;63484,800000000003;ABR;2026;04/2026;;
MS;2701140026;MS2701140026;LATA AL 473ML FURIOSO;LATA;FURIOSO;143152;GERAL;73007,520000000004;ABR;2026;04/2026;;
MS;2701140027;MS2701140027;LATA AL 473 ML FURIOSO ZERO;LATA;FURIOSO;43568;GERAL;22219,68;ABR;2026;04/2026;;
MS;2701140044;MS2701140044;LATA AL 473ML UVA VERDE E PESSEGO;LATA;FURIOSO;56016;GERAL;28568,16;ABR;2026;04/2026;;
MS;2701140024;MS2701140024;LATA CER MOEMA PILSEN ARGENTINA 473ML                      ;LATA;MOEMA;87136;GERAL;45755,113600000004;ABR;2026;04/2026;;
MS;2701140018;MS2701140018;LATA AL 350ML MOEMA;LATA;MOEMA;187887;GERAL;71397,06;ABR;2026;04/2026;;
MS;2701140018;MS2701140018;LATA AL 350ML MOEMA;LATA;MOEMA;187887;GERAL;71397,06;ABR;2026;04/2026;;
MS;2701140024;MS2701140024;LATA CER MOEMA PILSEN ARGENTINA 473ML                      ;LATA;MOEMA;124480;GERAL;65364,448000000004;ABR;2026;04/2026;;
MS;2701140024;MS2701140024;LATA CER MOEMA PILSEN ARGENTINA 473ML                      ;LATA;MOEMA;105808;GERAL;55559,7808;ABR;2026;04/2026;;
MS;2701140018;MS2701140018;LATA AL 350ML MOEMA;LATA;MOEMA;187887;GERAL;71397,06;ABR;2026;04/2026;;
MS;2701140018;MS2701140018;LATA AL 350ML MOEMA;LATA;MOEMA;187887;GERAL;71397,06;ABR;2026;04/2026;;
MS;2701140018;MS2701140018;LATA AL 350ML MOEMA;LATA;MOEMA;187887;GERAL;71397,06;ABR;2026;04/2026;;
MS;2701140018;MS2701140018;LATA AL 350ML MOEMA;LATA;MOEMA;187887;GERAL;71397,06;ABR;2026;04/2026;;
MS;2701140018;MS2701140018;LATA AL 350ML MOEMA;LATA;MOEMA;187887;GERAL;71397,06;ABR;2026;04/2026;;
MS;2701140018;MS2701140018;LATA AL 350ML MOEMA;LATA;MOEMA;138873;GERAL;52771,74;ABR;2026;04/2026;;
MS;2701140018;MS2701140018;LATA AL 350ML MOEMA;LATA;MOEMA;163380;GERAL;62084,4;ABR;2026;04/2026;;
MS;2701140025;MS2701140025;LATA AL 350ML GUARANA;LATA;REFRIKO;32676;GERAL;12416,880000000001;MAI;2026;05/2026;;
MS;2701140023;MS2701140023;LATA AL 350ML TUBAINA;LATA;REFRIKO;65352;GERAL;24833,760000000002;MAI;2026;05/2026;;
MS;2701140020;MS2701140020;LATA AL 350ML COLA;LATA;REFRIKO;130704;GERAL;49667,520000000004;MAI;2026;05/2026;;
MS;2701140018;MS2701140018;LATA AL 350ML MOEMA;LATA;MOEMA;187887;GERAL;71397,06;MAI;2026;05/2026;;
MS;2701140018;MS2701140018;LATA AL 350ML MOEMA;LATA;MOEMA;24507;GERAL;9312,66;MAI;2026;05/2026;;
MS;2701140018;MS2701140018;LATA AL 350ML MOEMA;LATA;MOEMA;187887;GERAL;71397,06;MAI;2026;05/2026;;
MS;2701140006;MS2701140006;LATA AL BELA ROMA / 473ML ;LATA;BELLA ROMA;143152;GERAL;73007,520000000004;MAI;2026;05/2026;;
MS;2701140030;MS2701140030;LATA AL 350ML UVA DQI1%;LATA;REFRIKO;65352;GERAL;24833,760000000002;MAI;2026;05/2026;;
MS;2701140021;MS2701140021;LATA AL 350ML LARANJA;LATA;REFRIKO;57183;GERAL;21729,54;MAI;2026;05/2026;;
MS;2701140006;MS2701140006;LATA AL BELA ROMA / 473ML ;LATA;BELLA ROMA;155600;GERAL;79356;MAI;2026;05/2026;;
MS;2701140006;MS2701140006;LATA AL BELA ROMA / 473ML ;LATA;BELLA ROMA;155600;GERAL;79356;MAI;2026;05/2026;;
MS;2701140019;MS2701140019;LATA AL 473ML MOEMA;LATA;MOEMA;24896;GERAL;12696,960000000001;MAI;2026;05/2026;;
MS;2701140018;MS2701140018;LATA AL 350ML MOEMA;LATA;MOEMA;204225;GERAL;77605,5;MAI;2026;05/2026;;
MS;2701140018;MS2701140018;LATA AL 350ML MOEMA;LATA;MOEMA;171549;GERAL;65188,62;MAI;2026;05/2026;;
MS;2701140039;MS2701140039;LATA AL 269ML MOEMA;LATA;MOEMA;77616;GERAL;3259,8720000000003;MAI;2026;05/2026;;
MS;2701140006;MS2701140006;LATA AL BELA ROMA / 473ML ;LATA;BELLA ROMA;62240;GERAL;31742,400000000001;MAI;2026;05/2026;;
MS;2701140018;MS2701140018;LATA AL 350ML MOEMA;LATA;MOEMA;187887;GERAL;71397,06;MAI;2026;05/2026;;
MS;2701140018;MS2701140018;LATA AL 350ML MOEMA;LATA;MOEMA;187887;GERAL;71397,06;MAI;2026;05/2026;;
MS;2701140006;MS2701140006;LATA AL BELA ROMA / 473ML ;LATA;BELLA ROMA;124480;GERAL;63484,800000000003;MAI;2026;05/2026;;
MS;2701140015;MS2701140015;LATA AL 473ML FURIOSO MELANCIA E MORANGO;LATA;FURIOSO;43568;GERAL;22219,68;MAI;2026;05/2026;;
MS;2701140044;MS2701140044;LATA AL 473ML UVA VERDE E PESSEGO;LATA;FURIOSO;56016;GERAL;28568,16;MAI;2026;05/2026;;
MS;2701140016;MS2701140016;LATA 473ML FURIOSO MELAO;LATA;FURIOSO;43568;GERAL;22219,68;MAI;2026;05/2026;;
MS;2701140018;MS2701140018;LATA AL 350ML MOEMA;LATA;MOEMA;163380;GERAL;62084,4;MAI;2026;05/2026;;
MS;2701140018;MS2701140018;LATA AL 350ML MOEMA;LATA;MOEMA;138873;GERAL;52771,74;MAI;2026;05/2026;;
MS;2701140018;MS2701140018;LATA AL 350ML MOEMA;LATA;MOEMA;187887;GERAL;71397,06;MAI;2026;05/2026;;
MS;2701140028;MS2701140028;LATA AL 473ML MORANGO E MELANCIA ZERO;LATA;FURIOSO;31120;GERAL;15871,2;MAI;2026;05/2026;;
MS;2701140026;MS2701140026;LATA AL 473ML FURIOSO;LATA;FURIOSO;112032;GERAL;57136,32;MAI;2026;05/2026;;
MS;2701140019;MS2701140019;LATA AL 473ML MOEMA;LATA;MOEMA;143152;GERAL;73007,520000000004;MAI;2026;05/2026;;
MS;2701140018;MS2701140018;LATA AL 350ML MOEMA;LATA;MOEMA;187887;GERAL;71397,06;MAI;2026;05/2026;;
MS;2701140018;MS2701140018;LATA AL 350ML MOEMA;LATA;MOEMA;187887;GERAL;71397,06;MAI;2026;05/2026;;
MS;2701140031;MS2701140031;LATA AL 473ML TANGERINA E LIMÃO ZERO;LATA;FURIOSO;31120;GERAL;15871,2;MAI;2026;05/2026;;
MS;2701140018;MS2701140018;LATA AL 350ML MOEMA;LATA;MOEMA;138873;GERAL;52771,74;MAI;2026;05/2026;;
MS;2701140018;MS2701140018;LATA AL 350ML MOEMA;LATA;MOEMA;163380;GERAL;62084,4;MAI;2026;05/2026;;
MS;2701140018;MS2701140018;LATA AL 350ML MOEMA;LATA;MOEMA;187887;GERAL;71397,06;MAI;2026;05/2026;;
MS;2701140031;MS2701140031;LATA AL 473ML TANGERINA E LIMÃO ZERO;LATA;FURIOSO;112032;GERAL;57136,32;MAI;2026;05/2026;;
MS;2701140018;MS2701140018;LATA AL 350ML MOEMA;LATA;MOEMA;187887;GERAL;71397,06;MAI;2026;05/2026;;
MS;2701140018;MS2701140018;LATA AL 350ML MOEMA;LATA;MOEMA;187887;GERAL;71397,06;MAI;2026;05/2026;;
MS;2701140018;MS2701140018;LATA AL 350ML MOEMA;LATA;MOEMA;187887;GERAL;71397,06;MAI;2026;05/2026;;
MS;2701140018;MS2701140018;LATA AL 350ML MOEMA;LATA;MOEMA;138873;GERAL;52771,74;MAI;2026;05/2026;;
MS;2701140018;MS2701140018;LATA AL 350ML MOEMA;LATA;MOEMA;163380;GERAL;62084,4;MAI;2026;05/2026;;
MS;2701140018;MS2701140018;LATA AL 350ML MOEMA;LATA;MOEMA;187887;GERAL;71397,06;MAI;2026;05/2026;;
MS;2701140018;MS2701140018;LATA AL 350ML MOEMA;LATA;MOEMA;187887;GERAL;71397,06;MAI;2026;05/2026;;
MS;2701140018;MS2701140018;LATA AL 350ML MOEMA;LATA;MOEMA;187887;GERAL;71397,06;MAI;2026;05/2026;;
MS;2701140006;MS2701140006;LATA AL BELA ROMA / 473ML ;LATA;BELLA ROMA;62240;GERAL;31742,400000000001;MAI;2026;05/2026;;
MS;2701140019;MS2701140019;LATA AL 473ML MOEMA;LATA;MOEMA;43568;GERAL;22219,68;MAI;2026;05/2026;;
MS;2701140019;MS2701140019;LATA AL 473ML MOEMA;LATA;MOEMA;124480;GERAL;63484,800000000003;MAI;2026;05/2026;;
MS;2701140006;MS2701140006;LATA AL BELA ROMA / 473ML ;LATA;BELLA ROMA;143152;GERAL;73007,520000000004;MAI;2026;05/2026;;
MS;2701140006;MS2701140006;LATA AL BELA ROMA / 473ML ;LATA;BELLA ROMA;143152;GERAL;73007,520000000004;MAI;2026;05/2026;;
MS;2701140018;MS2701140018;LATA AL 350ML MOEMA;LATA;MOEMA;163380;GERAL;62084,4;MAI;2026;05/2026;;
MS;2701140018;MS2701140018;LATA AL 350ML MOEMA;LATA;MOEMA;138873;GERAL;52771,74;MAI;2026;05/2026;;
MS;2701140018;MS2701140018;LATA AL 350ML MOEMA;LATA;MOEMA;187887;GERAL;71397,06;MAI;2026;05/2026;;
MS;2701140018;MS2701140018;LATA AL 350ML MOEMA;LATA;MOEMA;187887;GERAL;71397,06;MAI;2026;05/2026;;
MS;2701140018;MS2701140018;LATA AL 350ML MOEMA;LATA;MOEMA;187887;GERAL;71397,06;MAI;2026;05/2026;;
MS;2701140018;MS2701140018;LATA AL 350ML MOEMA;LATA;MOEMA;57183;GERAL;21729,54;MAI;2026;05/2026;;
MS;2701140039;MS2701140039;LATA AL 269ML MOEMA;LATA;MOEMA;166320;GERAL;6985,4400000000005;MAI;2026;05/2026;;
MS;2701140003;MS2701140003;LATA AL 355ML BAMBOA LAGER;LATA;BAMBOA;135168;GERAL;58122,239999999998;MAI;2026;05/2026;;
MS;2701140037;MS2701140037;LATA AL 269ML FURIOSO TROPICAL;LATA;FURIOSO;33264;GERAL;1397,0880000000002;MAI;2026;05/2026;;
MS;2701140034;MS2701140034;LATA 269ML FURIOSO MELANCIA ZERO;LATA;FURIOSO;77616;GERAL;3259,8720000000003;MAI;2026;05/2026;;
MS;2701140005;MS2701140005;LATA AL BELA ROMA / 265ML;LATA;BELLA ROMA;88704;GERAL;3725,5680000000002;MAI;2026;05/2026;;
MS;2701140001;MS2701140001;LATA AL 269ML BAMBOA PILSEN;LATA;BAMBOA;55440;GERAL;2328,48;MAI;2026;05/2026;;
MS;2701140035;MS2701140035;LATA AL 269ML FURIOSO;LATA;FURIOSO;22176;GERAL;931,39200000000005;MAI;2026;05/2026;;
MS;2701140036;MS2701140036;LATA AL 269ML FURIOSO ZERO;LATA;FURIOSO;66528;GERAL;2794,1760000000004;MAI;2026;05/2026;;
MS;2701140018;MS2701140018;LATA AL 350ML MOEMA;LATA;MOEMA;187887;GERAL;71397,06;JUN;2026;06/2026;;
MS;2701140018;MS2701140018;LATA AL 350ML MOEMA;LATA;MOEMA;187887;GERAL;71397,06;JUN;2026;06/2026;;
MS;2701140018;MS2701140018;LATA AL 350ML MOEMA;LATA;MOEMA;187887;GERAL;71397,06;JUN;2026;06/2026;;
MS;2701140018;MS2701140018;LATA AL 350ML MOEMA;LATA;MOEMA;187887;GERAL;71397,06;JUN;2026;06/2026;;
MS;2701140018;MS2701140018;LATA AL 350ML MOEMA;LATA;MOEMA;204225;GERAL;77605,5;JUN;2026;06/2026;;
MS;2701140018;MS2701140018;LATA AL 350ML MOEMA;LATA;MOEMA;187887;GERAL;71397,06;JUN;2026;06/2026;;
MS;2701140018;MS2701140018;LATA AL 350ML MOEMA;LATA;MOEMA;138873;GERAL;52771,74;JUN;2026;06/2026;;
MS;2701140018;MS2701140018;LATA AL 350ML MOEMA;LATA;MOEMA;187887;GERAL;71397,06;JUN;2026;06/2026;;
MS;2701140018;MS2701140018;LATA AL 350ML MOEMA;LATA;MOEMA;187887;GERAL;71397,06;JUN;2026;06/2026;;
MS;2701140018;MS2701140018;LATA AL 350ML MOEMA;LATA;MOEMA;163380;GERAL;62084,4;JUN;2026;06/2026;;
MS;2701140018;MS2701140018;LATA AL 350ML MOEMA;LATA;MOEMA;187887;GERAL;71397,06;JUN;2026;06/2026;;
MS;2701140018;MS2701140018;LATA AL 350ML MOEMA;LATA;MOEMA;187887;GERAL;71397,06;JUN;2026;06/2026;;
MS;2701140018;MS2701140018;LATA AL 350ML MOEMA;LATA;MOEMA;204225;GERAL;77605,5;JUN;2026;06/2026;;
MS;2701140018;MS2701140018;LATA AL 350ML MOEMA;LATA;MOEMA;204225;GERAL;77605,5;JUN;2026;06/2026;;
MS;2701140020;MS2701140020;LATA AL 350ML COLA;LATA;REFRIKO;187887;GERAL;71397,06;JUN;2026;06/2026;;
MS;2701140006;MS2701140006;LATA AL BELA ROMA / 473ML ;LATA;BELLA ROMA;143152;GERAL;73007,520000000004;JUN;2026;06/2026;;
MS;2701140018;MS2701140018;LATA AL 350ML MOEMA;LATA;MOEMA;187887;GERAL;71397,06;JUN;2026;06/2026;;
MS;2701140030;MS2701140030;LATA AL 350ML UVA DQI1%;LATA;REFRIKO;40845;GERAL;15521,1;JUN;2026;06/2026;;
MS;2701140021;MS2701140021;LATA AL 350ML LARANJA;LATA;REFRIKO;40845;GERAL;15521,1;JUN;2026;06/2026;;
MS;2701140025;MS2701140025;LATA AL 350ML GUARANA;LATA;REFRIKO;24507;GERAL;9312,66;JUN;2026;06/2026;;
MS;2701140025;MS2701140025;LATA AL 350ML GUARANA;LATA;REFRIKO;163380;GERAL;62084,4;JUN;2026;06/2026;;
MS;2701140006;MS2701140006;LATA AL BELA ROMA / 473ML ;LATA;BELLA ROMA;24896;GERAL;12696,960000000001;JUN;2026;06/2026;;
MS;2701140006;MS2701140006;LATA AL BELA ROMA / 473ML ;LATA;BELLA ROMA;143152;GERAL;73007,520000000004;JUN;2026;06/2026;;
MS;2701140018;MS2701140018;LATA AL 350ML MOEMA;LATA;MOEMA;204225;GERAL;77605,5;JUN;2026;06/2026;;
MS;2701140018;MS2701140018;LATA AL 350ML MOEMA;LATA;MOEMA;204225;GERAL;77605,5;JUN;2026;06/2026;;
MS;2701140024;MS2701140024;LATA CER MOEMA PILSEN ARGENTINA 473ML                      ;LATA;MOEMA;143152;GERAL;75169,1152;JUN;2026;06/2026;;
MS;2701140024;MS2701140024;LATA CER MOEMA PILSEN ARGENTINA 473ML                      ;LATA;MOEMA;143152;GERAL;75169,1152;JUN;2026;06/2026;;
MS;2701140015;MS2701140015;LATA AL 473ML FURIOSO MELANCIA E MORANGO;LATA;FURIOSO;74688;GERAL;38090,879999999997;JUN;2026;06/2026;;
MS;2701140026;MS2701140026;LATA AL 473ML FURIOSO;LATA;FURIOSO;87136;GERAL;44439,360000000001;JUN;2026;06/2026;;
MS;2701140016;MS2701140016;LATA 473ML FURIOSO MELAO;LATA;FURIOSO;49792;GERAL;25393,920000000002;JUN;2026;06/2026;;
MS;2701140016;MS2701140016;LATA 473ML FURIOSO MELAO;LATA;FURIOSO;18672;GERAL;9522,7199999999993;JUN;2026;06/2026;;
MS;2701140006;MS2701140006;LATA AL BELA ROMA / 473ML ;LATA;BELLA ROMA;143152;GERAL;73007,520000000004;JUN;2026;06/2026;;
MS;2701140006;MS2701140006;LATA AL BELA ROMA / 473ML ;LATA;BELLA ROMA;143152;GERAL;73007,520000000004;JUN;2026;06/2026;;
MS;2701140006;MS2701140006;LATA AL BELA ROMA / 473ML ;LATA;BELLA ROMA;31120;GERAL;15871,2;JUN;2026;06/2026;;
MS;2701140018;MS2701140018;LATA AL 350ML MOEMA;LATA;MOEMA;204225;GERAL;77605,5;JUN;2026;06/2026;;
MS;2701140018;MS2701140018;LATA AL 350ML MOEMA;LATA;MOEMA;204225;GERAL;77605,5;JUN;2026;06/2026;;
MS;2701140018;MS2701140018;LATA AL 350ML MOEMA;LATA;MOEMA;204225;GERAL;77605,5;JUN;2026;06/2026;;
MS;2701140018;MS2701140018;LATA AL 350ML MOEMA;LATA;MOEMA;204225;GERAL;77605,5;JUN;2026;06/2026;;
MS;2701140044;MS2701140044;LATA AL 473ML UVA VERDE E PESSEGO;LATA;FURIOSO;56016;GERAL;28568,16;JUN;2026;06/2026;;
MS;2701140031;MS2701140031;LATA AL 473ML TANGERINA E LIMÃO ZERO;LATA;FURIOSO;87136;GERAL;44439,360000000001;JUN;2026;06/2026;;
MS;2701140015;MS2701140015;LATA AL 473ML FURIOSO MELANCIA E MORANGO;LATA;FURIOSO;49792;GERAL;25393,920000000002;JUN;2026;06/2026;;
MS;2701140027;MS2701140027;LATA AL 473 ML FURIOSO ZERO;LATA;FURIOSO;6224;GERAL;3174,2400000000002;JUN;2026;06/2026;;
MS;2701140027;MS2701140027;LATA AL 473 ML FURIOSO ZERO;LATA;FURIOSO;68464;GERAL;34916,639999999999;JUN;2026;06/2026;;
MS;2701140028;MS2701140028;LATA AL 473ML MORANGO E MELANCIA ZERO;LATA;FURIOSO;43568;GERAL;22219,68;JUN;2026;06/2026;;
MS;2701140028;MS2701140028;LATA AL 473ML MORANGO E MELANCIA ZERO;LATA;FURIOSO;43568;GERAL;22219,68;JUN;2026;06/2026;;
MS;2701140016;MS2701140016;LATA 473ML FURIOSO MELAO;LATA;FURIOSO;43568;GERAL;22219,68;JUN;2026;06/2026;;
MS;2701140018;MS2701140018;LATA AL 350ML MOEMA;LATA;MOEMA;204225;GERAL;77605,5;JUN;2026;06/2026;;
MS;2701140018;MS2701140018;LATA AL 350ML MOEMA;LATA;MOEMA;204225;GERAL;77605,5;JUN;2026;06/2026;;
MS;2701140018;MS2701140018;LATA AL 350ML MOEMA;LATA;MOEMA;204225;GERAL;77605,5;JUN;2026;06/2026;;
MS;2701140018;MS2701140018;LATA AL 350ML MOEMA;LATA;MOEMA;138873;GERAL;52771,74;JUN;2026;06/2026;;
MS;2701140018;MS2701140018;LATA AL 350ML MOEMA;LATA;MOEMA;163380;GERAL;62084,4;JUN;2026;06/2026;;
MS;2701140018;MS2701140018;LATA AL 350ML MOEMA;LATA;MOEMA;204225;GERAL;77605,5;JUN;2026;06/2026;;
MS;2701140018;MS2701140018;LATA AL 350ML MOEMA;LATA;MOEMA;204225;GERAL;77605,5;JUN;2026;06/2026;;
MS;2701140018;MS2701140018;LATA AL 350ML MOEMA;LATA;MOEMA;204225;GERAL;77605,5;JUN;2026;06/2026;;
MS;2701140006;MS2701140006;LATA AL BELA ROMA / 473ML ;LATA;BELLA ROMA;143152;GERAL;73007,520000000004;JUN;2026;06/2026;;
MS;2701140006;MS2701140006;LATA AL BELA ROMA / 473ML ;LATA;BELLA ROMA;37344;GERAL;19045,439999999999;JUN;2026;06/2026;;
MS;2701140019;MS2701140019;LATA AL 473ML MOEMA;LATA;MOEMA;105808;GERAL;53962,080000000002;JUN;2026;06/2026;;
MS;2701140019;MS2701140019;LATA AL 473ML MOEMA;LATA;MOEMA;143152;GERAL;73007,520000000004;JUN;2026;06/2026;;
MS;2701140018;MS2701140018;LATA AL 350ML MOEMA;LATA;MOEMA;187887;GERAL;71397,06;JUN;2026;06/2026;;
MS;2701140018;MS2701140018;LATA AL 350ML MOEMA;LATA;MOEMA;187887;GERAL;71397,06;JUN;2026;06/2026;;
MS;2701140018;MS2701140018;LATA AL 350ML MOEMA;LATA;MOEMA;187887;GERAL;71397,06;JUN;2026;06/2026;;
MS;2701140018;MS2701140018;LATA AL 350ML MOEMA;LATA;MOEMA;138873;GERAL;52771,74;JUN;2026;06/2026;;
MS;2701140018;MS2701140018;LATA AL 350ML MOEMA;LATA;MOEMA;163380;GERAL;62084,4;JUN;2026;06/2026;;
MS;2701140018;MS2701140018;LATA AL 350ML MOEMA;LATA;MOEMA;187887;GERAL;71397,06;JUN;2026;06/2026;;
MS;2701140018;MS2701140018;LATA AL 350ML MOEMA;LATA;MOEMA;204225;GERAL;77605,5;JUL;2026;07/2026;;
MS;2701140018;MS2701140018;LATA AL 350ML MOEMA;LATA;MOEMA;204225;GERAL;77605,5;JUL;2026;07/2026;;
MS;2701140018;MS2701140018;LATA AL 350ML MOEMA;LATA;MOEMA;204225;GERAL;77605,5;JUL;2026;07/2026;;
MS;2701140018;MS2701140018;LATA AL 350ML MOEMA;LATA;MOEMA;204225;GERAL;77605,5;JUL;2026;07/2026;;
MS;2701140018;MS2701140018;LATA AL 350ML MOEMA;LATA;MOEMA;204225;GERAL;77605,5;JUL;2026;07/2026;;
MS;2701140018;MS2701140018;LATA AL 350ML MOEMA;LATA;MOEMA;204225;GERAL;77605,5;JUL;2026;07/2026;;
MS;2701140018;MS2701140018;LATA AL 350ML MOEMA;LATA;MOEMA;138873;GERAL;52771,74;JUL;2026;07/2026;;
MS;2701140018;MS2701140018;LATA AL 350ML MOEMA;LATA;MOEMA;163380;GERAL;62084,4;JUL;2026;07/2026;;
MS;2701140018;MS2701140018;LATA AL 350ML MOEMA;LATA;MOEMA;204225;GERAL;77605,5;JUL;2026;07/2026;;
MS;2701140018;MS2701140018;LATA AL 350ML MOEMA;LATA;MOEMA;204225;GERAL;77605,5;JUL;2026;07/2026;;
MS;2701140017;MS2701140017;LATA 473ML FURIOSO TROPICAL;LATA;FURIOSO;56016;GERAL;28568,16;JUL;2026;07/2026;;
MS;2701140026;MS2701140026;LATA AL 473ML FURIOSO;LATA;FURIOSO;87136;GERAL;44439,360000000001;JUL;2026;07/2026;;
MS;2701140006;MS2701140006;LATA AL BELA ROMA / 473ML ;LATA;BELLA ROMA;124480;GERAL;63484,800000000003;JUL;2026;07/2026;;
MS;2701140006;MS2701140006;LATA AL BELA ROMA / 473ML ;LATA;BELLA ROMA;105808;GERAL;53962,080000000002;JUL;2026;07/2026;;
MS;2701140018;MS2701140018;LATA AL 350ML MOEMA;LATA;MOEMA;187887;GERAL;71397,06;JUL;2026;07/2026;;
MS;2701140018;MS2701140018;LATA AL 350ML MOEMA;LATA;MOEMA;187887;GERAL;71397,06;JUL;2026;07/2026;;
MS;2701140018;MS2701140018;LATA AL 350ML MOEMA;LATA;MOEMA;204225;GERAL;77605,5;JUL;2026;07/2026;;
MS;2701140018;MS2701140018;LATA AL 350ML MOEMA;LATA;MOEMA;204225;GERAL;77605,5;JUL;2026;07/2026;;
MS;2701140018;MS2701140018;LATA AL 350ML MOEMA;LATA;MOEMA;204225;GERAL;77605,5;JUL;2026;07/2026;;
MS;2701140006;MS2701140006;LATA AL BELA ROMA / 473ML ;LATA;BELLA ROMA;112032;GERAL;57136,32;JUL;2026;07/2026;;
MS;2701140026;MS2701140026;LATA AL 473ML FURIOSO;LATA;FURIOSO;31120;GERAL;15871,2;JUL;2026;07/2026;;
MS;2701140018;MS2701140018;LATA AL 350ML MOEMA;LATA;MOEMA;204225;GERAL;77605,5;JUL;2026;07/2026;;
MS;2701140018;MS2701140018;LATA AL 350ML MOEMA;LATA;MOEMA;204225;GERAL;77605,5;JUL;2026;07/2026;;
MS;2701140018;MS2701140018;LATA AL 350ML MOEMA;LATA;MOEMA;187887;GERAL;71397,06;JUL;2026;07/2026;;
MS;2701140018;MS2701140018;LATA AL 350ML MOEMA;LATA;MOEMA;187887;GERAL;71397,06;JUL;2026;07/2026;;
MS;2701140018;MS2701140018;LATA AL 350ML MOEMA;LATA;MOEMA;138873;GERAL;52771,74;JUL;2026;07/2026;;
MS;2701140018;MS2701140018;LATA AL 350ML MOEMA;LATA;MOEMA;163380;GERAL;62084,4;JUL;2026;07/2026;;
MS;2701140018;MS2701140018;LATA AL 350ML MOEMA;LATA;MOEMA;204225;GERAL;77605,5;JUL;2026;07/2026;;
MS;2701140018;MS2701140018;LATA AL 350ML MOEMA;LATA;MOEMA;204225;GERAL;77605,5;JUL;2026;07/2026;;
MS;2701140018;MS2701140018;LATA AL 350ML MOEMA;LATA;MOEMA;204225;GERAL;77605,5;JUL;2026;07/2026;;
MS;2701140018;MS2701140018;LATA AL 350ML MOEMA;LATA;MOEMA;204225;GERAL;77605,5;JUL;2026;07/2026;;
MS;2701140006;MS2701140006;LATA AL BELA ROMA / 473ML ;LATA;BELLA ROMA;124480;GERAL;63484,800000000003;JUL;2026;07/2026;;
MS;2701140020;MS2701140020;LATA AL 350ML COLA;LATA;REFRIKO;98028;GERAL;37250,639999999999;JUL;2026;07/2026;;
MS;2701140039;MS2701140039;LATA AL 269ML MOEMA;LATA;MOEMA;55440;GERAL;2328,48;JUL;2026;07/2026;;
MS;2701140006;MS2701140006;LATA AL BELA ROMA / 473ML ;LATA;BELLA ROMA;37344;GERAL;19045,439999999999;JUL;2026;07/2026;;
MS;2701140018;MS2701140018;LATA AL 350ML MOEMA;LATA;MOEMA;187887;GERAL;71397,06;JUL;2026;07/2026;;
MS;2701140006;MS2701140006;LATA AL BELA ROMA / 473ML ;LATA;BELLA ROMA;105808;GERAL;53962,080000000002;JUL;2026;07/2026;;
MS;2701140006;MS2701140006;LATA AL BELA ROMA / 473ML ;LATA;BELLA ROMA;143152;GERAL;73007,520000000004;JUL;2026;07/2026;;
MS;2701140018;MS2701140018;LATA AL 350ML MOEMA;LATA;MOEMA;204225;GERAL;77605,5;JUL;2026;07/2026;;
MS;2701140018;MS2701140018;LATA AL 350ML MOEMA;LATA;MOEMA;106197;GERAL;40354,86;JUL;2026;07/2026;;
MS;2701140030;MS2701140030;LATA AL 350ML UVA DQI1%;LATA;REFRIKO;32676;GERAL;12416,880000000001;JUL;2026;07/2026;;
MS;2701140030;MS2701140030;LATA AL 350ML UVA DQI1%;LATA;REFRIKO;65352;GERAL;24833,760000000002;JUL;2026;07/2026;;
MS;2701140025;MS2701140025;LATA AL 350ML GUARANA;LATA;REFRIKO;98028;GERAL;37250,639999999999;JUL;2026;07/2026;;
MS;2701140018;MS2701140018;LATA AL 350ML MOEMA;LATA;MOEMA;204225;GERAL;77605,5;JUL;2026;07/2026;;
MS;2701140018;MS2701140018;LATA AL 350ML MOEMA;LATA;MOEMA;204225;GERAL;77605,5;JUL;2026;07/2026;;
MS;2701140018;MS2701140018;LATA AL 350ML MOEMA;LATA;MOEMA;196056;GERAL;74501,279999999999;JUL;2026;07/2026;;
MS;2701140046;MS2701140046;LATA DE ALUMINIO LISA 350ML                           ;LATA;MOEMA;7391;GERAL;310,42200000000003;JUL;2026;07/2026;;
MS;2701140018;MS2701140018;LATA AL 350ML MOEMA;LATA;MOEMA;204225;GERAL;77605,5;JUL;2026;07/2026;;
MS;2701140018;MS2701140018;LATA AL 350ML MOEMA;LATA;MOEMA;204225;GERAL;77605,5;JUL;2026;07/2026;;
MS;2701140003;MS2701140003;LATA AL 355ML BAMBOA LAGER;LATA;BAMBOA;211200;GERAL;90816;JUL;2026;07/2026;;
MS;2701140003;MS2701140003;LATA AL 355ML BAMBOA LAGER;LATA;BAMBOA;211200;GERAL;90816;JUL;2026;07/2026;;
MS;2701140018;MS2701140018;LATA AL 350ML MOEMA;LATA;MOEMA;204225;GERAL;77605,5;JUL;2026;07/2026;;
MS;2701140018;MS2701140018;LATA AL 350ML MOEMA;LATA;MOEMA;204225;GERAL;77605,5;JUL;2026;07/2026;;
MS;2701140018;MS2701140018;LATA AL 350ML MOEMA;LATA;MOEMA;187887;GERAL;71397,06;JUL;2026;07/2026;;
MS;2701140018;MS2701140018;LATA AL 350ML MOEMA;LATA;MOEMA;163380;GERAL;62084,4;JUL;2026;07/2026;;
MS;2701140019;MS2701140019;LATA AL 473ML MOEMA;LATA;MOEMA;74688;GERAL;38090,879999999997;JUL;2026;07/2026;;
MS;2701140018;MS2701140018;LATA AL 350ML MOEMA;LATA;MOEMA;89859;GERAL;34146,42;JUL;2026;07/2026;;
MS;2701140018;MS2701140018;LATA AL 350ML MOEMA;LATA;MOEMA;138873;GERAL;52771,74;JUL;2026;07/2026;;
MS;2701140018;MS2701140018;LATA AL 350ML MOEMA;LATA;MOEMA;98028;GERAL;37250,639999999999;JUL;2026;07/2026;;
MS;2701140024;MS2701140024;LATA CER MOEMA PILSEN ARGENTINA 473ML                      ;LATA;MOEMA;68464;GERAL;35950,446400000001;JUL;2026;07/2026;;
MS;2701140018;MS2701140018;LATA AL 350ML MOEMA;LATA;MOEMA;204225;GERAL;77605,5;JUL;2026;07/2026;;
MS;2701140018;MS2701140018;LATA AL 350ML MOEMA;LATA;MOEMA;204225;GERAL;77605,5;JUL;2026;07/2026;;
MS;2701140018;MS2701140018;LATA AL 350ML MOEMA;LATA;MOEMA;204225;GERAL;77605,5;JUL;2026;07/2026;;
MS;2701140018;MS2701140018;LATA AL 350ML MOEMA;LATA;MOEMA;204225;GERAL;77605,5;JUL;2026;07/2026;;
MS;2701140018;MS2701140018;LATA AL 350ML MOEMA;LATA;MOEMA;204225;GERAL;77605,5;JUL;2026;07/2026;;
MS;2701140018;MS2701140018;LATA AL 350ML MOEMA;LATA;MOEMA;204225;GERAL;77605,5;JUL;2026;07/2026;;
MS;2701140018;MS2701140018;LATA AL 350ML MOEMA;LATA;MOEMA;204225;GERAL;77605,5;JUL;2026;07/2026;;
MS;2701140018;MS2701140018;LATA AL 350ML MOEMA;LATA;MOEMA;204225;GERAL;77605,5;JUL;2026;07/2026;;
MS;2701140018;MS2701140018;LATA AL 350ML MOEMA;LATA;MOEMA;204225;GERAL;77605,5;JUL;2026;07/2026;;
MS;2701140018;MS2701140018;LATA AL 350ML MOEMA;LATA;MOEMA;204225;GERAL;77605,5;JUL;2026;07/2026;;
MS;2701140018;MS2701140018;LATA AL 350ML MOEMA;LATA;MOEMA;204225;GERAL;77605,5;JUL;2026;07/2026;;
MS;2701140018;MS2701140018;LATA AL 350ML MOEMA;LATA;MOEMA;204225;GERAL;77605,5;JUL;2026;07/2026;;
MS;2701140018;MS2701140018;LATA AL 350ML MOEMA;LATA;MOEMA;204225;GERAL;77605,5;JUL;2026;07/2026;;
MS;2701140018;MS2701140018;LATA AL 350ML MOEMA;LATA;MOEMA;204225;GERAL;77605,5;JUL;2026;07/2026;;
MS;2701140018;MS2701140018;LATA AL 350ML MOEMA;LATA;MOEMA;187887;GERAL;71397,06;JUL;2026;07/2026;;
MS;2701080001;MS2701080001;ACUCAR CRISTAL;AÇUCAR;XAROPARIA;155376;GERAL;285891,84000000003;JAN;2026;01/2026;;
PR;2701080001;PR2701080001;ACUCAR CRISTAL;AÇUCAR;XAROPARIA;209424;GERAL;385340,16000000003;JAN;2026;01/2026;;
MS;2701080001;MS2701080001;ACUCAR CRISTAL;AÇUCAR;XAROPARIA;296800;GERAL;546112;FEV;2026;02/2026;;
PR;2701080001;PR2701080001;ACUCAR CRISTAL;AÇUCAR;XAROPARIA;148000;GERAL;272320;FEV;2026;02/2026;;
MS;2701080001;MS2701080001;ACUCAR CRISTAL;AÇUCAR;XAROPARIA;167800;GERAL;308752;MAR;2026;03/2026;;
PR;2701080001;PR2701080001;ACUCAR CRISTAL;AÇUCAR;XAROPARIA;333800;GERAL;614192;MAR;2026;03/2026;;
MS;2701080001;MS2701080001;ACUCAR CRISTAL;AÇUCAR;XAROPARIA;156000;GERAL;287040;ABR;2026;04/2026;;
PR;2701080001;PR2701080001;ACUCAR CRISTAL;AÇUCAR;XAROPARIA;279600;GERAL;514464;ABR;2026;04/2026;;
MS;2701080001;MS2701080001;ACUCAR CRISTAL;AÇUCAR;XAROPARIA;218400;GERAL;401856;MAI;2026;05/2026;;
PR;2701080001;PR2701080001;ACUCAR CRISTAL;AÇUCAR;XAROPARIA;386400;GERAL;710976;MAI;2026;05/2026;;
MS;2701170004;MS2701170004;SAQUE THIKARA;AROMA;ENERGÉTICO;2000;SAKERIA&DESTILADOS;9915,5;AGO;2026;08/2026;;
MS;2701080001;MS2701080001;ACUCAR CRISTAL;AÇUCAR;XAROPARIA;189697,2798;GERAL;349042,99475546839;SET;2026;09/2026;;
PR;2701080001;PR2701080001;ACUCAR CRISTAL;AÇUCAR;XAROPARIA;345361,9963;GERAL;635466,07326677302;SET;2026;09/2026;;
PR2;2701080001;PR22701080001;ACUCAR CRISTAL;AÇUCAR;XAROPARIA;192828,8149;GERAL;354805,01946693123;SET;2026;09/2026;;
PR;2701010142;PR2701010142;ROTULO GUARANA 2 LT ZERO;ROTULO;BOPP;100000;TRIA;3549,9999999999995;AGO;2026;08/2026;;
MS;2701190001;MS2701190001;MALTE PILSEN BAG 1000 - BARLEY;CERVEJARIA;MALTE;124806,6;GERAL;410613,71400000004;SET;2026;09/2026;;
PR2;2701190001;PR22701190001;MALTE PILSEN BAG 1000 - BARLEY;CERVEJARIA;MALTE;283695,1;GERAL;1009954,556;SET;2026;09/2026;;
MS;2701190004;MS2701190004;XAROPE DE HIGH MALTOSE 25KG (BREWGILL);CERVEJARIA;OUTROS;83868,4;GERAL;233154,15199999997;SET;2026;09/2026;;
PR2;2701190004;PR22701190004;XAROPE DE HIGH MALTOSE 25KG (BREWGILL);CERVEJARIA;OUTROS;173727,4;GERAL;392623,92399999994;SET;2026;09/2026;;
MS;2701140034;MS2701140034;LATA 269ML FURIOSO MELANCIA ZERO;LATA;FURIOSO;0;GERAL;0;AGO;2026;08/2026;;
MS;2701140016;MS2701140016;LATA 473ML FURIOSO MELAO;LATA;FURIOSO;0;GERAL;0;AGO;2026;08/2026;;
MS;2701140017;MS2701140017;LATA 473ML FURIOSO TROPICAL;LATA;FURIOSO;31120;CROWN;15871,2;AGO;2026;08/2026;;
MS;2701140031;MS2701140031;LATA AL 473ML TANGERINA E LIMÃO ZERO;LATA;FURIOSO;37344;CROWN;19045,439999999999;AGO;2026;08/2026;;
MS;2701140043;MS2701140043;LATA AL 269ML UVA VERDE E PESSEGO;LATA;FURIOSO;0;GERAL;0;AGO;2026;08/2026;;
MS;2701140001;MS2701140001;LATA AL 269ML BAMBOA PILSEN;LATA;BAMBOA;0;GERAL;0;AGO;2026;08/2026;;
PR2;2701140001;PR22701140001;LATA AL 269ML BAMBOA PILSEN;LATA;BAMBOA;0;GERAL;0;AGO;2026;08/2026;;
MS;2701140007;MS2701140007;LATA AL 269ML CAYMAN PILSEN;LATA;CAYMAN;0;GERAL;0;AGO;2026;08/2026;;
PR2;2701140007;PR22701140007;LATA AL 269ML CAYMAN PILSEN;LATA;CAYMAN;0;GERAL;0;AGO;2026;08/2026;;
MS;2701140035;MS2701140035;LATA AL 269ML FURIOSO;LATA;FURIOSO;0;GERAL;0;AGO;2026;08/2026;;
MS;2701140032;MS2701140032;LATA AL 269ML FURIOSO MAÇA E MELÃO;LATA;FURIOSO;0;GERAL;0;AGO;2026;08/2026;;
MS;2701140033;MS2701140033;LATA AL 269ML FURIOSO MELANCIA E MORANGO;LATA;FURIOSO;0;GERAL;0;AGO;2026;08/2026;;
MS;2701140037;MS2701140037;LATA AL 269ML FURIOSO TROPICAL;LATA;FURIOSO;0;GERAL;0;AGO;2026;08/2026;;
MS;2701140036;MS2701140036;LATA AL 269ML FURIOSO ZERO;LATA;FURIOSO;0;GERAL;0;AGO;2026;08/2026;;
MS;2701140039;MS2701140039;LATA AL 269ML MOEMA;LATA;MOEMA;144144;CROWN;6054,0480000000007;AGO;2026;08/2026;;
PR2;2701140039;PR22701140039;LATA AL 269ML MOEMA;LATA;MOEMA;376992;GERAL;15833,664000000001;AGO;2026;08/2026;;
MS;2701140020;MS2701140020;LATA AL 350ML COLA;LATA;REFRIKO;0;GERAL;0;AGO;2026;08/2026;;
MS;2701140025;MS2701140025;LATA AL 350ML GUARANA;LATA;REFRIKO;16338;GERAL;6208,4400000000005;AGO;2026;08/2026;;
MS;2701140021;MS2701140021;LATA AL 350ML LARANJA;LATA;REFRIKO;0;GERAL;0;AGO;2026;08/2026;;
MS;2701140018;MS2701140018;LATA AL 350ML MOEMA;LATA;MOEMA;0;GERAL;0;AGO;2026;08/2026;;
PR2;2701140018;PR22701140018;LATA AL 350ML MOEMA;LATA;MOEMA;4345908;GERAL;1533844,7695199999;AGO;2026;08/2026;;
MS;2701140023;MS2701140023;LATA AL 350ML TUBAINA;LATA;REFRIKO;0;GERAL;0;AGO;2026;08/2026;;
MS;2701140030;MS2701140030;LATA AL 350ML UVA DQI1%;LATA;REFRIKO;0;GERAL;0;AGO;2026;08/2026;;
MS;2701140003;MS2701140003;LATA AL 355ML BAMBOA LAGER;LATA;BAMBOA;0;GERAL;0;AGO;2026;08/2026;;
PR2;2701140003;PR22701140003;LATA AL 355ML BAMBOA LAGER;LATA;BAMBOA;76032;GERAL;32693,759999999998;AGO;2026;08/2026;;
MS;2701140027;MS2701140027;LATA AL 473 ML FURIOSO ZERO;LATA;FURIOSO;56016;CROWN;28568,16;AGO;2026;08/2026;;
MS;2701140028;MS2701140028;LATA AL 473ML MORANGO E MELANCIA ZERO;LATA;FURIOSO;37344;CROWN;19045,439999999999;AGO;2026;08/2026;;
MS;2701140044;MS2701140044;LATA AL 473ML UVA VERDE E PESSEGO;LATA;FURIOSO;93360;CROWN;47613,599999999999;AGO;2026;08/2026;;
MS;2701140004;MS2701140004;LATA AL 473ML BAMBOA PILSEN;LATA;BAMBOA;0;GERAL;0;AGO;2026;08/2026;;
PR2;2701140004;PR22701140004;LATA AL 473ML BAMBOA PILSEN;LATA;BAMBOA;0;GERAL;0;AGO;2026;08/2026;;
MS;2701140026;MS2701140026;LATA AL 473ML FURIOSO;LATA;FURIOSO;199168;CROWN;101575,68000000001;AGO;2026;08/2026;;
MS;2701140015;MS2701140015;LATA AL 473ML FURIOSO MELANCIA E MORANGO;LATA;FURIOSO;0;CROWN;0;AGO;2026;08/2026;;
MS;2701140045;MS2701140045;LATA COQ COWBOYS PESSEGO 350ML;LATA;FURIOSO;98028;CROWN;37250,639999999999;AGO;2026;08/2026;;
MS;2701140047;MS2701140047;LATA FURIOSO LARANJA ULTRA CITRUS ZERO 473ML;LATA;FURIOSO;143152;CROWN;73007,520000000004;AGO;2026;08/2026;;
MS;2701140019;MS2701140019;LATA AL 473ML MOEMA;LATA;MOEMA;423232;CROWN;215848,32000000001;AGO;2026;08/2026;;
PR2;2701140019;PR22701140019;LATA AL 473ML MOEMA;LATA;MOEMA;466800;GERAL;238068;AGO;2026;08/2026;;
MS;2701140005;MS2701140005;LATA AL BELA ROMA / 265ML;LATA;BELLA ROMA;0;GERAL;0;AGO;2026;08/2026;;
PR2;2701140005;PR22701140005;LATA AL BELA ROMA / 265ML;LATA;BELLA ROMA;0;GERAL;0;AGO;2026;08/2026;;
MS;2701140006;MS2701140006;LATA AL BELA ROMA / 473ML ;LATA;BELLA ROMA;703312;CROWN;358689,12;AGO;2026;08/2026;;
PR2;2701140006;PR22701140006;LATA AL BELA ROMA / 473ML ;LATA;BELLA ROMA;0;GERAL;0;AGO;2026;08/2026;;
PR2;2701140040;PR22701140040;LATA CER MOEMA PILSEN URUGUAI 473ML                       ;LATA;MOEMA;0;GERAL;0;AGO;2026;08/2026;;
PR2;2701140024;PR22701140024;LATA CER MOEMA PILSEN ARGENTINA 473ML                      ;LATA;MOEMA;0;GERAL;0;AGO;2026;08/2026;;
MS;2701140040;MS2701140040;LATA CER MOEMA PILSEN URUGUAI 473ML                       ;LATA;MOEMA;0;GERAL;0;AGO;2026;08/2026;;
MS;2701140024;MS2701140024;LATA CER MOEMA PILSEN ARGENTINA 473ML                      ;LATA;MOEMA;0;GERAL;0;AGO;2026;08/2026;;
MS;2701140008;MS2701140008;LATA CER DEL PUERTO 269ML;LATA;PUERTO;0;GERAL;0;AGO;2026;08/2026;;
PR2;2701140008;PR22701140008;LATA CER DEL PUERTO 269ML;LATA;PUERTO;0;GERAL;0;AGO;2026;08/2026;;
MS;2701140014;MS2701140014;LATA CER DEL PUERTO 350ML;LATA;PUERTO;0;GERAL;0;AGO;2026;08/2026;;
PR2;2701140014;PR22701140014;LATA CER DEL PUERTO 350ML;LATA;PUERTO;0;GERAL;0;AGO;2026;08/2026;;
MS;2901140013;MS2901140013;LATA CHOPP DO MARQUES 473ML;LATA;MARQUES;0;GERAL;0;AGO;2026;08/2026;;
PR2;2901140013;PR22901140013;LATA CHOPP DO MARQUES 473ML;LATA;MARQUES;0;GERAL;0;AGO;2026;08/2026;;
MS;2701140046;MS2701140046;LATA DE ALUMINIO LISA 350ML;LATA;MOEMA;0;GERAL;0;AGO;2026;08/2026;;
MS;2701140041;MS2701140041;LATA DE ALUMINIO LISA 269ML;LATA;FURIOSO;0;GERAL;0;AGO;2026;08/2026;;
MS;2701140042;MS2701140042;LATA DE ALUMINIO LISA 473ML;LATA;FURIOSO;0;GERAL;0;AGO;2026;08/2026;;
MS;2701140034;MS2701140034;LATA 269ML FURIOSO MELANCIA ZERO;LATA;FURIOSO;0;GERAL;0;SET;2026;09/2026;;
MS;2701140016;MS2701140016;LATA 473ML FURIOSO MELAO;LATA;FURIOSO;0;GERAL;0;SET;2026;09/2026;;
MS;2701140017;MS2701140017;LATA 473ML FURIOSO TROPICAL;LATA;FURIOSO;71719;GERAL;36576,69;SET;2026;09/2026;;
MS;2701140031;MS2701140031;LATA AL 473ML TANGERINA E LIMÃO ZERO;LATA;FURIOSO;95902;GERAL;48910,020000000004;SET;2026;09/2026;;
MS;2701140043;MS2701140043;LATA AL 269ML UVA VERDE E PESSEGO;LATA;FURIOSO;5665;GERAL;237,93;SET;2026;09/2026;;
MS;2701140001;MS2701140001;LATA AL 269ML BAMBOA PILSEN;LATA;BAMBOA;0;GERAL;0;SET;2026;09/2026;;
PR2;2701140001;PR22701140001;LATA AL 269ML BAMBOA PILSEN;LATA;BAMBOA;0;GERAL;0;SET;2026;09/2026;;
MS;2701140007;MS2701140007;LATA AL 269ML CAYMAN PILSEN;LATA;CAYMAN;0;GERAL;0;SET;2026;09/2026;;
PR2;2701140007;PR22701140007;LATA AL 269ML CAYMAN PILSEN;LATA;CAYMAN;0;GERAL;0;SET;2026;09/2026;;
MS;2701140035;MS2701140035;LATA AL 269ML FURIOSO;LATA;FURIOSO;10621;GERAL;446,08200000000005;SET;2026;09/2026;;
MS;2701140032;MS2701140032;LATA AL 269ML FURIOSO MAÇA E MELÃO;LATA;FURIOSO;0;GERAL;0;SET;2026;09/2026;;
MS;2701140033;MS2701140033;LATA AL 269ML FURIOSO MELANCIA E MORANGO;LATA;FURIOSO;0;GERAL;0;SET;2026;09/2026;;
MS;2701140037;MS2701140037;LATA AL 269ML FURIOSO TROPICAL;LATA;FURIOSO;0;GERAL;0;SET;2026;09/2026;;
MS;2701140036;MS2701140036;LATA AL 269ML FURIOSO ZERO;LATA;FURIOSO;0;GERAL;0;SET;2026;09/2026;;
MS;2701140039;MS2701140039;LATA AL 269ML MOEMA;LATA;MOEMA;408277;GERAL;17147,634000000002;SET;2026;09/2026;;
PR2;2701140039;PR22701140039;LATA AL 269ML MOEMA;LATA;MOEMA;381457;GERAL;16021,194000000001;SET;2026;09/2026;;
MS;2701140020;MS2701140020;LATA AL 350ML COLA;LATA;REFRIKO;0;GERAL;0;SET;2026;09/2026;;
MS;2701140025;MS2701140025;LATA AL 350ML GUARANA;LATA;REFRIKO;0;GERAL;0;SET;2026;09/2026;;
MS;2701140021;MS2701140021;LATA AL 350ML LARANJA;LATA;REFRIKO;19498;GERAL;7409,24;SET;2026;09/2026;;
MS;2701140018;MS2701140018;LATA AL 350ML MOEMA;LATA;MOEMA;294960;GERAL;112084,8;SET;2026;09/2026;;
PR2;2701140018;PR22701140018;LATA AL 350ML MOEMA;LATA;MOEMA;8473771;GERAL;2990732,7367399996;SET;2026;09/2026;;
MS;2701140023;MS2701140023;LATA AL 350ML TUBAINA;LATA;REFRIKO;15887;GERAL;6037,06;SET;2026;09/2026;;
MS;2701140030;MS2701140030;LATA AL 350ML UVA DQI1%;LATA;REFRIKO;0;GERAL;0;SET;2026;09/2026;;
MS;2701140003;MS2701140003;LATA AL 355ML BAMBOA LAGER;LATA;BAMBOA;0;GERAL;0;SET;2026;09/2026;;
PR2;2701140003;PR22701140003;LATA AL 355ML BAMBOA LAGER;LATA;BAMBOA;642445;GERAL;276251,34999999998;SET;2026;09/2026;;
MS;2701140027;MS2701140027;LATA AL 473 ML FURIOSO ZERO;LATA;FURIOSO;97508;GERAL;49729,08;SET;2026;09/2026;;
MS;2701140028;MS2701140028;LATA AL 473ML MORANGO E MELANCIA ZERO;LATA;FURIOSO;50545;GERAL;25777,95;SET;2026;09/2026;;
MS;2701140044;MS2701140044;LATA AL 473ML UVA VERDE E PESSEGO;LATA;FURIOSO;173863;GERAL;88670,13;SET;2026;09/2026;;
MS;2701140004;MS2701140004;LATA AL 473ML BAMBOA PILSEN;LATA;BAMBOA;0;GERAL;0;SET;2026;09/2026;;
PR2;2701140004;PR22701140004;LATA AL 473ML BAMBOA PILSEN;LATA;BAMBOA;0;GERAL;0;SET;2026;09/2026;;
MS;2701140026;MS2701140026;LATA AL 473ML FURIOSO;LATA;FURIOSO;405685;GERAL;206899,35;SET;2026;09/2026;;
MS;2701140015;MS2701140015;LATA AL 473ML FURIOSO MELANCIA E MORANGO;LATA;FURIOSO;49172;GERAL;25077,72;SET;2026;09/2026;;
MS;2701140045;MS2701140045;LATA COQ COWBOYS PESSEGO 350ML;LATA;FURIOSO;206005;GERAL;78281,899999999994;SET;2026;09/2026;;
MS;2701140047;MS2701140047;LATA FURIOSO LARANJA ULTRA CITRUS ZERO 473ML;LATA;FURIOSO;204163;GERAL;104123,13;SET;2026;09/2026;;
MS;2701140019;MS2701140019;LATA AL 473ML MOEMA;LATA;MOEMA;1037871;GERAL;529314,21;SET;2026;09/2026;;
PR2;2701140019;PR22701140019;LATA AL 473ML MOEMA;LATA;MOEMA;560329;GERAL;285767,78999999998;SET;2026;09/2026;;
MS;2701140005;MS2701140005;LATA AL BELA ROMA / 265ML;LATA;BELLA ROMA;21769;GERAL;914,298;SET;2026;09/2026;;
PR2;2701140005;PR22701140005;LATA AL BELA ROMA / 265ML;LATA;BELLA ROMA;0;GERAL;0;SET;2026;09/2026;;
MS;2701140006;MS2701140006;LATA AL BELA ROMA / 473ML ;LATA;BELLA ROMA;1504339;GERAL;767212,89;SET;2026;09/2026;;
PR2;2701140006;PR22701140006;LATA AL BELA ROMA / 473ML ;LATA;BELLA ROMA;0;GERAL;0;SET;2026;09/2026;;
PR2;2701140040;PR22701140040;LATA CER MOEMA PILSEN URUGUAI 473ML                       ;LATA;MOEMA;105601;GERAL;55451,085100000004;SET;2026;09/2026;;
PR2;2701140024;PR22701140024;LATA CER MOEMA PILSEN ARGENTINA 473ML                      ;LATA;MOEMA;316801;GERAL;166352,20509999999;SET;2026;09/2026;;
MS;2701140040;MS2701140040;LATA CER MOEMA PILSEN URUGUAI 473ML                       ;LATA;MOEMA;0;GERAL;0;SET;2026;09/2026;;
MS;2701140024;MS2701140024;LATA CER MOEMA PILSEN ARGENTINA 473ML                      ;LATA;MOEMA;0;GERAL;0;SET;2026;09/2026;;
MS;2701140008;MS2701140008;LATA CER DEL PUERTO 269ML;LATA;PUERTO;0;GERAL;0;SET;2026;09/2026;;
PR2;2701140008;PR22701140008;LATA CER DEL PUERTO 269ML;LATA;PUERTO;0;GERAL;0;SET;2026;09/2026;;
MS;2701140014;MS2701140014;LATA CER DEL PUERTO 350ML;LATA;PUERTO;0;GERAL;0;SET;2026;09/2026;;
PR2;2701140014;PR22701140014;LATA CER DEL PUERTO 350ML;LATA;PUERTO;0;GERAL;0;SET;2026;09/2026;;
MS;2901140013;MS2901140013;LATA CHOPP DO MARQUES 473ML;LATA;MARQUES;0;GERAL;0;SET;2026;09/2026;;
PR2;2901140013;PR22901140013;LATA CHOPP DO MARQUES 473ML;LATA;MARQUES;0;GERAL;0;SET;2026;09/2026;;
MS;2701140046;MS2701140046;LATA DE ALUMINIO LISA 350ML;LATA;MOEMA;0;GERAL;0;SET;2026;09/2026;;
MS;2701140041;MS2701140041;LATA DE ALUMINIO LISA 269ML;LATA;FURIOSO;0;GERAL;0;SET;2026;09/2026;;
MS;2701140042;MS2701140042;LATA DE ALUMINIO LISA 473ML;LATA;FURIOSO;0;GERAL;0;SET;2026;09/2026;;
MS;2701170003;MS2701170003;VINHO DE MESA TINTO SECO GRANEL;VINHO;TANQUE;210000;GERAL;882000;SET;2026;09/2026;;
PR;2801030013;PR2801030013;TAMPA AZUL LISA;TAMPA;PET;151200;GERAL;6551,9496000000008;SET;2026;09/2026;;
PR;2801130003;PR2801130003;AROMA QUININO;AROMA;MALDIVES;10;GERAL;15960;SET;2026;09/2026;;
PR;2801120002;PR2801120002;PREMIX ENERG EMULVIT 8942;CONCENT./KITs;C.ENERGETICO;2000;GERAL;36100;OUT;2026;10/2026;;
MS;2701260003;MS2701260003;LACRE BARRIL MOEMA;LACRE;CHOPP;5000;GERAL;1825;SET;2026;09/2026;;
MS;2701150003;MS2701150003;VASILHAME NOVO 330ML;VASILHAME;LONGNECK;95480;GERAL;84022,399999999994;SET;2026;09/2026;;
MS;2701040057;MS2701040057;SHRINK MOEMA 473ML - 400X0,05;FILME;MOEMA;2000;PATENA;44900;SET;2026;09/2026;;
MS;2701150006;MS2701150006;VASILHAME AMBAR 300ML - LITRINHO;VASILHAME;NORMAL;268620;GERAL;198778,8;SET;2026;09/2026;;
MS;2701090003;MS2701090003;ACIDO LACTICO - IBC;CERVEJARIA;OUTROS;1000;KALIUM;10410;SET;2026;09/2026;;
MS;2701050017;MS2701050017;AROMA IDENTICO AO NATURAL MELANCIA;AROMA;ENERGÉTICO;100;GERAL;3717;SET;2026;09/2026;;
MS;2701090006;MS2701090006;CITRATO DE SODIO;ACID.E CONSERV.;ENERG/DELIRIO;1000;GERAL;8280;SET;2026;09/2026;;
PR2;2701130007;PR22701130007;AROMA EXTRATO GUARANA REFRIKO 28;AROMA;REFRIGERANTE;400;GERAL;13119,999999999998;SET;2026;09/2026;;
PR;2801050006;PR2801050006;AROMA FRUTAS TROPICAIS;AROMA;ENERGÉTICO;300;GERAL;44871;SET;2026;09/2026;;
PR;2801050019;PR2801050019;AROMA IDENTICO AO NATURAL MARACUJA;AROMA;NOCH DEMAIS;100;GERAL;5421;SET;2026;09/2026;;
PR;2701130007;PR2701130007;AROMA EXTRATO GUARANA REFRIKO 28;AROMA;REFRIGERANTE;400;GERAL;13119,999999999998;SET;2026;09/2026;;
PR;2801050021;PR2801050021;AROMA IDENTICO AO NATURAL MELANCIA;AROMA;ENERGÉTICO;300;GERAL;11151;SET;2026;09/2026;;
PR;2801090005;PR2801090005;CITRATO DE SODIO;ACID.E CONSERV.;ENERG/DELIRIO;1000;GERAL;8280;SET;2026;09/2026;;
PR;2801050038;PR2801050038;EMULSAO SABOR CITRUS;EMULSAO;XAROPARIA;12;GERAL;1208,8799999999999;SET;2026;09/2026;;
PR;2801090001;PR2801090001;ACIDO MALICO;ACID.E CONSERV.;NOCH;150;GERAL;1462,5;SET;2026;09/2026;;
MS;2701050018;MS2701050018;EMULSAO LARANJA REFRIKO 98;EMULSAO;XAROPARIA;100;GERAL;3279,9999999999995;OUT;2026;10/2026;;
MS;2701160012;MS2701160012;CX 12X300ML - TUBAINA;CAIXA;TUBAINA;20000;GERAL;33800;OUT;2026;10/2026;;
PA;10100024;PA10100024;CICLAMATO DE SÓDIO ;EDULCORANTE;XAROPARIA;600;PARKER;11922;OUT;2026;10/2026;;
PA;10100006;PA10100006;CITRATO DE SODIO;ACID.E CONSERV.;ENERG/DELIRIO;400;KONKRETA;4148;OUT;2026;10/2026;;
PA;10090295;PA10090295;CONCENTRADO COLA IAB 7729 (NOVO);CONCENT./KITs;KIT COLA;2700;INTERAMERICA;60453;OUT;2026;10/2026;;
PA;10090017;PA10090017;EMULSAO LARANJA REFRIKO 98;EMULSAO;XAROPARIA;800;SAPORITI;28800;OUT;2026;10/2026;;
PA;12030001;PA12030001;FILME STRETCH POLIETILENO 500X0023;FILME;STRETCH;1000;E.P.A;9800;OUT;2026;10/2026;;
PA;11040007;PA11040007;FILME TERMO ENCOLHIVEL 420 X 0,06;FILME;REFR/ENERG.;2000;E.P.A;20700;OUT;2026;10/2026;;
PA;10090290;PA10090290;PREMIX ENERG EMULVIT 8942 ADM;CONCENT./KITs;C.ENERGETICO;500;KONKRETA;13400;OUT;2026;10/2026;;
PA;11080236;PA11080236;ROTULO FURIOSO MELANCIA E MORANGO 2L;ROTULO;SLEEVE-PA;50000;CCL;14366,000000000002;OUT;2026;10/2026;;
PA;11080240;PA11080240;ROTULO FURIOSO TROPICAL 2L;ROTULO;SLEEVE-PA;50000;ALL4LABELL;14366,000000000002;OUT;2026;10/2026;;
PA;10090032;PA10090032;SACARINA SÓDICA;EDULCORANTE;XAROPARIA;100;QUANTIQ;3840;OUT;2026;10/2026;;
PA;11090001;PA11090001;TAMPA LARANJA REFRIKO;TAMPA;PET;504000;RAVIBRAS;23521,68;OUT;2026;10/2026;;
PA;11090034;PA11090034;TAMPA LILAS LISA;TAMPA;PET;504000;RAVIBRAS;23521,68;OUT;2026;10/2026;;
PA;11090031;PA11090031;TAMPA VERMELHA LISA;TAMPA;PET;1344000;RAVIBRAS;62724,480000000003;OUT;2026;10/2026;;
PR2;2701040058;PR22701040058;SHRINK MOEMA 473ML - 790X0,05;FILME;MOEMA;2000;GERAL;44900;SET;2026;09/2026;;
PR2;2701050001;PR22701050001;AROMA NATURAL MOUTHFEEL FASV259 ADM;AROMA;REFRIGERANTE;100;GERAL;16540;OUT;2026;10/2026;;
PR2;2701050018;PR22701050018;EMULSAO LARANJA REFRIKO 98;EMULSAO;XAROPARIA;300;GERAL;9840;OUT;2026;10/2026;;
PR2;2701210002;PR22701210002;SILICA HP 9000;CERVEJARIA;OUTROS;2000;GERAL;72020;OUT;2026;10/2026;;
PR2;2701050023;PR22701050023;PREP ACIDO COLA ;CONCENT./KITs;KIT COLA;350;GERAL;8750;SET;2026;09/2026;;
PR;2701050001;PR2701050001;AROMA NATURAL MOUTHFEEL FASV259 ADM;AROMA;REFRIGERANTE;100;GERAL;16540;OUT;2026;10/2026;;
PR;2701050018;PR2701050018;EMULSAO LARANJA REFRIKO 98;EMULSAO;XAROPARIA;600;GERAL;19680;OUT;2026;10/2026;;
PR;2801010100;PR2801010100;ROTULO FURIOSO 2L;ROTULO;SLEEVE;400000;GERAL;82480;OUT;2026;10/2026;;
PR;2801010098;PR2801010098;ROTULO FURIOSO MELANCIA E MORANGO 2L;ROTULO;SLEEVE;200000;GERAL;41240;OUT;2026;10/2026;;
PR2;2701040040;PR22701040040;FILME TERMOENCOLHIVEL CER DEL P 269ML 350X0,06MM;FILME;PUERTO;2000;GERAL;30000;SET;2026;09/2026;;
PA;10010001;PA10010001;ACUCAR CRISTAL;AÇUCAR;XAROPARIA;300000;GERAL;683376;OUT;2026;10/2026;;
MS;2701040001;MS2701040001;FILME TERMO ENCOLHIVEL 420 X 0,05;FILME;JUJ/TERN;3000;GERAL;63000;NOV;2026;11/2026;;
MS;2701040003;MS2701040003;FILME TERMO ENCOLHÍVEL DE 560X006;FILME;DIVERSOS;4000;GERAL;94000;NOV;2026;11/2026;;
MS;2701040009;MS2701040009;FILME STRETCH POLIETILENO 500X0023;FILME;STRETCH;1600;GERAL;36560;NOV;2026;11/2026;;
PR2;2701040007;PR22701040007;FILME TERMO ENCOLHIVEL 860/0,06 MM;FILME;REFR/ENERG.;1000;GERAL;21000;NOV;2026;11/2026;;
PR2;2701040006;PR22701040006;FILME TERMO ENCOLHIVEL 860/5 MM;FILME;JUJ/TERN;1000;GERAL;14100;NOV;2026;11/2026;;
PR;2701040007;PR2701040007;FILME TERMO ENCOLHIVEL 860/0,06 MM;FILME;REFR/ENERG.;11000;GERAL;259325;NOV;2026;11/2026;;
PR;2701040006;PR2701040006;FILME TERMO ENCOLHIVEL 860/5 MM;FILME;JUJ/TERN;4000;GERAL;94300;NOV;2026;11/2026;;
PR;2701040009;PR2701040009;FILME STRETCH POLIETILENO 500X0023;FILME;STRETCH;4000;GERAL;80000;NOV;2026;11/2026;;
SP;2801040018;SP2801040018;FILME TERMOENCOLHIVEL LISO 390X0,05MM                    ;FILME;ÁGUA 500;6000;GERAL;141450;NOV;2026;11/2026;;
SP;2801040014;SP2801040014;FILME STRETCH POLIETILENO 500X0023;FILME;STRETCH;1000;GERAL;22850;NOV;2026;11/2026;;
PA;11040794;PA11040794;FILME TERMO - 390X0,05;FILME;REFRI;1000;E.P.A;10350;NOV;2026;11/2026;;
PA;12030001;PA12030001;FILME STRETCH POLIETILENO 500X0023;FILME;STRETCH;1000;E.P.A;9800;NOV;2026;11/2026;;
PA;11040793;PA11040793;FILME TERMO - 480X0,06;FILME;REFRI;5000;EPA;51750;NOV;2026;11/2026;;
PA;11040007;PA11040007;FILME TERMO ENCOLHIVEL 420 X 0,06;FILME;REFR/ENERG.;2000;E.P.A;20700;NOV;2026;11/2026;;
PR2;2701020051;PR22701020051;PREFORMA PET 200 ML CRISTAL 12 g ;PREFORMA;REFRIKO 200ML;1432704;ENGEPACK;283600,89139200002;SET;2026;09/2026;;
PR2;2801020035;PR22801020035;PREFORMA PET 200 ML CRISTAL 12 g;PREFORMA;REFRIKO 200ML;247968;ENGEPACK;49084,769664000007;SET;2026;09/2026;;
PR2;2701020097;PR22701020097;PREFORMA PET 200 ML VERDE 12 g ;PREFORMA;REFRIKO 200ML;2066400;ENGEPACK;409039,74720000004;SET;2026;09/2026;;
PR2;2801020053;PR22801020053;PREFORMA PET 200 ML VERDE 12 g;PREFORMA;PET 200 PA;551040;ENGEPACK;109077,26592000001;SET;2026;09/2026;;
PA;11070041;PA11070041;PREFORMA PET 200 ML CRISTAL 12 G;PREFORMA;PET 200 PA;491400;ENVASES;78132,600000000006;SET;2026;09/2026;;
PA;11070048;PA11070048;PREFORMA PET 200 ML VERDE 12 G;PREFORMA;PET 200 PA;257400;ENVASES;40926,6;SET;2026;09/2026;;
SP;2801020042;SP2801020042;PREFORMA 15G CRISTAL;PREFORMA;PET 500 PA;789120;GERAL;174655,9296;SET;2026;09/2026;;
PA;11070046;PA11070046;PREFORMA 18 ou 20,6G CRISTAL;PREFORMA;PET 500 PA;197280;ENVASES;46558,079999999994;SET;2026;09/2026;;
PA;11070047;PA11070047;PREFORMA 18 ou 20,6G VERDE;PREFORMA;PET 500 PA;197280;ENVASES;46558,079999999994;SET;2026;09/2026;;
PR;2701020055;PR2701020055;PREFORMA 18G CRISTAL;PREFORMA;FURIOSO 250ML;1479072;CRISTALPET;379589,03807999997;SET;2026;09/2026;;
SP;2801020041;SP2801020041;PREFORMA 18G CRISTAL 500 ML;PREFORMA;PET 500 PA;986400;GERAL;253149,69599999997;SET;2026;09/2026;;
SP;2801020032;SP2801020032;PREFORMA 31,7G CRISTAL;PREFORMA;ÁGUA 1,5L;158256;GERAL;65798,097119999991;SET;2026;09/2026;;
MS;2701020059;MS2701020059;PREFORMA 41 G CRISTAL;PREFORMA;REFRIKO 2L;51264;CRISTALPET;28466,8992;SET;2026;09/2026;;
PR;2701020059;PR2701020059;PREFORMA 41G CRISTAL;PREFORMA;REFRIKO 2L;297792;CRISTALPET;155209,19039999999;SET;2026;09/2026;;
MS;2701020102;MS2701020102;PREFORMA 41 G VERDE;PREFORMA;REFRIKO 2L;205056;CRISTALPET;82288,972800000003;SET;2026;09/2026;;
PR2;2701020102;PR22701020102;PREFORMA 41 G VERDE;PREFORMA;REFRIKO 2L;469248;CRISTALPET;244572,0576;SET;2026;09/2026;;
PA;11070012;PA11070012;PREFORMA 46,0G CRISTAL OU 45,7 G;PREFORMA;PET 2L PA;292320;CRISTALPET;143236,79999999999;SET;2026;09/2026;;
PA;11070013;PA11070013;PREFORMA 46,0G VERDE OU 45,7 G;PREFORMA;PET 2L PA;141984;BRASPET;69572,160000000003;SET;2026;09/2026;;
PA;11070032;PA11070032;PREFORMA 48GR CRISTAL OU 50,7 G;PREFORMA;PET 2,5L PA;501984;BRASPET;249988,03200000001;SET;2026;09/2026;;
PA;11070033;PA11070033;PREFORMA 48GR VERDE OU 50,7 G;PREFORMA;PET 2,5L PA;326688;BRASPET;162690,62400000001;SET;2026;09/2026;;
MS;2701020075;MS2701020075;PREFORMA PET 46,7GR CRISTAL;PREFORMA;FURIOSO 2L;183744;CRISTALPET;109143,936;SET;2026;09/2026;;
PR;2701020075;PR2701020075;PREFORMA PET 46,7GR CRISTAL ;PREFORMA;FURIOSO 2L;868608;CRISTALPET;597157,57670400001;SET;2026;09/2026;;
PA;10100006;PA10100006;CITRATO DE SODIO;ACID.E CONSERV.;ENERG/DELIRIO;200;KONKRETA;2074;NOV;2026;11/2026;;
PA;10100002;PA10100002;SORBATO DE POTASSIO 25KG;ACID.E CONSERV.;REF/ENER/ROM/DEL;200;KONKRETA;3710;NOV;2026;11/2026;;
PA;10090290;PA10090290;PREMIX ENERG EMULVIT 8942 ADM;CONCENT./KITs;C.ENERGETICO;800;KONKRETA;21440;NOV;2026;11/2026;;
PR;2701010146;PR2701010146;ROTULO REFRIKO LIMÃO DQI1% 200 ML ;ROTULO;BOPP;2000000;GERAL;16000;SET;2026;09/2026;;
PR;2701010131;PR2701010131;ROTULO REFRIKO COLA REDUZIDO 200 ML ;ROTULO;BOPP;2000000;GERAL;16000;SET;2026;09/2026;;
PR;2701010154;PR2701010154;ROTULO REFRIKO UVA DQI1% 200 ML ;ROTULO;BOPP;2000000;GERAL;16000;SET;2026;09/2026;;
PR;2701010149;PR2701010149;ROTULO REFRIKO TUBAÍNA 200 ML ;ROTULO;BOPP;3000000;GERAL;24000;OUT;2026;10/2026;;
PR;2701010137;PR2701010137;ROTULO GUARANA REDUZIDO 200 ML ;ROTULO;BOPP;3000000;GERAL;24000;OUT;2026;10/2026;;
MS;2701010115;MS2701010115;ROTULO ADESIVO BELLA ROMA;ROTULO;ADESIVO;500000;GERAL;70200;SET;2026;09/2026;;
MS;2701040057;MS2701040057;SHRINK MOEMA 473ML - 400X0,05;FILME;MOEMA;2000;GERAL;44900;OUT;2026;10/2026;;
PR2;2701090003;PR22701090003;ACIDO LACTICO - IBC;CERVEJARIA;OUTROS;2000;GERAL;20820;SET;2026;09/2026;;
PR2;2701050020;PR22701050020;EMULSÃO COLA E-0388 ADM (NOVO);EMULSAO;XAROPARIA;70;ADM;26915,7;OUT;2026;10/2026;;
PR;2701040004;PR2701040004;FILME TERMO ENCOLHIVEL 600 MM X 0,04 ;FILME;REFRI;2500;GERAL;35250;OUT;2026;10/2026;;
PR;2701050022;PR2701050022;CONCENTRADO DE GUARANA IAB 7205;AROMA;REFRIGERANTE;1200;GERAL;32604,000000000004;OUT;2026;10/2026;;
PR2;2701050022;PR22701050022;CONCENTRADO DE GUARANA IAB 7205;AROMA;REFRIGERANTE;1400;GERAL;38038;OUT;2026;10/2026;;
PR;2701020055;PR2701020055;PREFORMA 18G CRISTAL;PREFORMA;FURIOSO 250ML;1083264;GERAL;278008,87295999995;SET;2026;09/2026;;
PR;2701020102;PR2701020102;PREFORMA 41G VERDE;PREFORMA;REFRIKO 2L;243648;GERAL;126989,3376;SET;2026;09/2026;;
PR;2701020059;PR2701020059;PREFORMA 41G CRISTAL;PREFORMA;REFRIKO 2L;225600;GERAL;117582,72;SET;2026;09/2026;;
SP;2801020042;SP2801020042;PREFORMA 15G CRISTAL;PREFORMA;PET 500 PA;1025856;GERAL;227052,70848;SET;2026;09/2026;;
MS;2701130009;MS2701130009;SUCO CONCENTRADO DE MACA;SUCO;XAROPARIA;200;GERAL;2400;SET;2026;09/2026;;
PR;2701130009;PR2701130009;SUCO CONCENTRADO DE MACA;SUCO;XAROPARIA;1500;GERAL;18000;SET;2026;09/2026;;
PR;2701130001;PR2701130001;SUCO CONCENTRADO LARANJA;SUCO;XAROPARIA;200;GERAL;2400;SET;2026;09/2026;;
PR;2701090001;PR2701090001;ACIDO ASCORBICO;EDULCORANTE;XAROPARIA;25;GERAL;440,29999999999995;SET;2026;09/2026;;
PR;2701050044;PR2701050044;AROMA NATURAL NOTA MADURA IMCD;AROMA;ENERGÉTICO;25;GERAL;5379;SET;2026;09/2026;;
PR2;2701050044;PR22701050044;AROMA NATURAL NOTA MADURA IMCD;AROMA;ENERGÉTICO;25;GERAL;5379;SET;2026;09/2026;;
PR;2701020051;PR2701020051;PREFORMA PET 200 ML CRISTAL 12 g ;PREFORMA;REFRIKO 200ML;468384;GERAL;92715,676032000003;SET;2026;09/2026;;
PR;2701020097;PR2701020097;PREFORMA PET 200 ML VERDE 12 g ;PREFORMA;REFRIKO 200ML;964320;GERAL;190885,21536;SET;2026;09/2026;;
MS;2701150001;MS2701150001;VASILHAME GINGUALA 970ML;VASILHAME;NORMAL;168960;VIDROPORTO;265267,20000000001;OUT;2026;10/2026;;
MS;2701150004;MS2701150004;VASILHAME OW 600ML (BELLA ROMA);VASILHAME;NORMAL;113400;GERAL;128141,99999999999;SET;2026;09/2026;;
MS;2701150009;MS2701150009;VASILHAME TUBAINA CRISTAL LONGNECK 355ML;VASILHAME;NORMAL;125800;GERAL;66674;SET;2026;09/2026;;
MS;2701150006;MS2701150006;VASILHAME AMBAR 300ML - LITRINHO;VASILHAME;NORMAL;203280;GERAL;150427,20000000001;OUT;2026;10/2026;;
MS;2701150003;MS2701150003;VASILHAME NOVO 330ML;VASILHAME;LONGNECK;95480;GERAL;84022,399999999994;OUT;2026;10/2026;;
MS;2701150004;MS2701150004;VASILHAME OW 600ML (BELLA ROMA);VASILHAME;NORMAL;226800;GERAL;256283,99999999997;OUT;2026;10/2026;;
MS;2701150009;MS2701150009;VASILHAME TUBAINA CRISTAL LONGNECK 355ML;VASILHAME;NORMAL;184800;GERAL;97944;OUT;2026;10/2026;;
MS;2701080001;MS2701080001;ACUCAR CRISTAL;AÇUCAR;XAROPARIA;194638,7373;GERAL;358135,27670601784;OUT;2026;10/2026;;
PR;2701080001;PR2701080001;ACUCAR CRISTAL;AÇUCAR;XAROPARIA;355663,2559;GERAL;654420,39081263775;OUT;2026;10/2026;;
PR2;2701080001;PR22701080001;ACUCAR CRISTAL;AÇUCAR;XAROPARIA;150518,9742;GERAL;276954,91261543689;OUT;2026;10/2026;;
MS;2701190001;MS2701190001;MALTE PILSEN BAG 1000 - BARLEY;CERVEJARIA;MALTE;102506,6;GERAL;337246,71400000004;OUT;2026;10/2026;;
PR2;2701190001;PR22701190001;MALTE PILSEN BAG 1000 - BARLEY;CERVEJARIA;MALTE;262658,9;GERAL;935065,68400000012;OUT;2026;10/2026;;
MS;2701190004;MS2701190004;XAROPE DE HIGH MALTOSE 25KG (BREWGILL);CERVEJARIA;OUTROS;83868,4;GERAL;233154,15199999997;OUT;2026;10/2026;;
PR2;2701190004;PR22701190004;XAROPE DE HIGH MALTOSE 25KG (BREWGILL);CERVEJARIA;OUTROS;185708,6;GERAL;419701,43599999993;OUT;2026;10/2026;;
MS;2701170002;MS2701170002;ETANOL NEUTRO ALCOOL ETILICO POT 96º-IND;ETANOL;TANQUE;90000;GERAL;402660;OUT;2026;10/2026;;
PR;2701170002;PR2701170002;ETANOL NEUTRO ALCOOL ETILICO POT 96º-IND;ETANOL;TANQUE;16000;GERAL;71584;OUT;2026;10/2026;;
PR2;2701030027;PR22701030027;TAMPA - LATA METALICA 350/269/473ML - ISE;TAMPA;LATA;9434880;GERAL;2264371,1999999997;NOV;2026;11/2026;;
MS;2701140029;MS2701140029;TAMPA - LATA 350/269/473ML - B64;TAMPA;LATA;3594240;GERAL;862617,59999999998;NOV;2026;11/2026;;
MS;2701170003;MS2701170003;VINHO DE MESA TINTO SECO GRANEL;VINHO;TANQUE;210000;GERAL;882000;OUT;2026;10/2026;;
MS;2701140034;MS2701140034;LATA 269ML FURIOSO MELANCIA ZERO;LATA;FURIOSO;3810;GERAL;160,02000000000001;OUT;2026;10/2026;;
MS;2701140016;MS2701140016;LATA 473ML FURIOSO MELAO;LATA;FURIOSO;56310;GERAL;28718,100000000002;OUT;2026;10/2026;;
MS;2701140017;MS2701140017;LATA 473ML FURIOSO TROPICAL;LATA;FURIOSO;40434;GERAL;20621,34;OUT;2026;10/2026;;
MS;2701140031;MS2701140031;LATA AL 473ML TANGERINA E LIMÃO ZERO;LATA;FURIOSO;116874;GERAL;59605,74;OUT;2026;10/2026;;
MS;2701140043;MS2701140043;LATA AL 269ML UVA VERDE E PESSEGO;LATA;FURIOSO;30144;GERAL;1266,048;OUT;2026;10/2026;;
MS;2701140001;MS2701140001;LATA AL 269ML BAMBOA PILSEN;LATA;BAMBOA;31068;GERAL;1304,856;OUT;2026;10/2026;;
PR2;2701140001;PR22701140001;LATA AL 269ML BAMBOA PILSEN;LATA;BAMBOA;0;GERAL;0;OUT;2026;10/2026;;
MS;2701140007;MS2701140007;LATA AL 269ML CAYMAN PILSEN;LATA;CAYMAN;0;GERAL;0;OUT;2026;10/2026;;
PR2;2701140007;PR22701140007;LATA AL 269ML CAYMAN PILSEN;LATA;CAYMAN;0;GERAL;0;OUT;2026;10/2026;;
MS;2701140035;MS2701140035;LATA AL 269ML FURIOSO;LATA;FURIOSO;23358;GERAL;981,03600000000006;OUT;2026;10/2026;;
MS;2701140032;MS2701140032;LATA AL 269ML FURIOSO MAÇA E MELÃO;LATA;FURIOSO;2166;GERAL;90,972000000000008;OUT;2026;10/2026;;
MS;2701140033;MS2701140033;LATA AL 269ML FURIOSO MELANCIA E MORANGO;LATA;FURIOSO;2202;GERAL;92,484000000000009;OUT;2026;10/2026;;
MS;2701140037;MS2701140037;LATA AL 269ML FURIOSO TROPICAL;LATA;FURIOSO;2016;GERAL;84,672000000000011;OUT;2026;10/2026;;
MS;2701140036;MS2701140036;LATA AL 269ML FURIOSO ZERO;LATA;FURIOSO;3612;GERAL;151,70400000000001;OUT;2026;10/2026;;
MS;2701140039;MS2701140039;LATA AL 269ML MOEMA;LATA;MOEMA;337908;GERAL;14192,136;OUT;2026;10/2026;;
PR2;2701140039;PR22701140039;LATA AL 269ML MOEMA;LATA;MOEMA;0;GERAL;0;OUT;2026;10/2026;;
MS;2701140020;MS2701140020;LATA AL 350ML COLA;LATA;REFRIKO;21498;GERAL;8169,24;OUT;2026;10/2026;;
MS;2701140025;MS2701140025;LATA AL 350ML GUARANA;LATA;REFRIKO;22932;GERAL;8714,16;OUT;2026;10/2026;;
MS;2701140021;MS2701140021;LATA AL 350ML LARANJA;LATA;REFRIKO;10908;GERAL;4145,04;OUT;2026;10/2026;;
MS;2701140018;MS2701140018;LATA AL 350ML MOEMA;LATA;MOEMA;1156356;GERAL;439415,28;OUT;2026;10/2026;;
PR2;2701140018;PR22701140018;LATA AL 350ML MOEMA;LATA;MOEMA;7224588;GERAL;2549846,0887199999;OUT;2026;10/2026;;
MS;2701140023;MS2701140023;LATA AL 350ML TUBAINA;LATA;REFRIKO;14484;GERAL;5503,92;OUT;2026;10/2026;;
MS;2701140030;MS2701140030;LATA AL 350ML UVA DQI1%;LATA;REFRIKO;9708;GERAL;3689,04;OUT;2026;10/2026;;
MS;2701140003;MS2701140003;LATA AL 355ML BAMBOA LAGER;LATA;BAMBOA;6252;GERAL;2688,36;OUT;2026;10/2026;;
PR2;2701140003;PR22701140003;LATA AL 355ML BAMBOA LAGER;LATA;BAMBOA;441324;GERAL;189769,32;OUT;2026;10/2026;;
MS;2701140027;MS2701140027;LATA AL 473 ML FURIOSO ZERO;LATA;FURIOSO;34128;GERAL;17405,28;OUT;2026;10/2026;;
MS;2701140028;MS2701140028;LATA AL 473ML MORANGO E MELANCIA ZERO;LATA;FURIOSO;79014;GERAL;40297,14;OUT;2026;10/2026;;
MS;2701140044;MS2701140044;LATA AL 473ML UVA VERDE E PESSEGO;LATA;FURIOSO;84000;GERAL;42840;OUT;2026;10/2026;;
MS;2701140004;MS2701140004;LATA AL 473ML BAMBOA PILSEN;LATA;BAMBOA;2508;GERAL;1279,08;OUT;2026;10/2026;;
PR2;2701140004;PR22701140004;LATA AL 473ML BAMBOA PILSEN;LATA;BAMBOA;0;GERAL;0;OUT;2026;10/2026;;
MS;2701140026;MS2701140026;LATA AL 473ML FURIOSO;LATA;FURIOSO;234330;GERAL;119508,3;OUT;2026;10/2026;;
MS;2701140015;MS2701140015;LATA AL 473ML FURIOSO MELANCIA E MORANGO;LATA;FURIOSO;73638;GERAL;37555,379999999997;OUT;2026;10/2026;;
MS;2701140045;MS2701140045;LATA COQ COWBOYS PESSEGO 350ML;LATA;FURIOSO;100002;GERAL;38000,76;OUT;2026;10/2026;;
MS;2701140047;MS2701140047;LATA FURIOSO LARANJA ULTRA CITRUS ZERO 473ML;LATA;FURIOSO;0;GERAL;0;OUT;2026;10/2026;;
MS;2701140019;MS2701140019;LATA AL 473ML MOEMA;LATA;MOEMA;1084464;GERAL;553076,64;OUT;2026;10/2026;;
PR2;2701140019;PR22701140019;LATA AL 473ML MOEMA;LATA;MOEMA;104016;GERAL;53048,160000000003;OUT;2026;10/2026;;
MS;2701140005;MS2701140005;LATA AL BELA ROMA / 265ML;LATA;BELLA ROMA;47712;GERAL;2003,9040000000002;OUT;2026;10/2026;;
PR2;2701140005;PR22701140005;LATA AL BELA ROMA / 265ML;LATA;BELLA ROMA;0;GERAL;0;OUT;2026;10/2026;;
MS;2701140006;MS2701140006;LATA AL BELA ROMA / 473ML ;LATA;BELLA ROMA;1105488;GERAL;563798,88;OUT;2026;10/2026;;
PR2;2701140006;PR22701140006;LATA AL BELA ROMA / 473ML ;LATA;BELLA ROMA;0;GERAL;0;OUT;2026;10/2026;;
PR2;2701140040;PR22701140040;LATA CER MOEMA PILSEN URUGUAI 473ML                       ;LATA;MOEMA;0;GERAL;0;OUT;2026;10/2026;;
PR2;2701140024;PR22701140024;LATA CER MOEMA PILSEN ARGENTINA 473ML                      ;LATA;MOEMA;316800;GERAL;166351,67999999999;OUT;2026;10/2026;;
MS;2701140040;MS2701140040;LATA CER MOEMA PILSEN URUGUAI 473ML                       ;LATA;MOEMA;0;GERAL;0;OUT;2026;10/2026;;
MS;2701140024;MS2701140024;LATA CER MOEMA PILSEN ARGENTINA 473ML                      ;LATA;MOEMA;0;GERAL;0;OUT;2026;10/2026;;
MS;2701140008;MS2701140008;LATA CER DEL PUERTO 269ML;LATA;PUERTO;0;GERAL;0;OUT;2026;10/2026;;
PR2;2701140008;PR22701140008;LATA CER DEL PUERTO 269ML;LATA;PUERTO;0;GERAL;0;OUT;2026;10/2026;;
MS;2701140014;MS2701140014;LATA CER DEL PUERTO 350ML;LATA;PUERTO;0;GERAL;0;OUT;2026;10/2026;;
PR2;2701140014;PR22701140014;LATA CER DEL PUERTO 350ML;LATA;PUERTO;0;GERAL;0;OUT;2026;10/2026;;
MS;2901140013;MS2901140013;LATA CHOPP DO MARQUES 473ML;LATA;MARQUES;0;GERAL;0;OUT;2026;10/2026;;
PR2;2901140013;PR22901140013;LATA CHOPP DO MARQUES 473ML;LATA;MARQUES;0;GERAL;0;OUT;2026;10/2026;;
MS;2701140046;MS2701140046;LATA DE ALUMINIO LISA 350ML;LATA;MOEMA;0;GERAL;0;OUT;2026;10/2026;;
MS;2701140041;MS2701140041;LATA DE ALUMINIO LISA 269ML;LATA;FURIOSO;0;GERAL;0;OUT;2026;10/2026;;
MS;2701140042;MS2701140042;LATA DE ALUMINIO LISA 473ML;LATA;FURIOSO;0;GERAL;0;OUT;2026;10/2026;;
MS;2701030051;MS2701030051;TAMPA METALICA TWISTOF PRATA ROMA;TAMPA;VIDRO NAC;500000;GERAL;24750;SET;2026;09/2026;;
MS;2701030052;MS2701030052;TAMPA METALICA TWISTOF DOURADA ROMA;TAMPA;VIDRO NAC;500000;GERAL;24750;SET;2026;09/2026;;
MS;2701010201;MS2701010201;ROTULO ADESIVO CER ROMA PURO MALTE 350 ML;ROTULO;ADESIVO;300000;GERAL;42120;SET;2026;09/2026;;
MS;2701010202;MS2701010202;ROTULO ADESIVO CER ROMA ULTRA 350 ML;ROTULO;ADESIVO;300000;GERAL;42120;SET;2026;09/2026;;
MS;2701010203;MS2701010203;CONTRA ROTULO ADESIVO CER ROMA PURO MALTE 350 ML;ROTULO;ADESIVO;300000;GERAL;42120;SET;2026;09/2026;;
MS;2701010204;MS2701010204;CONTRA ROTULO ADESIVO CER ROMA ULTRA 350 ML;ROTULO;ADESIVO;300000;GERAL;42120;SET;2026;09/2026;;
MS;2701010205;MS2701010205;GARGALO ADESIVO CER ROMA PURO MALTE 350 ML;ROTULO;ADESIVO;300000;GERAL;42120;SET;2026;09/2026;;
MS;2701010206;MS2701010206;GARGALO ADESIVO CER ROMA ULTRA 350 ML;ROTULO;ADESIVO;300000;GERAL;42120;SET;2026;09/2026;;
PR2;2701040037;PR22701040037;FILME TERMOENCOLHIVEL CER ROMA 269ML 480X0,05MM ;FILME;C.ROMA;1000;GERAL;14500;SET;2026;09/2026;;
PR2;2701040038;PR22701040038;FILME TERMOENCOLHIVEL CER ROMA 350ML 560X0,05MM;FILME;C.ROMA;1000;GERAL;14500;SET;2026;09/2026;;
PR2;2701040039;PR22701040039;FILME TERMOENCOLHIVEL CER ROMA 473ML 560X0,05MM;FILME;C.ROMA;1000;GERAL;14500;SET;2026;09/2026;;
PR2;2701040041;PR22701040041;FILME TERMOENCOLHIVEL CER ROMA ULTRA 269ML 480X0,05MM ;FILME;C.ROMA;1000;GERAL;14500;SET;2026;09/2026;;
PR2;2701040042;PR22701040042;FILME TERMOENCOLHIVEL CER ROMA ULTRA 350ML 560X0,05MM;FILME;C.ROMA;1000;GERAL;14500;SET;2026;09/2026;;
MS;2701160016;MS2701160016;CAIXA CER ROMA ULTRA 12X350 ML;CAIXA;CERVEJA;20000;GERAL;36800;SET;2026;09/2026;;
MS;2701160010;MS2701160010;CAIXA CER ROMA PURO MALTE 12X350 ML;CAIXA;CERVEJA;20000;GERAL;36800;SET;2026;09/2026;;
MS;2701050042;MS2701050042;AROMA IDENTICO AO NATURAL CITRUS BRANCO RAI;AROMA;ENERGÉTICO;200;GERAL;12876;SET;2026;09/2026;;
MS;2701050043;MS2701050043;AROMA NATURAL TURVO NEUTRO MATRIX;AROMA;ENERGÉTICO;200;GERAL;17700;SET;2026;09/2026;;
PR2;3002020009;PR23002020009;TERRA CELITE DIATOMITA SPEEDFLOW/STANDARD (VERMELHO);TERRA;CERVEJARIA;7945;GERAL;69916;SET;2026;09/2026;;
PR2;3002020008;PR23002020008;TERRA DIATOMITA 215/FILTER CEL;TERRA;XAROPARIA;454;GERAL;3995,2000000000003;SET;2026;09/2026;;
PR2;3002020011;PR23002020011;TERRA DIATOMITA 341/HYFLOW (AZUL);TERRA;XAROPARIA;227;GERAL;1997,6000000000001;SET;2026;09/2026;;
